/* vaccin covid */
insert into concept(concept_id,retired,short_name,description,datatype_id,class_id,is_set,creator,date_created) 
values (163690,0,'covid_astrazenecaDtd1','Oxford-AstraZeneca Dose 1',8,5,0,0,now()),
       (163691,0,'covid_astrazenecaDtd2','Oxford-AstraZeneca Dose 2',8,5,0,0,now()),
	   (163692,0,'covid_astrazenecaDtd3','Oxford-AstraZeneca Dose 3',8,5,0,0,now()),
	   (163693,0,'covid_astrazenecaDt','Oxford-AstraZeneca date',8,5,0,0,now()),
	   (163694,0,'covid_astrazenecaDose','Oxford-AstraZeneca Dose',3,5,0,0,now()),
	   (163730,0,'covid_astrazenecaLot1','Oxford-AstraZeneca Lot 1',3,5,0,0,now()),
	   (163731,0,'covid_astrazenecaLot2','Oxford-AstraZeneca Lot 2',3,5,0,0,now()),
	   (163732,0,'covid_astrazenecaLot3','Oxford-AstraZeneca Lot 3',3,5,0,0,now()),
	   (163733,0,'covid_astrazenecaLot','Oxford-AstraZeneca Lot',3,5,0,0,now());
insert into concept_name(concept_id,name,short_name,description,locale,creator,date_created)
values (163690,'covid_astrazeneca','covid_astrazenecaDtd1','Vaccin covid 19 Astrazeneca dose 1','fr',0,now()),
       (163690,'covid_astrazeneca','covid_astrazenecaDtd1','Vaccin covid 19 Astrazeneca dose 1','en',0,now()),
	   (163691,'covid_astrazeneca','covid_astrazenecaDtd2','Vaccin covid 19 Astrazeneca dose 2','fr',0,now()),
       (163691,'covid_astrazeneca','covid_astrazenecaDtd2','Vaccin covid 19 Astrazeneca dose 2','en',0,now()),
	   (163692,'covid_astrazeneca','covid_astrazenecaDtd3','Vaccin covid 19 Astrazeneca dose 3','fr',0,now()),
       (163692,'covid_astrazeneca','covid_astrazenecaDtd3','Vaccin covid 19 Astrazeneca dose 3','en',0,now()),
	   (163693,'covid_astrazeneca','covid_astrazenecaDt','Vaccin covid 19 Astrazeneca date','fr',0,now()),
       (163693,'covid_astrazeneca','covid_astrazenecaDt','Vaccin covid 19 Astrazeneca date','en',0,now()),
	   (163694,'covid_astrazeneca','covid_astrazenecaDose','Vaccin covid 19 Astrazeneca dose','fr',0,now()),
       (163694,'covid_astrazeneca','covid_astrazenecaDose','Vaccin covid 19 Astrazeneca dose','en',0,now()),
	   (163730,'covid_astrazenecaLot','covid_astrazenecaLot1','Vaccin astrazeneca Lot 1','en',0,now()),
	   (163730,'covid_astrazenecaLot','covid_astrazenecaLot1','Vaccin astrazeneca Lot 1','fr',0,now()),
	   (163731,'covid_astrazenecaLot','covid_astrazenecaLot2','Vaccin astrazeneca Lot 2','en',0,now()),
	   (163731,'covid_astrazenecaLot','covid_astrazenecaLot2','Vaccin astrazeneca Lot 2','fr',0,now()),
	   (163732,'covid_astrazenecaLot','covid_astrazenecaLot3','Vaccin astrazeneca Lot 3','en',0,now()),
	   (163732,'covid_astrazenecaLot','covid_astrazenecaLot3','Vaccin astrazeneca Lot 3','fr',0,now()),
	   (163733,'covid_astrazenecaLot','covid_astrazenecaLot','Vaccin astrazeneca Lot','en',0,now()),
	   (163733,'covid_astrazenecaLot','covid_astrazenecaLot','Vaccin astrazeneca Lot','fr',0,now());
	   
insert into concept(concept_id,retired,short_name,description,datatype_id,class_id,is_set,creator,date_created) 
values (163695,0,'covid_modernaDtd1','Moderna Dose 1',8,5,0,0,now()),
       (163696,0,'covid_modernaDtd2','Moderna Dose 2',8,5,0,0,now()),
	   (163697,0,'covid_modernaDtd3','Moderna Dose 3',8,5,0,0,now()),
	   (163698,0,'covid_modernaDt','Moderna date',8,5,0,0,now()),
	   (163699,0,'covid_modernaDose','Moderna Dose',3,5,0,0,now()),
	   (163734,0,'covid_modernaLot1','Oxford-AstraZeneca Lot 1',3,5,0,0,now()),
	   (163735,0,'covid_modernaLot2','Oxford-AstraZeneca Lot 2',3,5,0,0,now()),
	   (163736,0,'covid_modernaLot3','Oxford-AstraZeneca Lot 3',3,5,0,0,now()),
	   (163737,0,'covid_modernaLot','Oxford-AstraZeneca Lot',3,5,0,0,now());
insert into concept_name(concept_id,name,short_name,description,locale,creator,date_created)
values (163695,'covid_moderna','covid_modernaDtd1','Vaccin covid 19 Moderna dose 1','fr',0,now()),
       (163695,'covid_moderna','covid_modernaDtd1','Vaccin covid 19 Moderna dose 1','en',0,now()),
	   (163696,'covid_moderna','covid_modernaDtd2','Vaccin covid 19 Moderna dose 2','fr',0,now()),
       (163696,'covid_moderna','covid_modernaDtd2','Vaccin covid 19 Moderna dose 2','en',0,now()),
	   (163697,'covid_moderna','covid_modernaDtd3','Vaccin covid 19 Moderna dose 3','fr',0,now()),
       (163697,'covid_moderna','covid_modernaDtd3','Vaccin covid 19 Moderna dose 3','en',0,now()),
	   (163698,'covid_moderna','covid_modernaDt','Vaccin covid 19 Moderna date','fr',0,now()),
       (163698,'covid_moderna','covid_modernaDt','Vaccin covid 19 Moderna date','en',0,now()),
	   (163699,'covid_moderna','covid_modernaDose','Vaccin covid 19 Moderna dose','fr',0,now()),
       (163699,'covid_moderna','covid_modernaDose','Vaccin covid 19 Moderna dose','en',0,now()),
	   (163734,'covid_modernaLot','covid_modernaLot1','Vaccin moderna Lot 1','en',0,now()),
	   (163734,'covid_modernaLot','covid_modernaLot1','Vaccin moderna Lot 1','fr',0,now()),
	   (163735,'covid_modernaLot','covid_modernaLot2','Vaccin moderna Lot 2','en',0,now()),
	   (163735,'covid_modernaLot','covid_modernaLot2','Vaccin moderna Lot 2','fr',0,now()),
	   (163736,'covid_modernaLot','covid_modernaLot3','Vaccin moderna Lot 3','en',0,now()),
	   (163736,'covid_modernaLot','covid_modernaLot3','Vaccin moderna Lot 3','fr',0,now()),
	   (163737,'covid_modernaLot','covid_modernaLot','Vaccin moderna Lot','en',0,now()),
	   (163737,'covid_modernaLot','covid_modernaLot','Vaccin moderna Lot','fr',0,now());	   
	   
insert into concept(concept_id,retired,short_name,description,datatype_id,class_id,is_set,creator,date_created) 
values (163700,0,'covid_pfizer_biontechDtd1','Pfizer-BioNTech Dose 1',8,5,0,0,now()),
       (163701,0,'covid_pfizer_biontechDtd2','Pfizer-BioNTech Dose 2',8,5,0,0,now()),
	   (163702,0,'covid_pfizer_biontechDtd3','Pfizer-BioNTech Dose 3',8,5,0,0,now()),
	   (163703,0,'covid_pfizer_biontechDt','Pfizer-BioNTech date',8,5,0,0,now()),
	   (163704,0,'covid_pfizer_biontechDose','Pfizer-BioNTech Dose',3,5,0,0,now()),
	   (163738,0,'covid_pfizer_biontechLot1','Oxford-AstraZeneca Lot 1',3,5,0,0,now()),
	   (163739,0,'covid_pfizer_biontechLot2','Oxford-AstraZeneca Lot 2',3,5,0,0,now()),
	   (163740,0,'covid_pfizer_biontechLot3','Oxford-AstraZeneca Lot 3',3,5,0,0,now()),
	   (163741,0,'covid_pfizer_biontechLot','Oxford-AstraZeneca Lot',3,5,0,0,now());	
insert into concept_name(concept_id,name,short_name,description,locale,creator,date_created)
values (163700,'covid_pfizer_biontech','covid_pfizer_biontechDtd1','Vaccin covid 19 Pfizer_Biontech dose 1','fr',0,now()),
       (163700,'covid_pfizer_biontech','covid_pfizer_biontechDtd1','Vaccin covid 19 Pfizer_Biontech dose 1','en',0,now()),
	   (163701,'covid_pfizer_biontech','covid_pfizer_biontechDtd2','Vaccin covid 19 Pfizer_Biontech dose 2','fr',0,now()),
       (163701,'covid_pfizer_biontech','covid_pfizer_biontechDtd2','Vaccin covid 19 Pfizer_Biontech dose 2','en',0,now()),
	   (163702,'covid_pfizer_biontech','covid_pfizer_biontechDtd3','Vaccin covid 19 Pfizer_Biontech dose 3','fr',0,now()),
       (163702,'covid_pfizer_biontech','covid_pfizer_biontechDtd3','Vaccin covid 19 Pfizer_Biontech dose 3','en',0,now()),
	   (163703,'covid_pfizer_biontech','covid_pfizer_biontechDt','Vaccin covid 19 Pfizer_Biontech date','fr',0,now()),
       (163703,'covid_pfizer_biontech','covid_pfizer_biontechDt','Vaccin covid 19 Pfizer_Biontech date','en',0,now()),
	   (163704,'covid_pfizer_biontech','covid_pfizer_biontechDose','Vaccin covid 19 Pfizer_Biontech dose','fr',0,now()),
       (163704,'covid_pfizer_biontech','covid_pfizer_biontechDose','Vaccin covid 19 Pfizer_Biontech dose','en',0,now()),
	   (163738,'covid_pfizer_biontechLot','covid_pfizer_biontechLot1','Vaccin pfizer_biontech Lot 1','en',0,now()),
	   (163738,'covid_pfizer_biontechLot','covid_pfizer_biontechLot1','Vaccin pfizer_biontech Lot 1','fr',0,now()),
	   (163739,'covid_pfizer_biontechLot','covid_pfizer_biontechLot2','Vaccin pfizer_biontech Lot 2','en',0,now()),
	   (163739,'covid_pfizer_biontechLot','covid_pfizer_biontechLot2','Vaccin pfizer_biontech Lot 2','fr',0,now()),
	   (163740,'covid_pfizer_biontechLot','covid_pfizer_biontechLot3','Vaccin pfizer_biontech Lot 3','en',0,now()),
	   (163740,'covid_pfizer_biontechLot','covid_pfizer_biontechLot3','Vaccin pfizer_biontech Lot 3','fr',0,now()),
	   (163741,'covid_pfizer_biontechLot','covid_pfizer_biontechLot','Vaccin pfizer_biontech Lot','en',0,now()),
	   (163741,'covid_pfizer_biontechLot','covid_pfizer_biontechLot','Vaccin pfizer_biontech Lot','fr',0,now());	
	   
insert into concept(concept_id,retired,short_name,description,datatype_id,class_id,is_set,creator,date_created) 
values (163705,0,'covid_gamaleya_sputnickvDtd1','Gamaleya sputnickV Dose 1',8,5,0,0,now()),
       (163706,0,'covid_gamaleya_sputnickvDtd2','Gamaleya sputnickV Dose 2',8,5,0,0,now()),
	   (163707,0,'covid_gamaleya_sputnickvDtd3','Gamaleya sputnickV Dose 3',8,5,0,0,now()),
	   (163708,0,'covid_gamaleya_sputnickvDt','Gamaleya sputnickV date',8,5,0,0,now()),
	   (163709,0,'covid_gamaleya_sputnickvDose','Gamaleya sputnickV Dose',3,5,0,0,now()),
	   (163742,0,'covid_gamaleya_sputnickvLot1','Oxford-AstraZeneca Lot 1',3,5,0,0,now()),
	   (163743,0,'covid_gamaleya_sputnickvLot2','Oxford-AstraZeneca Lot 2',3,5,0,0,now()),
	   (163744,0,'covid_gamaleya_sputnickvLot3','Oxford-AstraZeneca Lot 3',3,5,0,0,now()),
	   (163745,0,'covid_gamaleya_sputnickvLot','Oxford-AstraZeneca Lot',3,5,0,0,now());	
insert into concept_name(concept_id,name,short_name,description,locale,creator,date_created)
values (163705,'covid_gamaleya_sputnickv','covid_gamaleya_sputnickvDtd1','Vaccin covid 19 Gamaleya SputnickV(Russie) dose 1','fr',0,now()),
       (163705,'covid_gamaleya_sputnickv','covid_gamaleya_sputnickvDtd1','Vaccin covid 19 Gamaleya SputnickV(Russie) dose 1','en',0,now()),
	   (163706,'covid_gamaleya_sputnickv','covid_gamaleya_sputnickvDtd2','Vaccin covid 19 Gamaleya SputnickV(Russie) dose 2','fr',0,now()),
       (163706,'covid_gamaleya_sputnickv','covid_gamaleya_sputnickvDtd2','Vaccin covid 19 Gamaleya SputnickV(Russie) dose 2','en',0,now()),
	   (163707,'covid_gamaleya_sputnickv','covid_gamaleya_sputnickvDtd3','Vaccin covid 19 Gamaleya SputnickV(Russie) dose 3','fr',0,now()),
       (163707,'covid_gamaleya_sputnickv','covid_gamaleya_sputnickvDtd3','Vaccin covid 19 Gamaleya SputnickV(Russie) dose 3','en',0,now()),
	   (163708,'covid_gamaleya_sputnickv','covid_gamaleya_sputnickvDt','Vaccin covid 19 Gamaleya SputnickV(Russie) date','fr',0,now()),
       (163708,'covid_gamaleya_sputnickv','covid_gamaleya_sputnickvDt','Vaccin covid 19 Gamaleya SputnickV(Russie) date','en',0,now()),
	   (163709,'covid_gamaleya_sputnickv','covid_gamaleya_sputnickvDose','Vaccin covid 19 Gamaleya SputnickV(Russie) dose','fr',0,now()),
       (163709,'covid_gamaleya_sputnickv','covid_gamaleya_sputnickvDose','Vaccin covid 19 Gamaleya SputnickV(Russie) dose','en',0,now()),
	   (163742,'covid_pfizer_biontechLot','covid_pfizer_biontechLot1','Vaccin pfizer_biontech Lot 1','en',0,now()),
	   (163742,'covid_gamaleya_sputnickvLot','covid_gamaleya_sputnickvLot1','Vaccin gamaleya_sputnickv Lot 1','fr',0,now()),
	   (163743,'covid_gamaleya_sputnickvLot','covid_gamaleya_sputnickvLot2','Vaccin gamaleya_sputnickv Lot 2','en',0,now()),
	   (163743,'covid_gamaleya_sputnickvLot','covid_gamaleya_sputnickvLot2','Vaccin gamaleya_sputnickv Lot 2','fr',0,now()),
	   (163744,'covid_gamaleya_sputnickvLot','covid_gamaleya_sputnickvLot3','Vaccin gamaleya_sputnickv Lot 3','en',0,now()),
	   (163744,'covid_gamaleya_sputnickvLot','covid_gamaleya_sputnickvLot3','Vaccin gamaleya_sputnickv Lot 3','fr',0,now()),
	   (163745,'covid_gamaleya_sputnickvLot','covid_gamaleya_sputnickvLot','Vaccin gamaleya_sputnickv Lot','en',0,now()),
	   (163745,'covid_gamaleya_sputnickvLot','covid_gamaleya_sputnickvLot','Vaccin gamaleya_sputnickv Lot','fr',0,now());
	   
	   
insert into concept(concept_id,retired,short_name,description,datatype_id,class_id,is_set,creator,date_created) 
values (163710,0,'covid_sinovac_sinopharmDtd1','Sinovac Sinopharm Dose 1',8,5,0,0,now()),
       (163711,0,'covid_sinovac_sinopharmDtd2','Sinovac Sinopharm Dose 2',8,5,0,0,now()),
	   (163712,0,'covid_sinovac_sinopharmDtd3','Sinovac Sinopharm Dose 3',8,5,0,0,now()),
	   (163713,0,'covid_sinovac_sinopharmDt','Sinovac Sinopharm date',8,5,0,0,now()),
	   (163714,0,'covid_sinovac_sinopharmDose','Sinovac Sinopharm Dose',3,5,0,0,now()),
	   (163746,0,'covid_sinovac_sinopharmLot1','Oxford-AstraZeneca Lot 1',3,5,0,0,now()),
	   (163747,0,'covid_sinovac_sinopharmLot2','Oxford-AstraZeneca Lot 2',3,5,0,0,now()),
	   (163748,0,'covid_sinovac_sinopharmLot3','Oxford-AstraZeneca Lot 3',3,5,0,0,now()),
	   (163749,0,'covid_sinovac_sinopharmLot','Oxford-AstraZeneca Lot',3,5,0,0,now());	 
insert into concept_name(concept_id,name,short_name,description,locale,creator,date_created)
values (163710,'covid_sinovac_sinopharm','covid_sinovac_sinopharmDtd1','Vaccin covid 19 Sinovac Sinopharm (Chine) dose 1','fr',0,now()),
       (163710,'covid_sinovac_sinopharm','covid_sinovac_sinopharmDtd1','Vaccin covid 19 Sinovac Sinopharm (Chine) dose 1','en',0,now()),
	   (163711,'covid_sinovac_sinopharm','covid_sinovac_sinopharmDtd2','Vaccin covid 19 Sinovac Sinopharm (Chine) dose 2','fr',0,now()),
       (163711,'covid_sinovac_sinopharm','covid_sinovac_sinopharmDtd2','Vaccin covid 19 Sinovac Sinopharm (Chine) dose 2','en',0,now()),
	   (163712,'covid_sinovac_sinopharm','covid_sinovac_sinopharmDtd3','Vaccin covid 19 Sinovac Sinopharm (Chine) dose 3','fr',0,now()),
       (163712,'covid_sinovac_sinopharm','covid_sinovac_sinopharmDtd3','Vaccin covid 19 Sinovac Sinopharm (Chine) dose 3','en',0,now()),
	   (163713,'covid_sinovac_sinopharm','covid_sinovac_sinopharmDt','Vaccin covid 19 Sinovac Sinopharm (Chine) date','fr',0,now()),
       (163713,'covid_sinovac_sinopharm','covid_sinovac_sinopharmDt','Vaccin covid 19 Sinovac Sinopharm (Chine) date','en',0,now()),
	   (163714,'covid_sinovac_sinopharm','covid_sinovac_sinopharmDose','Vaccin covid 19 Sinovac Sinopharm (Chine) dose','fr',0,now()),
       (163714,'covid_sinovac_sinopharm','covid_sinovac_sinopharmDose','Vaccin covid 19 Sinovac Sinopharm (Chine) dose','en',0,now()),
	   (163746,'covid_ovid_sinovac_sinopharmLot','covid_ovid_sinovac_sinopharmLot1','Vaccin ovid_sinovac_sinopharm Lot 1','en',0,now()),
	   (163746,'covid_sinovac_sinopharmLot','covid_sinovac_sinopharmLot1','Vaccin sinovac_sinopharm Lot 1','fr',0,now()),
	   (163747,'covid_sinovac_sinopharmLot','covid_sinovac_sinopharmLot2','Vaccin sinovac_sinopharm Lot 2','en',0,now()),
	   (163747,'covid_sinovac_sinopharmLot','covid_sinovac_sinopharmLot2','Vaccin sinovac_sinopharm Lot 2','fr',0,now()),
	   (163748,'covid_sinovac_sinopharmLot','covid_sinovac_sinopharmLot3','Vaccin sinovac_sinopharm Lot 3','en',0,now()),
	   (163748,'covid_sinovac_sinopharmLot','covid_sinovac_sinopharmLot3','Vaccin sinovac_sinopharm Lot 3','fr',0,now()),
	   (163749,'covid_sinovac_sinopharmLot','covid_sinovac_sinopharmLot','Vaccin sinovac_sinopharm Lot','en',0,now()),
	   (163749,'covid_sinovac_sinopharmLot','covid_sinovac_sinopharmLot','Vaccin sinovac_sinopharm Lot','fr',0,now());

insert into concept(concept_id,retired,short_name,description,datatype_id,class_id,is_set,creator,date_created) 
values (163715,0,'covid_johnson_johnsonDtd1','Johnson&Johnson Dose 1',8,5,0,0,now()),
       (163716,0,'covid_johnson_johnsonDtd2','Johnson Johnson Dose 2',8,5,0,0,now()),
	   (163717,0,'covid_johnson_johnsonDtd3','Johnson Johnson Dose 3',8,5,0,0,now()),
	   (163718,0,'covid_johnson_johnsonDt','Johnson Johnson date',8,5,0,0,now()),
	   (163719,0,'covid_johnson_johnsonDose','Johnson Johnson Dose',3,5,0,0,now()),
	   (163750,0,'covid_johnson_johnsonLot1','Oxford-AstraZeneca Lot 1',3,5,0,0,now()),
	   (163751,0,'covid_johnson_johnsonLot2','Oxford-AstraZeneca Lot 2',3,5,0,0,now()),
	   (163752,0,'covid_johnson_johnsonLot3','Oxford-AstraZeneca Lot 3',3,5,0,0,now()),
	   (163753,0,'covid_johnson_johnsonLot','Oxford-AstraZeneca Lot',3,5,0,0,now());		   
insert into concept_name(concept_id,name,short_name,description,locale,creator,date_created)
values (163715,'covid_johnson_johnson','covid_johnson_johnsonDtd1','Vaccin covid 19 Johnson&Johnson(Janssen) dose 1','fr',0,now()),
       (163715,'covid_johnson_johnson','covid_johnson_johnsonDtd1','Vaccin covid 19 Johnson&Johnson(Janssen) dose 1','en',0,now()),
	   (163716,'covid_johnson_johnson','covid_johnson_johnsonDtd2','Vaccin covid 19 Johnson&Johnson(Janssen) dose 2','fr',0,now()),
       (163716,'covid_johnson_johnson','covid_johnson_johnsonDtd2','Vaccin covid 19 Johnson&Johnson(Janssen) dose 2','en',0,now()),
	   (163717,'covid_johnson_johnson','covid_johnson_johnsonDtd3','Vaccin covid 19 Johnson&Johnson(Janssen) dose 3','fr',0,now()),
       (163717,'covid_johnson_johnson','covid_johnson_johnsonDtd3','Vaccin covid 19 Johnson&Johnson(Janssen) dose 3','en',0,now()),
	   (163718,'covid_johnson_johnson','covid_johnson_johnsonDt','Vaccin covid 19 Johnson&Johnson(Janssen) date','fr',0,now()),
       (163718,'covid_johnson_johnson','covid_johnson_johnsonDt','Vaccin covid 19 Johnson&Johnson(Janssen) date','en',0,now()),
	   (163719,'covid_johnson_johnson','covid_johnson_johnsonDose','Vaccin covid 19 Johnson&Johnson(Janssen) dose','fr',0,now()),
       (163719,'covid_johnson_johnson','covid_johnson_johnsonDose','Vaccin covid 19 Johnson&Johnson(Janssen) dose','en',0,now()),
	   (163750,'covid_johnson_johnsonLot','covid_johnson_johnsonLot1','Vaccin johnson_johnson Lot 1','en',0,now()),
	   (163750,'covid_johnson_johnsonLot','covid_johnson_johnsonLot1','Vaccin johnson_johnson Lot 1','fr',0,now()),
	   (163751,'covid_johnson_johnsonLot','covid_johnson_johnsonLot2','Vaccin johnson_johnson Lot 2','en',0,now()),
	   (163751,'covid_johnson_johnsonLot','covid_johnson_johnsonLot2','Vaccin johnson_johnson Lot 2','fr',0,now()),
	   (163752,'covid_johnson_johnsonLot','covid_johnson_johnsonLot3','Vaccin johnson_johnson Lot 3','en',0,now()),
	   (163752,'covid_johnson_johnsonLot','covid_johnson_johnsonLot3','Vaccin johnson_johnson Lot 3','fr',0,now()),
	   (163753,'covid_johnson_johnsonLot','covid_johnson_johnsonLot','Vaccin johnson_johnson Lot','en',0,now()),
	   (163753,'covid_johnson_johnsonLot','covid_johnson_johnsonLot','Vaccin johnson_johnson Lot','fr',0,now());
/* diagnostics */	   

insert into concept(concept_id,retired,short_name,description,datatype_id,class_id,is_set,creator,date_created)  
values (163800,0,'covid_suspect','COVID-19 Suspect',10,4,0,0,now()),
       (163801,0,'covid_confirme','COVID-19 confirmé',10,4,0,0,now()),
	   (163802,0,'deces_maternel','Décès Maternel',10,4,0,0,now()),
	   (163803,0,'esavi','ESAVI',10,4,0,0,now()),
	   (163804,0,'microcephalieCongenitale','Microcéphalie congénitale',10,4,0,0,now()),
	   (163805,0,'paralysieFlasqueAigue','Paralysie flasque aigue(PFA)',10,4,0,0,now()),
	   (163806,0,'pesteSuspecte','Peste suspecte',10,4,0,0,now()),
	   (163807,0,'syndromeGuillainBarre','Syndrome de Guillain barre',10,4,0,0,now()),
	   (163808,0,'tetanosNeonatal','Tétanos néonatal(TNN)',10,4,0,0,now()), 
	   (163809,0,'toxiInfectionAlimentaireCollective','Toxi-infection alimentaire collective(TIAC)',10,4,0,0,now()),
	   (163810,0,'syphilisCongenitale','Syphilis congénitale',10,4,0,0,now()),
	   (163811,0,'rageSuspected','rage Suspect',10,4,0,0,now()),
	   (163812,0,'pertusisSuspected','Coqueluche Suspect',10,4,0,0,now()),
	   (163813,0,'choleraSuspected','Choléra Suspect',10,4,0,0,now()),
	   (163814,0,'rougeoleSuspected','Rougeole Suspect',10,4,0,0,now()),
	   (163815,0,'dingueSuspected','Dingue Suspect',10,4,0,0,now()),
	   (163816,0,'charbonSuspected','Charbon Suspect',10,4,0,0,now()),
	   (163817,0,'lepreSuspected','Lèpre Suspect',10,4,0,0,now()),
	   (163818,0,'accidents','Accidents(domestiques, voie publique)',10,4,0,0,now());
	   

insert into concept_name(concept_id,name,short_name,description,locale,creator,date_created)
values (163800,'covid_suspect','covid_suspect','COVID-19 Suspect','fr',0,now()),	
       (163800,'covid_suspect','covid_suspect','COVID-19 Suspected','en',0,now()),
       (163801,'covid_confirme','covid_confirme','COVID-19 confirmé','fr',0,now()),
	   (163801,'covid_confirme','covid_confirme','COVID-19 confirmed','en',0,now()), 
       (163802,'deces_maternel','deces_maternel','Décès Maternel','fr',0,now()),	
       (163802,'deces_maternel','deces_maternel','Maternal deaths','en',0,now()),	   
       (163803,'esavi','esavi','ESAVI','fr',0,now()),
	   (163803,'esavi','esavi','ESAVI','en',0,now()),
	   (163804,'microcephalieCongenitale','microcephalieCongenitale','Microcéphalie congénitale','fr',0,now()),
	   (163804,'microcephalieCongenitale','microcephalieCongenitale','Congenital microcephaly','en',0,now()),
	   (163805,'paralysieFlasqueAigue','paralysieFlasqueAigue','Paralysie flasque aigue(PFA)','fr',0,now()),
	   (163805,'paralysieFlasqueAigue','paralysieFlasqueAigue','Acute flaccid paralysis (AFP)','en',0,now()),
	   (163806,'pesteSuspecte','pesteSuspecte','Peste suspecte','fr',0,now()),
	   (163806,'pesteSuspecte','pesteSuspecte','Suspected plague','en',0,now()),
	   (163807,'syndromeGuillainBarre','syndromeGuillainBarre','Syndrome de Guillain barre','fr',0,now()),
	   (163807,'syndromeGuillainBarre','syndromeGuillainBarre','Guillain barre syndrome','en',0,now()),
	   (163808,'tetanosNeonatal','tetanosNeonatal','Tétanos néonatal(TNN)','fr',0,now()),
	   (163808,'tetanosNeonatal','tetanosNeonatal','Neonatal tetanus (TNN)','en',0,now()),
	   (163809,'toxiInfectionAlimentaireCollective','toxiInfectionAlimentaireCollective','Toxi-infection alimentaire collective(TIAC)','fr',0,now()),
	   (163809,'toxiInfectionAlimentaireCollective','toxiInfectionAlimentaireCollective','Collective foodborne illness (TIAC)','en',0,now()),
	   (163810,'syphilisCongenitale','syphilisCongenitale','Syphilis congénitale','fr',0,now()),
	   (163810,'syphilisCongenitale','syphilisCongenitale','Congenital syphilis','en',0,now()),
	   (163811,'rageSuspected','rageSuspected','rage Suspect','fr',0,now()),
	   (163811,'rageSuspected','rageSuspected','rage Suspect','en',0,now()),
	   (163812,'pertusisSuspected','pertusisSuspected','Coqueluche Suspect','fr',0,now()),
	   (163812,'pertusisSuspected','pertusisSuspected','Coqueluche Suspect','en',0,now()),
	   (163813,'choleraSuspected','choleraSuspected','Choléra Suspect','fr',0,now()),
	   (163813,'choleraSuspected','choleraSuspected','Choléra Suspect','en',0,now()),
	   (163814,'rougeoleSuspected','rougeoleSuspected','rougeole Suspect','fr',0,now()),
	   (163814,'rougeoleSuspected','rougeoleSuspected','rougeole Suspect','en',0,now()),
	   (163815,'dingueSuspected','dingueSuspected','Dingue Suspect','fr',0,now()),
	   (163815,'dingueSuspected','dingueSuspected','Dingue Suspect','en',0,now()),
	   (163816,'charbonSuspected','charbonSuspected','Charbon Suspect','fr',0,now()),
	   (163816,'charbonSuspected','charbonSuspected','Charbon Suspect','en',0,now()),
	   (163817,'lepreSuspected','lepreSuspected','Lèpre Suspect','fr',0,now()),
	   (163817,'lepreSuspected','lepreSuspected','Lèpre Suspect','en',0,now()),
	   (163818,'accidents','accidents','Accidents(domestiques, voie publique)','fr',0,now()),
	   (163818,'accidents','accidents','Accidents(domestiques, voie publique)','en',0,now());
	   
	   
	   
	   
drop table if exists dw_hepdo_snapshot;

CREATE TABLE IF NOT EXISTS `dw_hepdo_snapshot` (
  `patientID` varchar(11) NOT NULL default '',
  `visitDate` date NOT NULL,
  `rageSuspected` tinyint(1) default '0',
  `coquelucheSuspected` tinyint(1) default '0',
  `choleraSuspected` tinyint(1) default '0',
  `covidSuspected` tinyint(1) default '0',
  `meningiteSuspected` tinyint(1) default '0',
  `pesteSuspected` tinyint(1) default '0',
  `rougeoleSuspected` tinyint(1) default '0',
  `dingueSuspected` tinyint(1) default '0',
  `charbonSuspected` tinyint(1) default '0',
  `lepreSuspected` tinyint(1) default '0',
  `typhoideSuspected` tinyint(1) default '0',  
  `decesMaternel` tinyint(1) default '0',
  `diphterieProbable` tinyint(1) default '0',
  `esavi` tinyint(1) default '0',
  `microcephalie` tinyint(1) default '0',
  `paludisme` tinyint(1) default '0',
  `pfa` tinyint(1) default '0',
  `rage` tinyint(1) default '0',
  `sgb` tinyint(1) default '0',
  `sfha` tinyint(1) default '0',
  `src` tinyint(1) default '0',
  `tetanosNeonatal` tinyint(1) default '0',
  
  `tiac` tinyint(1) default '0',
  `diabete` tinyint(1) default '0',
  `diarheAiguAqueuse` float default '0',
  `diarheAiguSanglante` tinyint(1) default '0',
  `filarioseProbable` tinyint(1) default '0',
  `infectionRespAigu` tinyint(1) default '0',
  `sif` tinyint(1) default '0',
  `tetanos` tinyint(1) default '0',
  
  `accidents` tinyint(1) default '0',
  `cancer` tinyint(1) default '0',
  `epilepsie` tinyint(1) default '0',
  `hta` tinyint(1) default '0',
  `ist` tinyint(1) default '0',
  `malnutrition` tinyint(1) default '0',
  `syphilis` tinyint(1) default '0',
  `violence` tinyint(1) default '0',
  PRIMARY KEY  (`patientID`,`visitDate`)
) ENGINE=InnoDB DEFAULT CHARSET=utf8;

drop table if exists dw_hepdo_slices;

CREATE TABLE `dw_hepdo_slices` (
  `org_unit` varchar(64) NOT NULL,
  `org_value` varchar(255) NOT NULL,
  `indicator` smallint(6) NOT NULL,
  `time_period` varchar(16) NOT NULL,
  `year` smallint(5) unsigned NOT NULL,
  `period` smallint(5) unsigned NOT NULL,
  `gender` tinyint(3) unsigned NOT NULL,
  `value` bigint(20) default '0',
  `denominator` decimal(9,1) default '0.0',
  PRIMARY KEY  (`org_unit`,`org_value`,`indicator`,`time_period`,`year`,`period`,`gender`)
) ENGINE=InnoDB DEFAULT CHARSET=utf8;


drop table if exists dw_hepdo_patients;

CREATE TABLE `dw_hepdo_patients` (
  `indicator` smallint(10) NOT NULL,
  `time_period` varchar(10) NOT NULL,
  `year` int(11) NOT NULL,
  `period` smallint(6) NOT NULL,
  `patientid` varchar(11) NOT NULL,
  PRIMARY KEY  (`indicator`,`patientid`,`time_period`,`year`,`period`)
) ENGINE=InnoDB DEFAULT CHARSET=utf8;

drop table if exists dw_hepdoReportLookup;

CREATE TABLE `dw_hepdoReportLookup` (
  `indicator` smallint(6) NOT NULL,
  `indicatorType` smallint(6) default NULL,
  `nameen` varchar(350) character set utf8 collate utf8_unicode_ci NOT NULL,
  `namefr` varchar(350) character set utf8 collate utf8_unicode_ci NOT NULL,
  `definitionen` varchar(1024) character set utf8 collate utf8_unicode_ci NOT NULL,
  `definitionfr` varchar(1024) character set utf8 collate utf8_unicode_ci NOT NULL,
  `subGroupEn` varchar(150) character set utf8 collate utf8_unicode_ci NOT NULL,
  `subGroupFr` varchar(150) character set utf8 collate utf8_unicode_ci NOT NULL,
  `indicatorDenominator` smallint(6) default '0',
  PRIMARY KEY  (`indicator`)
) ENGINE=InnoDB DEFAULT CHARSET=utf8;



INSERT INTO `dw_hepdoReportLookup` (`indicator`, `indicatorType`, `nameen`, `namefr`, `definitionen`, `definitionfr`, `indicatorDenominator`) VALUES
(1, 0, 'Rage suspected', 'Agression par animal suspecte de rage', '', '', 0),
(2, 0, 'Coqueluche suspected','Coqueluche Suspect','', '', 0),
(3, 0, 'Cholera Suspected', 'Cholera Suspect', '', '', 0),
(4, 0, 'Mother death', 'Deces Maternel', '', '', 0),
(5, 0, 'Diphterie probable', 'Diphterie probable', '', '', 0),
(6, 0, 'Event assumed to be attributable to vaccination and immunization (esavi)', 'Evenement supose etre attribuable a la vaccination et a l’immunisation (esavi)', '', '', 0),
(7, 0, 'Meningite Suspected', 'Meningite Suspect', '', '', 0),
(8, 0, 'Congenital microcephaly', 'Microcephalie congenitale', '', '', 0),
(9, 0, 'Malaria confirms', 'Paludisme confirme', '', '', 0),
(10, 0, 'Acute flaccid paralysis (pfa)', 'Paralysie flasque aigue(pfa)', '', '', 0),
(11, 0, 'Suspicious plague', 'Peste suspecte', '', '', 0),
(12, 0, 'Human rage', 'Rage humaine', '', '', 0),
(13, 0, 'Suspicious measles / rubella', 'Rougeole/rubeole suspecte', '', '', 0),
(14, 0, 'Guillain barre syndrome', 'Syndrome de guillain barre', '', '', 0),
(15, 0, 'Acute hemmoragic fever syndrome', 'Syndrome de fievre hemmoragique aigue', '', '', 0),
(16, 0, 'Congenital rubella syndrome', 'Syndrome de rubeole congenitale', '', '', 0),
(17, 0, 'Tetanus neonatal (tnn)', 'Tetanos neonatal (tnn)', '', '', 0),
(18, 0, 'Collective food poisoning (tiac)', 'Toxi-infection alimentaire collective (tiac)', '', '', 0),
(19, 0, 'Suspicious skin Charcoal', 'Charbon cutané suspect', '', '', 0),
(20, 0, 'Suspicious dengue', 'Dengue suspecte', '', '', 0),
(21, 0, 'Diabetes', 'Diabète', '', '', 0),
(22, 0, 'Acute watery diarrhea', 'Diarrhée aigue aqueuse', '', '', 0),
(23, 0, 'Acute bloody diarrhea', 'Diarrhée aigue sanglante', '', '', 0),
(24, 0, 'Suspicious typhoid fever', 'Fièvre typhoïde suspecte', '', '', 0),
(25, 0, 'Probable filariasis', 'Filariose probable', '', '', 0),
(26, 0, 'Acute respiratory infection', 'Infection respiratoire aigue', '', '', 0),
(27, 0, 'Febrile jaundice syndrome', 'Syndrome ictérique fébrile', '', '', 0),
(28, 0, 'Tetanus', 'Tétanos', '', '', 0),
(29, 0, 'Accidents (domestic, public roads)', 'Accidents (domestiques, voie publique)', '', '', 0),
(30, 0, 'Cancers (breasts, cervix, prostate, others)', 'Cancers (seins, col de l’utérus, prostate, autres)', '', '', 0),
(31, 0, 'Epilepsy', 'Epilepsie', '', '', 0),
(32, 0, 'High blood pressure (hta)', 'Hypertension artérielle (hta)', '', '', 0),
(33, 0, 'Sexually transmitted infection (STI)', 'Infection sexuellement transmissible (ist)', '', '', 0),
(34, 0, 'Suspicious leprosy', 'Lèpre suspecte', '', '', 0),
(35, 0, 'Malnutrition', 'Malnutrition', '', '', 0),
(36, 0, 'Congenital syphilis', 'Syphilis congénitale', '', '', 0),
(37, 0, 'Violence (physical, sexual)', 'Violences (physique, sexuelle)', '', '', 0);

insert into concept(concept_id,retired,short_name,description,datatype_id,class_id,is_set,creator,date_created)  
values (163850,0,'ddp_dispensation','Dispensation DDP',10,13,0,0,now());

insert into concept_name(concept_id,name,short_name,description,locale,creator,date_created)
values (163850,'ddp_dispensation','ddp_dispensation','Dispensation DDP','fr',0,now()),
(163850,'ddp_dispensation','ddp_dispensation','Dispensation DDP','en',0,now());  


insert into concept(concept_id,retired,short_name,description,datatype_id,class_id,is_set,creator,date_created)  
values (163851,0,'antecedentTb','antecedent Tb',10,13,0,0,now());

insert into concept_name(concept_id,name,short_name,description,locale,creator,date_created)
values (163851,'antecedentTb','antecedentTb','antecedent Tb','fr',0,now()),
(163851,'antecedentTb','antecedentTb','antecedent Tb','en',0,now());

insert into concept(concept_id,retired,short_name,description,datatype_id,class_id,is_set,creator,date_created)  
values (163852,0,'dateFinTb','date de fin du traitement TB',7,5,0,0,now());

insert into concept_name(concept_id,name,short_name,description,locale,creator,date_created)
values (163852,'dateFinTb','dateFinTb','date de fin du traitement TB','fr',0,now()),
(163852,'dateFinTb','dateFinTb','date de fin du traitement TB','en',0,now());
	


ALTER TABLE `tbStatus` ADD `antecedentTb` INT NOT NULL DEFAULT '0' COMMENT 'ajouter dans la version 21.1 de isante' AFTER `asymptomaticTb` ;

ALTER TABLE `tbStatus` ADD `propINHRifa` INT NOT NULL DEFAULT '0' COMMENT 'ajouter dans la version 21.1 de isante' AFTER `propINH` ;

ALTER TABLE `tbStatus` ADD `debutINHRifaMm` INT NOT NULL DEFAULT '0' COMMENT 'ajouter dans la version 21.1 de isante' AFTER `debutINHMm` ;
ALTER TABLE `tbStatus` ADD `debutINHRifaYy` INT NOT NULL DEFAULT '0' COMMENT 'ajouter dans la version 21.1 de isante' AFTER `debutINHYy` ;
ALTER TABLE `tbStatus` ADD `arretINHRifaMm` INT NOT NULL DEFAULT '0' COMMENT 'ajouter dans la version 21.1 de isante' AFTER `arretINHMm` ;
ALTER TABLE `tbStatus` ADD `arretINHRifaYy` INT NOT NULL DEFAULT '0' COMMENT 'ajouter dans la version 21.1 de isante' AFTER `arretINHYy` ;



ALTER TABLE `tbStatus` ADD `propSecINH` INT NOT NULL DEFAULT '0' COMMENT 'ajouter dans la version 21.1 de isante' AFTER `propINHRifa` ;

ALTER TABLE `tbStatus` ADD `debutSecINHMm` INT NOT NULL DEFAULT '0' COMMENT 'ajouter dans la version 21.1 de isante' AFTER `debutINHRifaMm` ;
ALTER TABLE `tbStatus` ADD `debutSecINHYy` INT NOT NULL DEFAULT '0' COMMENT 'ajouter dans la version 21.1 de isante' AFTER `debutINHRifaYy` ;
ALTER TABLE `tbStatus` ADD `arretSecINHMm` INT NOT NULL DEFAULT '0' COMMENT 'ajouter dans la version 21.1 de isante' AFTER `arretINHRifaMm` ;
ALTER TABLE `tbStatus` ADD `arretSecINHYy` INT NOT NULL DEFAULT '0' COMMENT 'ajouter dans la version 21.1 de isante' AFTER `arretINHRifaYy` ;


update drugLookup set pedStdDosageEn1='50 mg QD',pedStdDosageFr1='50 mg QD'
where drugID=89;
update drugLookup set pedStdDosageEn2='10 mg QD',pedStdDosageFr2='10 mg QD'
where drugID=89;

update drugLookup set pedStdDosageEn2='100 mg QD',pedStdDosageFr2='100 mg QD'
where drugID=87;

update drugLookup set pedStdDosageEn1='75 mg QD',pedStdDosageFr1='75 mg QD'
where drugID=88;

update drugLookup set pedStdDosageEn1='300/100 mg',pedStdDosageFr1='300/100 mg'
where drugID=6;


ALTER TABLE `encounter` ADD `otherSite` varchar(55) NULL DEFAULT 'NULL' COMMENT 'ajouter dans la version 21.1 de isante' AFTER `visitDate` ;
ALTER TABLE `encounter` ADD `nextVisitDateOther` Date NULL DEFAULT NULL COMMENT 'ajouter dans la version 21.1 de isante' AFTER `otherSite` ;

	   


	   
drop table if exists dw_artDist_snapshot;

CREATE TABLE IF NOT EXISTS `dw_artDist_snapshot` (
  `patientID` varchar(11) NOT NULL default '',
  `visitDate` date NOT NULL,
  `visitArt` tinyint(1) default '0',
  `nextVisitArt` tinyint(1) default '0',
  PRIMARY KEY  (`patientID`,`visitDate`)
) ENGINE=InnoDB DEFAULT CHARSET=utf8;

drop table if exists dw_artDist_slices;

CREATE TABLE `dw_artDist_slices` (
  `org_unit` varchar(64) NOT NULL,
  `org_value` varchar(255) NOT NULL,
  `indicator` smallint(6) NOT NULL,
  `time_period` varchar(16) NOT NULL,
  `year` smallint(5) unsigned NOT NULL,
  `period` smallint(5) unsigned NOT NULL,
  `gender` tinyint(3) unsigned NOT NULL,
  `value` bigint(20) default '0',
  `denominator` decimal(9,1) default '0.0',
  PRIMARY KEY  (`org_unit`,`org_value`,`indicator`,`time_period`,`year`,`period`,`gender`)
) ENGINE=InnoDB DEFAULT CHARSET=utf8;


drop table if exists dw_artDist_patients;

CREATE TABLE `dw_artDist_patients` (
  `indicator` smallint(10) NOT NULL,
  `time_period` varchar(10) NOT NULL,
  `year` int(11) NOT NULL,
  `period` smallint(6) NOT NULL,
  `patientid` varchar(11) NOT NULL,
  PRIMARY KEY  (`indicator`,`patientid`,`time_period`,`year`,`period`)
) ENGINE=InnoDB DEFAULT CHARSET=utf8;

drop table if exists dw_artDistReportLookup;

CREATE TABLE `dw_artDistReportLookup` (
  `indicator` smallint(6) NOT NULL,
  `indicatorType` smallint(6) default NULL,
  `nameen` varchar(350) character set utf8 collate utf8_unicode_ci NOT NULL,
  `namefr` varchar(350) character set utf8 collate utf8_unicode_ci NOT NULL,
  `definitionen` varchar(1024) character set utf8 collate utf8_unicode_ci NOT NULL,
  `definitionfr` varchar(1024) character set utf8 collate utf8_unicode_ci NOT NULL,
  `subGroupEn` varchar(150) character set utf8 collate utf8_unicode_ci NOT NULL,
  `subGroupFr` varchar(150) character set utf8 collate utf8_unicode_ci NOT NULL,
  `indicatorDenominator` smallint(6) default '0',
  PRIMARY KEY  (`indicator`)
) ENGINE=InnoDB DEFAULT CHARSET=utf8;

go

INSERT INTO `dw_artDistReportLookup` (`indicator`, `indicatorType`, `nameen`, `namefr`, `definitionen`, `definitionfr`, `indicatorDenominator`) VALUES
(1, 0, 'Hike for the period', 'Randez-vous pour la période', 'patient having hike for the period', 'patient ayant Randez-vous pour la période', 0),
(2, 0, 'Dispensed ART for the period','Arv dispensé pour la période','Dispensed ART for the period','Arv dispensé pour la période', 0),
(3, 1, 'Percentage of patients who not withdrawn arvs during the period', 'Pourcentage de patient n\'ayant pas retiré des arvs pendant la période ', 'Percentage of patients who not withdrawn arvs during the period', 'Pourcentage de patient n\'ayant pas retiré des arvs pendant la période ', 1),
(4, 1, 'Percentage of patients who withdrawn arvs during the period', 'Pourcentage de patient ayant retiré des arvs pendant la période ', 'Percentage of patients who withdrawn arvs during the period', 'Pourcentage de patient ayant retiré des arvs pendant la période ', 1),
(5, 1, 'Percentage of patients who withdrawn arvs after the period', 'Pourcentage de patient ayant retiré des arvs apres la période ', 'Percentage of patients who withdrawn arvs after the period', 'Pourcentage de patient ayant retiré des arvs apres la période ', 3);


go

ALTER TABLE `drugs` ADD `TransDTG` tinyint(3) NULL DEFAULT 'NULL' COMMENT 'ajouter dans la version 21.1 de isante' AFTER `finPTME` ;

go

insert into regimen( regID,regimenName,drugID1,drugID2,drugID3,shortName,regGroup) 
values ('127','1stReg127','1','20','87','ABC+3TC+RAL','1stReg127'),
       ('128','1stReg128','8','87','0','AZT+3TC+RAL','1stReg128'),
	   ('129','1stReg129','34','20','87','AZT+3TC+RAL','1stReg129');
       
go


insert into alertLookup(alertId,alertName,descriptionFr,descriptionEn,messageFr,messageEn,alertGroup,priority)
values (13,'ddpPatient','Ce patient est abonné aux services DDP','Ce patient est abonné aux services DDP','Ce patient est abonné aux services DDP',1,7);

go