insert into concept_name (concept_id,name,short_name,description,locale,creator,date_created) values (71610,'rotavirusDtD1','Rotavirus','Rotavirus','en','1','2014-08-18');
insert into concept_name (concept_id,name,short_name,description,locale,creator,date_created) values (71610,'rotavirusDtD1','Rotavirus','Rotavirus','fr','1','2014-08-18');
insert into concept_name (concept_id,name,short_name,description,locale,creator,date_created) values (71611,'rotavirusDtD2','Rotavirus','Rotavirus','en','1','2014-08-18');
insert into concept_name (concept_id,name,short_name,description,locale,creator,date_created) values (71611,'rotavirusDtD2','Rotavirus','Rotavirus','fr','1','2014-08-18');
insert into concept_name (concept_id,name,short_name,description,locale,creator,date_created) values (71612,'varicelDtD1','Varicelle','Varicelle','en','1','2014-08-18');
insert into concept_name (concept_id,name,short_name,description,locale,creator,date_created) values (71612,'varicelDtD1','Varicelle','Varicelle','fr','1','2014-08-18');
insert into concept_name (concept_id,name,short_name,description,locale,creator,date_created) values (71613,'varicelDtD2','Varicelle','Varicelle','en','1','2014-08-18');
insert into concept_name (concept_id,name,short_name,description,locale,creator,date_created) values (71613,'varicelDtD2','Varicelle','Varicelle','fr','1','2014-08-18');
insert into concept_name (concept_id,name,short_name,description,locale,creator,date_created) values (71614,'typhimviDtD1','Typhimvi','Typhimvi','en','1','2014-08-18');
insert into concept_name (concept_id,name,short_name,description,locale,creator,date_created) values (71614,'typhimviDtD1','Typhimvi','Typhimvi','fr','1','2014-08-18');
insert into concept_name (concept_id,name,short_name,description,locale,creator,date_created) values (71615,'typhimviDtD2','Typhimvi','Typhimvi','en','1','2014-08-18');
insert into concept_name (concept_id,name,short_name,description,locale,creator,date_created) values (71615,'typhimviDtD2','Typhimvi','Typhimvi','fr','1','2014-08-18');
insert into concept_name (concept_id,name,short_name,description,locale,creator,date_created) values (71616,'pneumocoqueDtD1','Pneumocoque','Pneumocoque','en','1','2014-08-18');
insert into concept_name (concept_id,name,short_name,description,locale,creator,date_created) values (71616,'pneumocoqueDtD1','Pneumocoque','Pneumocoque','fr','1','2014-08-18');
insert into concept_name (concept_id,name,short_name,description,locale,creator,date_created) values (71617,'pneumocoqueDtD2','Pneumocoque','Pneumocoque','en','1','2014-08-18');
insert into concept_name (concept_id,name,short_name,description,locale,creator,date_created) values (71617,'pneumocoqueDtD2','Pneumocoque','Pneumocoque','fr','1','2014-08-18');
insert into concept_name (concept_id,name,short_name,description,locale,creator,date_created) values (71618,'pneumocoqueDtD3','Pneumocoque','Pneumocoque','en','1','2014-08-18');
insert into concept_name (concept_id,name,short_name,description,locale,creator,date_created) values (71618,'pneumocoqueDtD3','Pneumocoque','Pneumocoque','fr','1','2014-08-18');
insert into concept_name (concept_id,name,short_name,description,locale,creator,date_created) values (71619,'hepatiteADtD1','Hepatite A','Hepatite A','en','1','2014-08-18');
insert into concept_name (concept_id,name,short_name,description,locale,creator,date_created) values (71619,'hepatiteADtD1','Hepatite A','Hepatite A','fr','1','2014-08-18');
insert into concept_name (concept_id,name,short_name,description,locale,creator,date_created) values (71620,'hepatiteADtD2','Hepatite A','Hepatite A','en','1','2014-08-18');
insert into concept_name (concept_id,name,short_name,description,locale,creator,date_created) values (71620,'hepatiteADtD2','Hepatite A','Hepatite A','fr','1','2014-08-18');
insert into concept_name (concept_id,name,short_name,description,locale,creator,date_created) values (71621,'menengoAcDtD1','Menengo AC','Menengo AC','en','1','2014-08-18');
insert into concept_name (concept_id,name,short_name,description,locale,creator,date_created) values (71621,'menengoAcDtD1','Menengo AC','Menengo AC','fr','1','2014-08-18');
insert into concept_name (concept_id,name,short_name,description,locale,creator,date_created) values (71622,'menengoAcDtD2','Menengo AC','Menengo AC','en','1','2014-08-18');
insert into concept_name (concept_id,name,short_name,description,locale,creator,date_created) values (71622,'menengoAcDtD2','Menengo AC','Menengo AC','fr','1','2014-08-18');
insert into concept_name (concept_id,name,short_name,description,locale,creator,date_created) values (71623,'choleraDtD1','Cholera','Cholera','en','1','2014-08-18');
insert into concept_name (concept_id,name,short_name,description,locale,creator,date_created) values (71623,'choleraDtD1','Cholera','Cholera','fr','1','2014-08-18');
insert into concept_name (concept_id,name,short_name,description,locale,creator,date_created) values (71624,'choleraDtD2','Cholera','Cholera','en','1','2014-08-18');
insert into concept_name (concept_id,name,short_name,description,locale,creator,date_created) values (71624,'choleraDtD2','Cholera','Cholera','fr','1','2014-08-18');
insert into concept_name (concept_id,name,short_name,description,locale,creator,date_created) values (71625,'varicelDose','varicelDose','varicelDose','fr','1','2014-08-18');
insert into concept_name (concept_id,name,short_name,description,locale,creator,date_created) values (71625,'varicelDose','varicelDose','varicelDose','en','1','2014-08-18');
insert into concept_name (concept_id,name,short_name,description,locale,creator,date_created) values (71626,'rotavirusDose','rotavirusDose','rotavirusDose','fr','1','2014-08-18');
insert into concept_name (concept_id,name,short_name,description,locale,creator,date_created) values (71626,'rotavirusDose','rotavirusDose','rotavirusDose','en','1','2014-08-18');
insert into concept_name (concept_id,name,short_name,description,locale,creator,date_created) values (71627,'typhimviDose','typhimviDose','typhimviDose','fr','1','2014-08-18');
insert into concept_name (concept_id,name,short_name,description,locale,creator,date_created) values (71627,'typhimviDose','typhimviDose','typhimviDose','en','1','2014-08-18');
insert into concept_name (concept_id,name,short_name,description,locale,creator,date_created) values (71628,'pneumocoqueDose','pneumocoqueDose','pneumocoqueDose','fr','1','2014-08-18');
insert into concept_name (concept_id,name,short_name,description,locale,creator,date_created) values (71628,'pneumocoqueDose','pneumocoqueDose','pneumocoqueDose','en','1','2014-08-18');
insert into concept_name (concept_id,name,short_name,description,locale,creator,date_created) values (71629,'hepatiteADose','hepatiteADose','hepatiteADose','fr','1','2014-08-18');
insert into concept_name (concept_id,name,short_name,description,locale,creator,date_created) values (71629,'hepatiteADose','hepatiteADose','hepatiteADose','en','1','2014-08-18');
insert into concept_name (concept_id,name,short_name,description,locale,creator,date_created) values (71630,'menengoAcDose','menengoAcDose','menengoAcDose','fr','1','2014-08-18');
insert into concept_name (concept_id,name,short_name,description,locale,creator,date_created) values (71630,'menengoAcDose','menengoAcDose','menengoAcDose','en','1','2014-08-18');
insert into concept_name (concept_id,name,short_name,description,locale,creator,date_created) values (71631,'choleraDose','choleraDose','choleraDose','fr','1','2014-08-18');
insert into concept_name (concept_id,name,short_name,description,locale,creator,date_created) values (71631,'choleraDose','choleraDose','choleraDose','en','1','2014-08-18');



insert into concept (concept_id,retired,short_name,description,form_text,datatype_id,class_id,is_set,creator,date_created) values ('71610','0','rotavirusDtD1','Rotavirus','Rotavirus','8','5','0','1','2014-08-18');
insert into concept (concept_id,retired,short_name,description,form_text,datatype_id,class_id,is_set,creator,date_created) values ('71611','0','rotavirusDtD2','Rotavirus','Rotavirus','8','5','0','1','2014-08-18');
insert into concept (concept_id,retired,short_name,description,form_text,datatype_id,class_id,is_set,creator,date_created) values ('71612','0','varicelDtD1','Varicelle','Varicelle','8','5','0','1','2014-08-18');
insert into concept (concept_id,retired,short_name,description,form_text,datatype_id,class_id,is_set,creator,date_created) values ('71613','0','varicelDtD2','Varicelle','Varicelle','8','5','0','1','2014-08-18');
insert into concept (concept_id,retired,short_name,description,form_text,datatype_id,class_id,is_set,creator,date_created) values ('71614','0','typhimviDtD1','Typhimvi','Typhimvi','8','5','0','1','2014-08-18');
insert into concept (concept_id,retired,short_name,description,form_text,datatype_id,class_id,is_set,creator,date_created) values ('71615','0','typhimviDtD2','Typhimvi','Typhimvi','8','5','0','1','2014-08-18');
insert into concept (concept_id,retired,short_name,description,form_text,datatype_id,class_id,is_set,creator,date_created) values ('71616','0','pneumocoqueDtD1','Pneumocoque','Pneumocoque','8','5','0','1','2014-08-18');
insert into concept (concept_id,retired,short_name,description,form_text,datatype_id,class_id,is_set,creator,date_created) values ('71617','0','pneumocoqueDtD2','Pneumocoque','Pneumocoque','8','5','0','1','2014-08-18');
insert into concept (concept_id,retired,short_name,description,form_text,datatype_id,class_id,is_set,creator,date_created) values ('71618','0','pneumocoqueDtD3','Pneumocoque','Pneumocoque','8','5','0','1','2014-08-18');
insert into concept (concept_id,retired,short_name,description,form_text,datatype_id,class_id,is_set,creator,date_created) values ('71619','0','hepatiteADtD1','Hepatite A','Hepatite A','8','5','0','1','2014-08-18');
insert into concept (concept_id,retired,short_name,description,form_text,datatype_id,class_id,is_set,creator,date_created) values ('71620','0','hepatiteADtD2','Hepatite A','Hepatite A','8','5','0','1','2014-08-18');
insert into concept (concept_id,retired,short_name,description,form_text,datatype_id,class_id,is_set,creator,date_created) values ('71621','0','menengoAcDtD1','Menengo AC','Menengo AC','8','5','0','1','2014-08-18');
insert into concept (concept_id,retired,short_name,description,form_text,datatype_id,class_id,is_set,creator,date_created) values ('71622','0','menengoAcDtD2','Menengo AC','Menengo AC','8','5','0','1','2014-08-18');
insert into concept (concept_id,retired,short_name,description,form_text,datatype_id,class_id,is_set,creator,date_created) values ('71623','0','choleraDtD1','Cholera','Cholera','8','5','0','1','2014-08-18');
insert into concept (concept_id,retired,short_name,description,form_text,datatype_id,class_id,is_set,creator,date_created) values ('71624','0','choleraDtD2','Cholera','Cholera','8','5','0','1','2014-08-18');


insert into concept (concept_id,retired,short_name,description,form_text,datatype_id,class_id,is_set,creator,date_created) values ('71625','0','varicelDose','varicelDose','varicelDose','3','5','0','1','2014-08-18');
insert into concept (concept_id,retired,short_name,description,form_text,datatype_id,class_id,is_set,creator,date_created) values ('71626','0','rotavirusDose','rotavirusDose','rotavirusDose','3','5','0','1','2014-08-18');
insert into concept (concept_id,retired,short_name,description,form_text,datatype_id,class_id,is_set,creator,date_created) values ('71627','0','typhimviDose','typhimviDose','typhimviDose','3','5','0','1','2014-08-18');
insert into concept (concept_id,retired,short_name,description,form_text,datatype_id,class_id,is_set,creator,date_created) values ('71628','0','pneumocoqueDose','pneumocoqueDose','pneumocoqueDose','3','5','0','1','2014-08-18');
insert into concept (concept_id,retired,short_name,description,form_text,datatype_id,class_id,is_set,creator,date_created) values ('71629','0','hepatiteADose','hepatiteADose','hepatiteADose','3','5','0','1','2014-08-18');
insert into concept (concept_id,retired,short_name,description,form_text,datatype_id,class_id,is_set,creator,date_created) values ('71630','0','menengoAcDose','menengoAcDose','menengoAcDose','3','5','0','1','2014-08-18');
insert into concept (concept_id,retired,short_name,description,form_text,datatype_id,class_id,is_set,creator,date_created) values ('71631','0','choleraDose','choleraDose','choleraDose','3','5','0','1','2014-08-18');


INSERT INTO `immunizationLookup` (`immunizationLookup_id`, `immunizationID`, `immunizationCode`, `immunizationNameEn`, `immunizationNameFr`) VALUES
(49, 13, 'Rotavirus', 'Rotavirus', 'Rotavirus'),
(50, 14, 'Pneumocoque', 'Pneumocoque', 'Pneumocoque'),
(51, 15, 'Varicel', 'Varicela', 'Varicel'),
(52, 16, 'Typhimvi', 'Typhimvi', 'Typhimvi'),
(53, 17, 'Menengo', 'Menengo AC', 'Menengo AC'),
(54, 18, 'Hepatite', 'Hepatite A', 'Hepatite A'),
(55, 19, 'Cholera', 'Cholera', 'Cholera');


INSERT INTO `immunizationRendering` (`immunizationRendering_id`, `immunizationID`, `immunizationEncounterType`, `immunizationFormVersion`, `immunizationGroup`, `immunizationOrderEn`, `immunizationOrderFr`, `immunizationCnt`) VALUES
(24, 13, 16, 0, 1, 9, 9, 2),
(25, 14, 16, 0, 1, 10, 10, 3),
(26, 15, 16, 0, 1, 11, 11, 2),
(27, 16, 16, 0, 1, 12, 12, 2),
(28, 17, 16, 0, 1, 13, 13, 2),
(29, 18, 16, 0, 1, 14, 14, 2),
(30, 19, 16, 0, 1, 15, 15, 2),
(31, 13, 17, 0, 1, 9, 9, 2),
(32, 14, 17, 0, 1, 10, 10, 3),
(33, 15, 17, 0, 1, 11, 11, 2),
(34, 16, 17, 0, 1, 12, 12, 2),
(35, 17, 17, 0, 1, 13, 13, 2),
(36, 18, 17, 0, 1, 14, 14, 2),
(37, 19, 17, 0, 1, 15, 15, 2);

update `immunizationRendering` set `immunizationOrderEn`=16,`immunizationOrderFr`=16 WHERE `immunizationRendering_id` in (9,18);
update `immunizationRendering` set `immunizationOrderEn`=5,`immunizationOrderFr`=5 WHERE `immunizationRendering_id`=23;

