clinic,hiv,day,population
11100,,2007-10-31,0
11100,,2007-12-31,0
11100,,2008-01-31,0
11100,,2008-03-31,0
11100,,2008-04-30,0
11100,,2008-06-30,0
11100,,2008-07-31,0
11100,,2008-10-31,0
11100,,2008-12-31,0
11100,,2009-01-31,0
11100,,2009-03-31,0
11100,,2009-04-30,0
11100,,2009-05-31,0
11100,1,2006-01-31,102
11100,1,2006-03-31,114
11100,1,2006-04-30,131
11100,1,2006-06-30,188
11100,1,2006-07-31,218
11100,1,2006-09-30,274
11100,1,2006-10-31,325
11100,1,2006-12-31,374
11100,1,2007-01-31,464
11100,1,2007-03-31,638
11100,1,2007-04-30,730
11100,1,2007-06-30,868
11100,1,2007-07-31,976
11100,1,2007-09-30,1215
11100,1,2007-10-31,1349
11100,1,2007-12-31,1565
11100,1,2008-01-31,1709
11100,1,2008-03-31,1975
11100,1,2008-04-30,2096
11100,1,2008-06-30,2341
11100,1,2008-07-31,2464
11100,1,2008-09-30,2690
11100,1,2008-10-31,2790
11100,1,2008-12-31,3027
11100,1,2009-01-31,3187
11100,1,2009-03-31,3532
11100,1,2009-04-30,3690
11100,1,2009-05-31,3816
11100,1,2009-06-30,3922
11100,1,2009-07-31,3978
11100,1,2009-08-31,4063
11100,1,2009-09-30,4153
11100,1,2009-10-31,4217
11100,1,2009-11-30,4298
11100,1,2009-12-31,4377
11100,1,2010-01-31,4412
11100,1,2010-02-28,4425
11100,1,2010-03-31,4474
11100,1,2010-04-30,4527
11100,1,2010-05-31,4585
11100,1,2010-06-30,4634
11100,1,2010-07-31,4705
11100,1,2010-08-31,4758
11100,1,2010-09-30,4822
11100,1,2010-10-31,4883
11100,1,2010-11-30,4917
11100,1,2010-12-31,4954
11100,1,2011-01-31,5007
11100,1,2011-02-28,5070
11100,1,2011-03-31,5139
11100,1,2011-04-30,5193
11100,1,2011-05-31,5239
11100,1,2011-06-30,5268
11100,1,2011-07-31,5288
11100,1,2011-08-31,5293
11100,1,2011-09-30,5332
11100,1,2011-10-31,5360
11100,1,2011-11-30,5408
11100,1,2011-12-31,5459
11100,1,2012-01-31,5493
11120,1,2007-06-30,1
11120,1,2007-07-31,1
11120,1,2007-09-30,1
11120,1,2007-10-31,1
11120,1,2007-12-31,1
11120,1,2008-01-31,1
11120,1,2008-03-31,1
11120,1,2008-04-30,1
11120,1,2008-06-30,1
11120,1,2008-07-31,2
11120,1,2008-09-30,1
11120,1,2008-10-31,2
11120,1,2008-12-31,2
11120,1,2009-01-31,2
11120,1,2009-03-31,2
11120,1,2009-04-30,3
11120,1,2009-05-31,8
11120,1,2009-06-30,12
11120,1,2009-07-31,27
11120,1,2009-08-31,36
11120,1,2009-09-30,49
11120,1,2009-10-31,55
11120,1,2009-11-30,67
11120,1,2009-12-31,80
11120,1,2010-01-31,86
11120,1,2010-02-28,94
11120,1,2010-03-31,116
11120,1,2010-04-30,131
11120,1,2010-05-31,159
11120,1,2010-06-30,181
11120,1,2010-07-31,200
11120,1,2010-08-31,215
11120,1,2010-09-30,222
11120,1,2010-10-31,240
11120,1,2010-11-30,256
11120,1,2010-12-31,275
11120,1,2011-01-31,289
11120,1,2011-02-28,306
11120,1,2011-03-31,311
11120,1,2011-04-30,317
11120,1,2011-05-31,355
11120,1,2011-06-30,366
11120,1,2011-07-31,370
11120,1,2011-08-31,378
11120,1,2011-09-30,393
11120,1,2011-10-31,399
11120,1,2011-11-30,414
11120,1,2011-12-31,426
11120,1,2012-01-31,437
11127,1,2006-01-31,422
11127,1,2006-03-31,508
11127,1,2006-04-30,536
11127,1,2006-06-30,618
11127,1,2006-07-31,661
11127,1,2006-09-30,724
11127,1,2006-10-31,742
11127,1,2006-12-31,840
11127,1,2007-01-31,879
11127,1,2007-03-31,972
11127,1,2007-04-30,1002
11127,1,2007-06-30,1065
11127,1,2007-07-31,1108
11127,1,2007-09-30,1197
11127,1,2007-10-31,1221
11127,1,2007-12-31,1299
11127,1,2008-01-31,1343
11127,1,2008-03-31,1438
11127,1,2008-04-30,1487
11127,1,2008-06-30,1590
11127,1,2008-07-31,1648
11127,1,2008-09-30,1722
11127,1,2008-10-31,1765
11127,1,2008-12-31,1865
11127,1,2009-01-31,1935
11127,1,2009-03-31,2069
11127,1,2009-04-30,2105
11127,1,2009-05-31,2144
11127,1,2009-06-30,2173
11127,1,2009-07-31,2205
11127,1,2009-08-31,2230
11127,1,2009-09-30,2267
11127,1,2009-10-31,2313
11127,1,2009-11-30,2360
11127,1,2009-12-31,2388
11127,1,2010-01-31,2395
11127,1,2010-02-28,2395
11127,1,2010-03-31,2395
11127,1,2010-04-30,2405
11127,1,2010-05-31,2426
11127,1,2010-06-30,2450
11127,1,2010-07-31,2486
11127,1,2010-08-31,2526
11127,1,2010-09-30,2555
11127,1,2010-10-31,2578
11127,1,2010-11-30,2590
11127,1,2010-12-31,2602
11127,1,2011-01-31,2624
11127,1,2011-02-28,2643
11127,1,2011-03-31,2679
11127,1,2011-04-30,2706
11127,1,2011-05-31,2723
11127,1,2011-06-30,2754
11127,1,2011-07-31,2786
11127,1,2011-08-31,2807
11127,1,2011-09-30,2822
11127,1,2011-10-31,2836
11127,1,2011-11-30,2860
11127,1,2011-12-31,2875
11127,1,2012-01-31,2898
11155,1,2008-12-31,1
11155,1,2009-01-31,1
11155,1,2009-03-31,2
11155,1,2009-04-30,2
11155,1,2009-05-31,2
11155,1,2009-06-30,4
11155,1,2009-07-31,5
11155,1,2009-08-31,8
11155,1,2009-09-30,13
11155,1,2009-10-31,15
11155,1,2009-11-30,21
11155,1,2009-12-31,23
11155,1,2010-01-31,23
11155,1,2010-02-28,23
11155,1,2010-03-31,23
11155,1,2010-04-30,23
11155,1,2010-05-31,28
11155,1,2010-06-30,30
11155,1,2010-07-31,32
11155,1,2010-08-31,35
11155,1,2010-09-30,38
11155,1,2010-10-31,39
11155,1,2010-11-30,40
11155,1,2010-12-31,40
11155,1,2011-01-31,43
11155,1,2011-02-28,45
11155,1,2011-03-31,48
11155,1,2011-04-30,51
11155,1,2011-05-31,52
11155,1,2011-06-30,52
11155,1,2011-07-31,52
11155,1,2011-08-31,53
11155,1,2011-09-30,53
11155,1,2011-10-31,53
11155,1,2011-11-30,55
11155,1,2011-12-31,58
11155,1,2012-01-31,59
11156,1,2008-12-31,2
11156,1,2009-01-31,4
11156,1,2009-03-31,6
11156,1,2009-04-30,7
11156,1,2009-05-31,10
11156,1,2009-06-30,20
11156,1,2009-07-31,23
11156,1,2009-08-31,32
11156,1,2009-09-30,42
11156,1,2009-10-31,68
11156,1,2009-11-30,76
11156,1,2009-12-31,80
11156,1,2010-01-31,80
11156,1,2010-02-28,80
11156,1,2010-03-31,80
11156,1,2010-04-30,80
11156,1,2010-05-31,80
11156,1,2010-06-30,80
11156,1,2010-07-31,80
11156,1,2010-08-31,80
11156,1,2010-09-30,80
11156,1,2010-10-31,80
11156,1,2010-11-30,80
11156,1,2010-12-31,91
11156,1,2011-01-31,91
11156,1,2011-02-28,91
11156,1,2011-03-31,92
11156,1,2011-04-30,102
11156,1,2011-05-31,112
11156,1,2011-06-30,118
11156,1,2011-07-31,125
11156,1,2011-08-31,128
11156,1,2011-09-30,128
11156,1,2011-10-31,133
11156,1,2011-11-30,141
11156,1,2011-12-31,150
11156,1,2012-01-31,153
11157,1,2009-06-30,33
11157,1,2009-07-31,73
11157,1,2009-08-31,106
11157,1,2009-09-30,137
11157,1,2009-10-31,154
11157,1,2009-11-30,166
11157,1,2009-12-31,172
11157,1,2010-01-31,172
11157,1,2010-02-28,173
11157,1,2010-03-31,187
11157,1,2010-04-30,198
11157,1,2010-05-31,200
11157,1,2010-06-30,210
11157,1,2010-07-31,217
11157,1,2010-08-31,221
11157,1,2010-09-30,229
11157,1,2010-10-31,238
11157,1,2010-11-30,243
11157,1,2010-12-31,254
11157,1,2011-01-31,275
11157,1,2011-02-28,284
11157,1,2011-03-31,306
11157,1,2011-04-30,334
11157,1,2011-05-31,345
11157,1,2011-06-30,360
11157,1,2011-07-31,377
11157,1,2011-08-31,382
11157,1,2011-09-30,391
11157,1,2011-10-31,412
11157,1,2011-11-30,426
11157,1,2011-12-31,449
11157,1,2012-01-31,450
11208,1,2006-01-31,669
11208,1,2006-03-31,757
11208,1,2006-04-30,812
11208,1,2006-06-30,931
11208,1,2006-07-31,993
11208,1,2006-09-30,1073
11208,1,2006-10-31,1130
11208,1,2006-12-31,1269
11208,1,2007-01-31,1352
11208,1,2007-03-31,1500
11208,1,2007-04-30,1586
11208,1,2007-06-30,1748
11208,1,2007-07-31,1844
11208,1,2007-09-30,2035
11208,1,2007-10-31,2127
11208,1,2007-12-31,2273
11208,1,2008-01-31,2343
11208,1,2008-03-31,2480
11208,1,2008-04-30,2557
11208,1,2008-06-30,2668
11208,1,2008-07-31,2736
11208,1,2008-09-30,2879
11208,1,2008-10-31,2962
11208,1,2008-12-31,3080
11208,1,2009-01-31,3105
11208,1,2009-03-31,3231
11208,1,2009-04-30,3288
11208,1,2009-05-31,3351
11208,1,2009-06-30,3409
11208,1,2009-07-31,3485
11208,1,2009-08-31,3561
11208,1,2009-09-30,3632
11208,1,2009-10-31,3693
11208,1,2009-11-30,3755
11208,1,2009-12-31,3802
11208,1,2010-01-31,3824
11208,1,2010-02-28,3868
11208,1,2010-03-31,3939
11208,1,2010-04-30,3999
11208,1,2010-05-31,4055
11208,1,2010-06-30,4101
11208,1,2010-07-31,4141
11208,1,2010-08-31,4191
11208,1,2010-09-30,4227
11208,1,2010-10-31,4276
11208,1,2010-11-30,4311
11208,1,2010-12-31,4346
11208,1,2011-01-31,4391
11208,1,2011-02-28,4432
11208,1,2011-03-31,4483
11208,1,2011-04-30,4530
11208,1,2011-05-31,4582
11208,1,2011-06-30,4633
11208,1,2011-07-31,4676
11208,1,2011-08-31,4737
11208,1,2011-09-30,4806
11208,1,2011-10-31,4845
11208,1,2011-11-30,4895
11208,1,2011-12-31,4937
11208,1,2012-01-31,5005
11217,1,2006-01-31,12
11217,1,2006-03-31,14
11217,1,2006-04-30,13
11217,1,2006-06-30,14
11217,1,2006-07-31,13
11217,1,2006-09-30,14
11217,1,2006-10-31,13
11217,1,2006-12-31,14
11217,1,2007-01-31,14
11217,1,2007-03-31,15
11217,1,2007-04-30,16
11217,1,2007-06-30,17
11217,1,2007-07-31,17
11217,1,2007-09-30,41
11217,1,2007-10-31,56
11217,1,2007-12-31,80
11217,1,2008-01-31,99
11217,1,2008-03-31,133
11217,1,2008-04-30,150
11217,1,2008-06-30,208
11217,1,2008-07-31,235
11217,1,2008-09-30,276
11217,1,2008-10-31,300
11217,1,2008-12-31,397
11217,1,2009-01-31,606
11217,1,2009-03-31,793
11217,1,2009-04-30,848
11217,1,2009-05-31,888
11217,1,2009-06-30,945
11217,1,2009-07-31,983
11217,1,2009-08-31,1018
11217,1,2009-09-30,1069
11217,1,2009-10-31,1100
11217,1,2009-11-30,1135
11217,1,2009-12-31,1175
11217,1,2010-01-31,1187
11217,1,2010-02-28,1207
11217,1,2010-03-31,1232
11217,1,2010-04-30,1265
11217,1,2010-05-31,1303
11217,1,2010-06-30,1327
11217,1,2010-07-31,1358
11217,1,2010-08-31,1382
11217,1,2010-09-30,1424
11217,1,2010-10-31,1445
11217,1,2010-11-30,1457
11217,1,2010-12-31,1483
11217,1,2011-01-31,1523
11217,1,2011-02-28,1546
11217,1,2011-03-31,1566
11217,1,2011-04-30,1587
11217,1,2011-05-31,1628
11217,1,2011-06-30,1674
11217,1,2011-07-31,1705
11217,1,2011-08-31,1748
11217,1,2011-09-30,1781
11217,1,2011-10-31,1829
11217,1,2011-11-30,1846
11217,1,2011-12-31,1883
11217,1,2012-01-31,1910
11221,1,2006-01-31,22
11221,1,2006-03-31,21
11221,1,2006-04-30,24
11221,1,2006-06-30,24
11221,1,2006-07-31,26
11221,1,2006-09-30,28
11221,1,2006-10-31,28
11221,1,2006-12-31,26
11221,1,2007-01-31,31
11221,1,2007-03-31,33
11221,1,2007-04-30,38
11221,1,2007-06-30,79
11221,1,2007-07-31,109
11221,1,2007-09-30,178
11221,1,2007-10-31,222
11221,1,2007-12-31,272
11221,1,2008-01-31,320
11221,1,2008-03-31,418
11221,1,2008-04-30,472
11221,1,2008-06-30,596
11221,1,2008-07-31,669
11221,1,2008-09-30,800
11221,1,2008-10-31,850
11221,1,2008-12-31,941
11221,1,2009-01-31,1004
11221,1,2009-03-31,1110
11221,1,2009-04-30,1170
11221,1,2009-05-31,1218
11221,1,2009-06-30,1275
11221,1,2009-07-31,1353
11221,1,2009-08-31,1402
11221,1,2009-09-30,1465
11221,1,2009-10-31,1523
11221,1,2009-11-30,1561
11221,1,2009-12-31,1614
11221,1,2010-01-31,1639
11221,1,2010-02-28,1655
11221,1,2010-03-31,1701
11221,1,2010-04-30,1739
11221,1,2010-05-31,1766
11221,1,2010-06-30,1812
11221,1,2010-07-31,1857
11221,1,2010-08-31,1902
11221,1,2010-09-30,1959
11221,1,2010-10-31,2017
11221,1,2010-11-30,2056
11221,1,2010-12-31,2082
11221,1,2011-01-31,2124
11221,1,2011-02-28,2170
11221,1,2011-03-31,2208
11221,1,2011-04-30,2259
11221,1,2011-05-31,2317
11221,1,2011-06-30,2393
11221,1,2011-07-31,2450
11221,1,2011-08-31,2515
11221,1,2011-09-30,2591
11221,1,2011-10-31,2659
11221,1,2011-11-30,2717
11221,1,2011-12-31,2777
11221,1,2012-01-31,2838
11228,,2006-01-31,0
11228,,2006-04-30,0
11228,,2006-07-31,0
11228,,2006-10-31,0
11228,,2007-01-31,0
11228,,2007-04-30,0
11228,,2007-06-30,0
11228,,2007-07-31,0
11228,,2007-09-30,0
11228,,2007-10-31,0
11228,,2007-12-31,0
11228,,2008-01-31,0
11228,,2008-03-31,0
11228,,2008-04-30,0
11228,,2008-06-30,0
11228,,2008-07-31,0
11228,,2008-09-30,0
11228,,2008-10-31,0
11228,,2008-12-31,0
11228,,2009-01-31,0
11228,,2009-03-31,0
11228,,2009-04-30,0
11228,,2009-05-31,0
11228,,2009-06-30,0
11228,,2009-07-31,0
11228,,2009-08-31,0
11228,,2009-09-30,0
11228,,2009-10-31,0
11228,,2009-11-30,0
11228,1,2006-01-31,18
11228,1,2006-03-31,23
11228,1,2006-04-30,21
11228,1,2006-06-30,25
11228,1,2006-07-31,24
11228,1,2006-09-30,46
11228,1,2006-10-31,56
11228,1,2006-12-31,84
11228,1,2007-01-31,98
11228,1,2007-03-31,166
11228,1,2007-04-30,203
11228,1,2007-06-30,312
11228,1,2007-07-31,363
11228,1,2007-09-30,433
11228,1,2007-10-31,452
11228,1,2007-12-31,539
11228,1,2008-01-31,597
11228,1,2008-03-31,698
11228,1,2008-04-30,744
11228,1,2008-06-30,912
11228,1,2008-07-31,978
11228,1,2008-09-30,1106
11228,1,2008-10-31,1141
11228,1,2008-12-31,1213
11228,1,2009-01-31,1253
11228,1,2009-03-31,1332
11228,1,2009-04-30,1354
11228,1,2009-05-31,1373
11228,1,2009-06-30,1408
11228,1,2009-07-31,1436
11228,1,2009-08-31,1457
11228,1,2009-09-30,1483
11228,1,2009-10-31,1524
11228,1,2009-11-30,1545
11228,1,2009-12-31,1556
11228,1,2010-01-31,1561
11228,1,2010-02-28,1564
11228,1,2010-03-31,1569
11228,1,2010-04-30,1585
11228,1,2010-05-31,1611
11228,1,2010-06-30,1638
11228,1,2010-07-31,1664
11228,1,2010-08-31,1688
11228,1,2010-09-30,1755
11228,1,2010-10-31,1808
11228,1,2010-11-30,1846
11228,1,2010-12-31,1881
11228,1,2011-01-31,1940
11228,1,2011-02-28,1972
11228,1,2011-03-31,2000
11228,1,2011-04-30,2035
11228,1,2011-05-31,2096
11228,1,2011-06-30,2154
11228,1,2011-07-31,2209
11228,1,2011-08-31,2253
11228,1,2011-09-30,2329
11228,1,2011-10-31,2364
11228,1,2011-11-30,2409
11228,1,2011-12-31,2438
11228,1,2012-01-31,2471
11234,1,2009-06-30,1
11234,1,2009-07-31,2
11234,1,2009-08-31,2
11234,1,2009-09-30,4
11234,1,2009-10-31,6
11234,1,2009-11-30,8
11234,1,2009-12-31,8
11234,1,2010-01-31,8
11234,1,2010-02-28,8
11234,1,2010-03-31,9
11234,1,2010-04-30,9
11234,1,2010-05-31,9
11234,1,2010-06-30,11
11234,1,2010-07-31,11
11234,1,2010-08-31,18
11234,1,2010-09-30,20
11234,1,2010-10-31,20
11234,1,2010-11-30,22
11234,1,2010-12-31,23
11234,1,2011-01-31,26
11234,1,2011-02-28,28
11234,1,2011-03-31,28
11234,1,2011-04-30,31
11234,1,2011-05-31,36
11234,1,2011-06-30,37
11234,1,2011-07-31,37
11234,1,2011-08-31,38
11234,1,2011-09-30,40
11234,1,2011-10-31,41
11234,1,2011-11-30,42
11234,1,2011-12-31,42
11234,1,2012-01-31,44
11240,1,2010-06-30,2
11240,1,2010-07-31,2
11240,1,2010-08-31,3
11240,1,2010-09-30,4
11240,1,2010-10-31,4
11240,1,2010-11-30,4
11240,1,2010-12-31,5
11240,1,2011-01-31,8
11240,1,2011-02-28,8
11240,1,2011-03-31,8
11240,1,2011-04-30,10
11240,1,2011-05-31,13
11240,1,2011-06-30,14
11240,1,2011-07-31,14
11240,1,2011-08-31,15
11240,1,2011-09-30,17
11240,1,2011-10-31,17
11240,1,2011-11-30,18
11240,1,2011-12-31,19
11240,1,2012-01-31,20
11303,,2006-04-30,0
11303,,2006-10-31,0
11303,,2007-01-31,0
11303,,2007-04-30,0
11303,,2007-06-30,0
11303,,2007-07-31,0
11303,,2007-10-31,0
11303,,2007-12-31,0
11303,,2008-01-31,0
11303,,2008-03-31,0
11303,,2008-04-30,0
11303,,2008-06-30,0
11303,,2008-07-31,0
11303,,2008-10-31,0
11303,,2008-12-31,0
11303,,2009-01-31,0
11303,,2009-03-31,0
11303,,2009-04-30,0
11303,,2009-06-30,0
11303,1,2006-01-31,16
11303,1,2006-03-31,34
11303,1,2006-04-30,46
11303,1,2006-06-30,75
11303,1,2006-07-31,86
11303,1,2006-09-30,108
11303,1,2006-10-31,122
11303,1,2006-12-31,149
11303,1,2007-01-31,158
11303,1,2007-03-31,177
11303,1,2007-04-30,186
11303,1,2007-06-30,192
11303,1,2007-07-31,201
11303,1,2007-09-30,223
11303,1,2007-10-31,243
11303,1,2007-12-31,285
11303,1,2008-01-31,311
11303,1,2008-03-31,353
11303,1,2008-04-30,379
11303,1,2008-06-30,416
11303,1,2008-07-31,441
11303,1,2008-09-30,482
11303,1,2008-10-31,500
11303,1,2008-12-31,539
11303,1,2009-01-31,569
11303,1,2009-03-31,605
11303,1,2009-04-30,627
11303,1,2009-05-31,647
11303,1,2009-06-30,669
11303,1,2009-07-31,691
11303,1,2009-08-31,717
11303,1,2009-09-30,749
11303,1,2009-10-31,775
11303,1,2009-11-30,800
11303,1,2009-12-31,826
11303,1,2010-01-31,840
11303,1,2010-02-28,858
11303,1,2010-03-31,882
11303,1,2010-04-30,906
11303,1,2010-05-31,916
11303,1,2010-06-30,931
11303,1,2010-07-31,945
11303,1,2010-08-31,962
11303,1,2010-09-30,1000
11303,1,2010-10-31,1033
11303,1,2010-11-30,1061
11303,1,2010-12-31,1075
11303,1,2011-01-31,1102
11303,1,2011-02-28,1127
11303,1,2011-03-31,1159
11303,1,2011-04-30,1181
11303,1,2011-05-31,1205
11303,1,2011-06-30,1219
11303,1,2011-07-31,1231
11303,1,2011-08-31,1249
11303,1,2011-09-30,1261
11303,1,2011-10-31,1273
11303,1,2011-11-30,1289
11303,1,2011-12-31,1293
11303,1,2012-01-31,1305
11306,1,2006-01-31,1
11306,1,2006-03-31,1
11306,1,2006-04-30,1
11306,1,2006-06-30,1
11306,1,2006-07-31,1
11306,1,2006-09-30,1
11306,1,2006-10-31,1
11306,1,2006-12-31,1
11306,1,2007-01-31,1
11306,1,2007-03-31,1
11306,1,2007-04-30,1
11306,1,2007-06-30,1
11306,1,2007-07-31,1
11306,1,2007-09-30,7
11306,1,2007-10-31,9
11306,1,2007-12-31,11
11306,1,2008-01-31,12
11306,1,2008-03-31,16
11306,1,2008-04-30,17
11306,1,2008-06-30,18
11306,1,2008-07-31,21
11306,1,2008-09-30,23
11306,1,2008-10-31,22
11306,1,2008-12-31,24
11306,1,2009-01-31,24
11306,1,2009-03-31,27
11306,1,2009-04-30,27
11306,1,2009-05-31,29
11306,1,2009-06-30,31
11306,1,2009-07-31,31
11306,1,2009-08-31,40
11306,1,2009-09-30,42
11306,1,2009-10-31,47
11306,1,2009-11-30,52
11306,1,2009-12-31,56
11306,1,2010-01-31,59
11306,1,2010-02-28,59
11306,1,2010-03-31,64
11306,1,2010-04-30,69
11306,1,2010-05-31,71
11306,1,2010-06-30,74
11306,1,2010-07-31,74
11306,1,2010-08-31,75
11306,1,2010-09-30,77
11306,1,2010-10-31,77
11306,1,2010-11-30,78
11306,1,2010-12-31,81
11306,1,2011-01-31,81
11306,1,2011-02-28,81
11306,1,2011-03-31,82
11306,1,2011-04-30,83
11306,1,2011-05-31,83
11306,1,2011-06-30,83
11306,1,2011-07-31,83
11306,1,2011-08-31,83
11306,1,2011-09-30,83
11306,1,2011-10-31,84
11306,1,2011-11-30,85
11306,1,2011-12-31,85
11306,1,2012-01-31,85
11316,1,2006-01-31,47
11316,1,2006-03-31,97
11316,1,2006-04-30,141
11316,1,2006-06-30,197
11316,1,2006-07-31,225
11316,1,2006-09-30,299
11316,1,2006-10-31,320
11316,1,2006-12-31,361
11316,1,2007-01-31,385
11316,1,2007-03-31,435
11316,1,2007-04-30,462
11316,1,2007-06-30,499
11316,1,2007-07-31,514
11316,1,2007-09-30,555
11316,1,2007-10-31,559
11316,1,2007-12-31,595
11316,1,2008-01-31,615
11316,1,2008-03-31,645
11316,1,2008-04-30,655
11316,1,2008-06-30,711
11316,1,2008-07-31,733
11316,1,2008-09-30,802
11316,1,2008-10-31,840
11316,1,2008-12-31,913
11316,1,2009-01-31,943
11316,1,2009-03-31,986
11316,1,2009-04-30,1002
11316,1,2009-05-31,1012
11316,1,2009-06-30,1031
11316,1,2009-07-31,1058
11316,1,2009-08-31,1071
11316,1,2009-09-30,1099
11316,1,2009-10-31,1128
11316,1,2009-11-30,1145
11316,1,2009-12-31,1159
11316,1,2010-01-31,1170
11316,1,2010-02-28,1171
11316,1,2010-03-31,1178
11316,1,2010-04-30,1184
11316,1,2010-05-31,1195
11316,1,2010-06-30,1210
11316,1,2010-07-31,1223
11316,1,2010-08-31,1234
11316,1,2010-09-30,1245
11316,1,2010-10-31,1257
11316,1,2010-11-30,1271
11316,1,2010-12-31,1280
11316,1,2011-01-31,1293
11316,1,2011-02-28,1303
11316,1,2011-03-31,1311
11316,1,2011-04-30,1324
11316,1,2011-05-31,1333
11316,1,2011-06-30,1344
11316,1,2011-07-31,1361
11316,1,2011-08-31,1373
11316,1,2011-09-30,1382
11316,1,2011-10-31,1395
11316,1,2011-11-30,1401
11316,1,2011-12-31,1413
11316,1,2012-01-31,1424
11404,1,2006-01-31,8
11404,1,2006-03-31,9
11404,1,2006-04-30,12
11404,1,2006-06-30,11
11404,1,2006-07-31,15
11404,1,2006-09-30,20
11404,1,2006-10-31,36
11404,1,2006-12-31,65
11404,1,2007-01-31,86
11404,1,2007-03-31,124
11404,1,2007-04-30,137
11404,1,2007-06-30,167
11404,1,2007-07-31,183
11404,1,2007-09-30,210
11404,1,2007-10-31,235
11404,1,2007-12-31,273
11404,1,2008-01-31,282
11404,1,2008-03-31,304
11404,1,2008-04-30,319
11404,1,2008-06-30,350
11404,1,2008-07-31,368
11404,1,2008-09-30,388
11404,1,2008-10-31,403
11404,1,2008-12-31,423
11404,1,2009-01-31,430
11404,1,2009-03-31,445
11404,1,2009-04-30,453
11404,1,2009-05-31,463
11404,1,2009-06-30,469
11404,1,2009-07-31,494
11404,1,2009-08-31,526
11404,1,2009-09-30,553
11404,1,2009-10-31,567
11404,1,2009-11-30,577
11404,1,2009-12-31,589
11404,1,2010-01-31,598
11404,1,2010-02-28,604
11404,1,2010-03-31,607
11404,1,2010-04-30,625
11404,1,2010-05-31,647
11404,1,2010-06-30,655
11404,1,2010-07-31,659
11404,1,2010-08-31,668
11404,1,2010-09-30,675
11404,1,2010-10-31,688
11404,1,2010-11-30,692
11404,1,2010-12-31,697
11404,1,2011-01-31,704
11404,1,2011-02-28,715
11404,1,2011-03-31,726
11404,1,2011-04-30,730
11404,1,2011-05-31,746
11404,1,2011-06-30,757
11404,1,2011-07-31,765
11404,1,2011-08-31,785
11404,1,2011-09-30,797
11404,1,2011-10-31,812
11404,1,2011-11-30,830
11404,1,2011-12-31,840
11404,1,2012-01-31,848
11405,,2007-12-31,0
11405,,2008-04-30,0
11405,,2008-09-30,0
11405,,2009-03-31,0
11405,,2009-07-31,0
11405,,2009-08-31,0
11405,,2009-09-30,0
11405,1,2006-03-31,1
11405,1,2006-06-30,1
11405,1,2006-12-31,1
11405,1,2007-03-31,1
11405,1,2007-12-31,5
11405,1,2008-01-31,8
11405,1,2008-03-31,18
11405,1,2008-04-30,22
11405,1,2008-06-30,29
11405,1,2008-07-31,33
11405,1,2008-09-30,37
11405,1,2008-10-31,45
11405,1,2008-12-31,60
11405,1,2009-01-31,69
11405,1,2009-03-31,91
11405,1,2009-04-30,100
11405,1,2009-05-31,114
11405,1,2009-06-30,122
11405,1,2009-07-31,131
11405,1,2009-08-31,150
11405,1,2009-09-30,165
11405,1,2009-10-31,185
11405,1,2009-11-30,193
11405,1,2009-12-31,209
11405,1,2010-01-31,241
11405,1,2010-02-28,260
11405,1,2010-03-31,273
11405,1,2010-04-30,294
11405,1,2010-05-31,307
11405,1,2010-06-30,321
11405,1,2010-07-31,339
11405,1,2010-08-31,356
11405,1,2010-09-30,376
11405,1,2010-10-31,396
11405,1,2010-11-30,406
11405,1,2010-12-31,415
11405,1,2011-01-31,440
11405,1,2011-02-28,457
11405,1,2011-03-31,471
11405,1,2011-04-30,482
11405,1,2011-05-31,496
11405,1,2011-06-30,513
11405,1,2011-07-31,536
11405,1,2011-08-31,548
11405,1,2011-09-30,555
11405,1,2011-10-31,563
11405,1,2011-11-30,575
11405,1,2011-12-31,587
11405,1,2012-01-31,598
11412,1,2006-01-31,64
11412,1,2006-03-31,79
11412,1,2006-04-30,87
11412,1,2006-06-30,96
11412,1,2006-07-31,106
11412,1,2006-09-30,112
11412,1,2006-10-31,118
11412,1,2006-12-31,137
11412,1,2007-01-31,146
11412,1,2007-03-31,173
11412,1,2007-04-30,188
11412,1,2007-06-30,217
11412,1,2007-07-31,239
11412,1,2007-09-30,270
11412,1,2007-10-31,284
11412,1,2007-12-31,313
11412,1,2008-01-31,327
11412,1,2008-03-31,363
11412,1,2008-04-30,375
11412,1,2008-06-30,402
11412,1,2008-07-31,415
11412,1,2008-09-30,451
11412,1,2008-10-31,471
11412,1,2008-12-31,504
11412,1,2009-01-31,529
11412,1,2009-03-31,566
11412,1,2009-04-30,586
11412,1,2009-05-31,602
11412,1,2009-06-30,638
11412,1,2009-07-31,670
11412,1,2009-08-31,682
11412,1,2009-09-30,702
11412,1,2009-10-31,719
11412,1,2009-11-30,738
11412,1,2009-12-31,756
11412,1,2010-01-31,768
11412,1,2010-02-28,779
11412,1,2010-03-31,791
11412,1,2010-04-30,799
11412,1,2010-05-31,804
11412,1,2010-06-30,818
11412,1,2010-07-31,828
11412,1,2010-08-31,840
11412,1,2010-09-30,862
11412,1,2010-10-31,879
11412,1,2010-11-30,892
11412,1,2010-12-31,904
11412,1,2011-01-31,921
11412,1,2011-02-28,949
11412,1,2011-03-31,975
11412,1,2011-04-30,1000
11412,1,2011-05-31,1026
11412,1,2011-06-30,1048
11412,1,2011-07-31,1061
11412,1,2011-08-31,1082
11412,1,2011-09-30,1123
11412,1,2011-10-31,1156
11412,1,2011-11-30,1190
11412,1,2011-12-31,1223
11412,1,2012-01-31,1253
11423,1,2008-10-31,6
11423,1,2008-12-31,8
11423,1,2009-01-31,8
11423,1,2009-03-31,10
11423,1,2009-04-30,12
11423,1,2009-05-31,13
11423,1,2009-06-30,19
11423,1,2009-07-31,26
11423,1,2009-08-31,34
11423,1,2009-09-30,42
11423,1,2009-10-31,69
11423,1,2009-11-30,78
11423,1,2009-12-31,86
11423,1,2010-01-31,89
11423,1,2010-02-28,89
11423,1,2010-03-31,90
11423,1,2010-04-30,97
11423,1,2010-05-31,97
11423,1,2010-06-30,101
11423,1,2010-07-31,108
11423,1,2010-08-31,112
11423,1,2010-09-30,120
11423,1,2010-10-31,126
11423,1,2010-11-30,127
11423,1,2010-12-31,132
11423,1,2011-01-31,137
11423,1,2011-02-28,142
11423,1,2011-03-31,149
11423,1,2011-04-30,154
11423,1,2011-05-31,164
11423,1,2011-06-30,167
11423,1,2011-07-31,168
11423,1,2011-08-31,169
11423,1,2011-09-30,170
11423,1,2011-10-31,170
11423,1,2011-11-30,177
11423,1,2011-12-31,179
11423,1,2012-01-31,187
11503,1,2006-01-31,16
11503,1,2006-03-31,16
11503,1,2006-04-30,16
11503,1,2006-06-30,16
11503,1,2006-07-31,16
11503,1,2006-09-30,17
11503,1,2006-10-31,17
11503,1,2006-12-31,20
11503,1,2007-01-31,27
11503,1,2007-03-31,72
11503,1,2007-04-30,90
11503,1,2007-06-30,117
11503,1,2007-07-31,131
11503,1,2007-09-30,155
11503,1,2007-10-31,162
11503,1,2007-12-31,172
11503,1,2008-01-31,180
11503,1,2008-03-31,193
11503,1,2008-04-30,198
11503,1,2008-06-30,215
11503,1,2008-07-31,221
11503,1,2008-09-30,250
11503,1,2008-10-31,265
11503,1,2008-12-31,284
11503,1,2009-01-31,304
11503,1,2009-03-31,324
11503,1,2009-04-30,344
11503,1,2009-05-31,352
11503,1,2009-06-30,368
11503,1,2009-07-31,392
11503,1,2009-08-31,405
11503,1,2009-09-30,412
11503,1,2009-10-31,432
11503,1,2009-11-30,439
11503,1,2009-12-31,444
11503,1,2010-01-31,450
11503,1,2010-02-28,454
11503,1,2010-03-31,465
11503,1,2010-04-30,477
11503,1,2010-05-31,485
11503,1,2010-06-30,497
11503,1,2010-07-31,514
11503,1,2010-08-31,519
11503,1,2010-09-30,532
11503,1,2010-10-31,549
11503,1,2010-11-30,558
11503,1,2010-12-31,561
11503,1,2011-01-31,578
11503,1,2011-02-28,586
11503,1,2011-03-31,597
11503,1,2011-04-30,605
11503,1,2011-05-31,621
11503,1,2011-06-30,629
11503,1,2011-07-31,643
11503,1,2011-08-31,651
11503,1,2011-09-30,661
11503,1,2011-10-31,670
11503,1,2011-11-30,681
11503,1,2011-12-31,687
11503,1,2012-01-31,699
12107,1,2006-03-31,4
12107,1,2006-06-30,4
12107,1,2006-09-30,4
12107,1,2006-12-31,5
12107,1,2007-03-31,5
12107,1,2007-09-30,6
12107,1,2008-09-30,11
12107,1,2009-05-31,13
12107,1,2009-06-30,29
12107,1,2009-07-31,44
12107,1,2009-08-31,52
12107,1,2009-09-30,68
12107,1,2009-10-31,74
12107,1,2009-11-30,97
12107,1,2009-12-31,119
12107,1,2010-01-31,133
12107,1,2010-02-28,142
12107,1,2010-03-31,159
12107,1,2010-04-30,191
12107,1,2010-05-31,212
12107,1,2010-06-30,236
12107,1,2010-07-31,258
12107,1,2010-08-31,271
12107,1,2010-09-30,286
12107,1,2010-10-31,310
12107,1,2010-11-30,317
12107,1,2010-12-31,324
12107,1,2011-01-31,339
12107,1,2011-02-28,348
12107,1,2011-03-31,361
12107,1,2011-04-30,373
12107,1,2011-05-31,393
12107,1,2011-06-30,406
12107,1,2011-07-31,412
12107,1,2011-08-31,421
12107,1,2011-09-30,424
12107,1,2011-10-31,439
12107,1,2011-11-30,445
12107,1,2011-12-31,446
12107,1,2012-01-31,446
12108,1,2006-01-31,5
12108,1,2006-03-31,7
12108,1,2006-04-30,7
12108,1,2006-06-30,10
12108,1,2006-07-31,11
12108,1,2006-09-30,11
12108,1,2006-10-31,12
12108,1,2006-12-31,19
12108,1,2007-01-31,21
12108,1,2007-03-31,22
12108,1,2007-04-30,24
12108,1,2007-06-30,26
12108,1,2007-07-31,26
12108,1,2007-09-30,26
12108,1,2007-10-31,26
12108,1,2007-12-31,26
12108,1,2008-01-31,26
12108,1,2008-03-31,26
12108,1,2008-04-30,26
12108,1,2008-06-30,26
12108,1,2008-07-31,26
12108,1,2008-09-30,26
12108,1,2008-10-31,26
12108,1,2008-12-31,26
12108,1,2009-01-31,26
12108,1,2009-03-31,26
12108,1,2009-04-30,26
12108,1,2009-05-31,26
12108,1,2009-06-30,26
12108,1,2009-07-31,26
12108,1,2009-08-31,26
12108,1,2009-09-30,26
12108,1,2009-10-31,26
12108,1,2009-11-30,26
12108,1,2009-12-31,26
12108,1,2010-01-31,26
12108,1,2010-02-28,26
12108,1,2010-03-31,26
12108,1,2010-04-30,26
12108,1,2010-05-31,26
12108,1,2010-06-30,26
12108,1,2010-07-31,26
12108,1,2010-08-31,26
12108,1,2010-09-30,26
12108,1,2010-10-31,26
12108,1,2010-11-30,26
12108,1,2010-12-31,26
12108,1,2011-01-31,26
12108,1,2011-02-28,26
12108,1,2011-03-31,26
12108,1,2011-04-30,26
12108,1,2011-05-31,26
12108,1,2011-06-30,26
12108,1,2011-07-31,26
12108,1,2011-08-31,26
12108,1,2011-09-30,26
12108,1,2011-10-31,26
12108,1,2011-11-30,26
12108,1,2011-12-31,26
12108,1,2012-01-31,26
12201,1,2006-03-31,9
12201,1,2006-06-30,27
12201,1,2006-09-30,54
12201,1,2006-12-31,77
12201,1,2007-03-31,113
12201,1,2007-09-30,154
12201,1,2008-09-30,255
12201,1,2009-06-30,400
12201,1,2009-07-31,418
12201,1,2009-08-31,429
12201,1,2009-09-30,450
12201,1,2009-10-31,461
12201,1,2009-11-30,473
12201,1,2009-12-31,487
12201,1,2010-01-31,487
12201,1,2010-02-28,490
12201,1,2010-03-31,493
12201,1,2010-04-30,497
12201,1,2010-05-31,498
12201,1,2010-06-30,499
12201,1,2010-07-31,499
12201,1,2010-08-31,503
12201,1,2010-09-30,506
12201,1,2010-10-31,506
12201,1,2010-11-30,507
12201,1,2010-12-31,507
12201,1,2011-01-31,508
12201,1,2011-02-28,509
12201,1,2011-03-31,516
12201,1,2011-04-30,530
12201,1,2011-05-31,538
12201,1,2011-06-30,549
12201,1,2011-07-31,562
12201,1,2011-08-31,574
12201,1,2011-09-30,584
12201,1,2011-10-31,593
12201,1,2011-11-30,606
12201,1,2011-12-31,607
12201,1,2012-01-31,607
13103,1,2006-03-31,1
13103,1,2006-06-30,1
13103,1,2006-09-30,1
13103,1,2006-12-31,1
13103,1,2007-03-31,1
13103,1,2007-09-30,1
13103,1,2008-09-30,1
13103,1,2008-12-31,20
13103,1,2009-01-31,30
13103,1,2009-03-31,30
13103,1,2009-04-30,30
13103,1,2009-05-31,31
13103,1,2009-06-30,31
13103,1,2009-07-31,31
13103,1,2009-08-31,31
13103,1,2009-09-30,31
13103,1,2009-10-31,40
13103,1,2009-11-30,46
13103,1,2009-12-31,48
13103,1,2010-01-31,48
13103,1,2010-02-28,49
13103,1,2010-03-31,50
13103,1,2010-04-30,52
13103,1,2010-05-31,55
13103,1,2010-06-30,58
13103,1,2010-07-31,60
13103,1,2010-08-31,60
13103,1,2010-09-30,67
13103,1,2010-10-31,75
13103,1,2010-11-30,82
13103,1,2010-12-31,85
13103,1,2011-01-31,92
13103,1,2011-02-28,100
13103,1,2011-03-31,111
13103,1,2011-04-30,118
13103,1,2011-05-31,126
13103,1,2011-06-30,137
13103,1,2011-07-31,142
13103,1,2011-08-31,148
13103,1,2011-09-30,157
13103,1,2011-10-31,172
13103,1,2011-11-30,206
13103,1,2011-12-31,236
13103,1,2012-01-31,256
13109,1,2009-10-31,1
13109,1,2009-11-30,4
13109,1,2009-12-31,4
13109,1,2010-01-31,4
13109,1,2010-02-28,4
13109,1,2010-03-31,4
13109,1,2010-04-30,4
13109,1,2010-05-31,4
13109,1,2010-06-30,4
13109,1,2010-07-31,4
13109,1,2010-08-31,4
13109,1,2010-09-30,4
13109,1,2010-10-31,4
13109,1,2010-11-30,4
13109,1,2010-12-31,4
13109,1,2011-01-31,6
13109,1,2011-02-28,11
13109,1,2011-03-31,69
13109,1,2011-04-30,85
13109,1,2011-05-31,113
13109,1,2011-06-30,134
13109,1,2011-07-31,159
13109,1,2011-08-31,175
13109,1,2011-09-30,193
13109,1,2011-10-31,209
13109,1,2011-11-30,212
13109,1,2011-12-31,214
13109,1,2012-01-31,214
13114,1,2009-06-30,3
13114,1,2009-07-31,5
13114,1,2009-08-31,7
13114,1,2009-09-30,12
13114,1,2009-10-31,14
13114,1,2009-11-30,15
13114,1,2009-12-31,16
13114,1,2010-01-31,16
13114,1,2010-02-28,16
13114,1,2010-03-31,17
13114,1,2010-04-30,17
13114,1,2010-05-31,18
13114,1,2010-06-30,20
13114,1,2010-07-31,21
13114,1,2010-08-31,23
13114,1,2010-09-30,24
13114,1,2010-10-31,24
13114,1,2010-11-30,24
13114,1,2010-12-31,24
13114,1,2011-01-31,24
13114,1,2011-02-28,24
13114,1,2011-03-31,24
13114,1,2011-04-30,24
13114,1,2011-05-31,24
13114,1,2011-06-30,24
13114,1,2011-07-31,24
13114,1,2011-08-31,25
13114,1,2011-09-30,25
13114,1,2011-10-31,25
13114,1,2011-11-30,25
13114,1,2011-12-31,26
13114,1,2012-01-31,28
14103,0,2009-01-31,1
14103,0,2009-03-31,1
14103,0,2009-04-30,1
14103,0,2009-05-31,1
14103,0,2009-06-30,1
14103,0,2009-07-31,1
14103,0,2009-08-31,1
14103,0,2009-09-30,1
14103,0,2009-10-31,1
14103,0,2009-11-30,1
14103,1,2006-04-30,1
14103,1,2006-06-30,1
14103,1,2006-07-31,1
14103,1,2006-09-30,1
14103,1,2006-10-31,1
14103,1,2006-12-31,1
14103,1,2007-01-31,1
14103,1,2007-03-31,1
14103,1,2007-04-30,2
14103,1,2007-06-30,3
14103,1,2007-07-31,3
14103,1,2007-09-30,15
14103,1,2007-10-31,16
14103,1,2007-12-31,16
14103,1,2008-01-31,16
14103,1,2008-03-31,22
14103,1,2008-04-30,29
14103,1,2008-06-30,42
14103,1,2008-07-31,48
14103,1,2008-09-30,72
14103,1,2008-10-31,84
14103,1,2008-12-31,93
14103,1,2009-01-31,97
14103,1,2009-03-31,112
14103,1,2009-04-30,134
14103,1,2009-05-31,137
14103,1,2009-06-30,137
14103,1,2009-07-31,138
14103,1,2009-08-31,148
14103,1,2009-09-30,156
14103,1,2009-10-31,157
14103,1,2009-11-30,163
14103,1,2009-12-31,167
14103,1,2010-01-31,168
14103,1,2010-02-28,169
14103,1,2010-03-31,169
14103,1,2010-04-30,170
14103,1,2010-05-31,170
14103,1,2010-06-30,170
14103,1,2010-07-31,170
14103,1,2010-08-31,171
14103,1,2010-09-30,171
14103,1,2010-10-31,171
14103,1,2010-11-30,171
14103,1,2010-12-31,171
14103,1,2011-01-31,171
14103,1,2011-02-28,171
14103,1,2011-03-31,181
14103,1,2011-04-30,186
14103,1,2011-05-31,189
14103,1,2011-06-30,199
14103,1,2011-07-31,211
14103,1,2011-08-31,213
14103,1,2011-09-30,219
14103,1,2011-10-31,222
14103,1,2011-11-30,224
14103,1,2011-12-31,224
14103,1,2012-01-31,232
14106,1,2008-06-30,1
14106,1,2008-07-31,1
14106,1,2008-09-30,1
14106,1,2008-10-31,1
14106,1,2008-12-31,2
14106,1,2009-01-31,2
14106,1,2009-03-31,2
14106,1,2009-04-30,2
14106,1,2009-05-31,2
14106,1,2009-06-30,3
14106,1,2009-07-31,3
14106,1,2009-08-31,3
14106,1,2009-09-30,3
14106,1,2009-10-31,3
14106,1,2009-11-30,4
14106,1,2009-12-31,4
14106,1,2010-01-31,5
14106,1,2010-02-28,5
14106,1,2010-03-31,8
14106,1,2010-04-30,10
14106,1,2010-05-31,10
14106,1,2010-06-30,11
14106,1,2010-07-31,11
14106,1,2010-08-31,11
14106,1,2010-09-30,11
14106,1,2010-10-31,11
14106,1,2010-11-30,11
14106,1,2010-12-31,11
14106,1,2011-01-31,11
14106,1,2011-02-28,11
14106,1,2011-03-31,11
14106,1,2011-04-30,11
14106,1,2011-05-31,11
14106,1,2011-06-30,11
14106,1,2011-07-31,11
14106,1,2011-08-31,11
14106,1,2011-09-30,13
14106,1,2011-10-31,13
14106,1,2011-11-30,13
14106,1,2011-12-31,13
14106,1,2012-01-31,13
15103,1,2007-03-31,12
15103,1,2007-04-30,16
15103,1,2007-06-30,37
15103,1,2007-07-31,52
15103,1,2007-09-30,73
15103,1,2007-10-31,78
15103,1,2007-12-31,101
15103,1,2008-01-31,111
15103,1,2008-03-31,136
15103,1,2008-04-30,145
15103,1,2008-06-30,161
15103,1,2008-07-31,168
15103,1,2008-09-30,188
15103,1,2008-10-31,198
15103,1,2008-12-31,220
15103,1,2009-01-31,234
15103,1,2009-03-31,253
15103,1,2009-04-30,264
15103,1,2009-05-31,267
15103,1,2009-06-30,273
15103,1,2009-07-31,298
15103,1,2009-08-31,305
15103,1,2009-09-30,315
15103,1,2009-10-31,321
15103,1,2009-11-30,329
15103,1,2009-12-31,341
15103,1,2010-01-31,342
15103,1,2010-02-28,348
15103,1,2010-03-31,357
15103,1,2010-04-30,368
15103,1,2010-05-31,372
15103,1,2010-06-30,381
15103,1,2010-07-31,386
15103,1,2010-08-31,390
15103,1,2010-09-30,395
15103,1,2010-10-31,401
15103,1,2010-11-30,407
15103,1,2010-12-31,411
15103,1,2011-01-31,420
15103,1,2011-02-28,428
15103,1,2011-03-31,441
15103,1,2011-04-30,455
15103,1,2011-05-31,461
15103,1,2011-06-30,466
15103,1,2011-07-31,478
15103,1,2011-08-31,485
15103,1,2011-09-30,490
15103,1,2011-10-31,496
15103,1,2011-11-30,502
15103,1,2011-12-31,509
15103,1,2012-01-31,518
21100,1,2006-01-31,291
21100,1,2006-03-31,325
21100,1,2006-04-30,345
21100,1,2006-06-30,398
21100,1,2006-07-31,417
21100,1,2006-09-30,458
21100,1,2006-10-31,483
21100,1,2006-12-31,534
21100,1,2007-01-31,572
21100,1,2007-03-31,656
21100,1,2007-04-30,706
21100,1,2007-06-30,774
21100,1,2007-07-31,812
21100,1,2007-09-30,891
21100,1,2007-10-31,913
21100,1,2007-12-31,963
21100,1,2008-01-31,984
21100,1,2008-03-31,1031
21100,1,2008-04-30,1055
21100,1,2008-06-30,1106
21100,1,2008-07-31,1140
21100,1,2008-09-30,1178
21100,1,2008-10-31,1216
21100,1,2008-12-31,1276
21100,1,2009-01-31,1311
21100,1,2009-03-31,1384
21100,1,2009-04-30,1408
21100,1,2009-05-31,1448
21100,1,2009-06-30,1500
21100,1,2009-07-31,1536
21100,1,2009-08-31,1566
21100,1,2009-09-30,1593
21100,1,2009-10-31,1628
21100,1,2009-11-30,1651
21100,1,2009-12-31,1680
21100,1,2010-01-31,1696
21100,1,2010-02-28,1705
21100,1,2010-03-31,1745
21100,1,2010-04-30,1768
21100,1,2010-05-31,1795
21100,1,2010-06-30,1813
21100,1,2010-07-31,1838
21100,1,2010-08-31,1871
21100,1,2010-09-30,1893
21100,1,2010-10-31,1918
21100,1,2010-11-30,1942
21100,1,2010-12-31,1971
21100,1,2011-01-31,1997
21100,1,2011-02-28,2032
21100,1,2011-03-31,2058
21100,1,2011-04-30,2080
21100,1,2011-05-31,2107
21100,1,2011-06-30,2135
21100,1,2011-07-31,2167
21100,1,2011-08-31,2188
21100,1,2011-09-30,2219
21100,1,2011-10-31,2236
21100,1,2011-11-30,2265
21100,1,2011-12-31,2281
21100,1,2012-01-31,2311
21201,1,2006-01-31,2
21201,1,2006-03-31,2
21201,1,2006-04-30,2
21201,1,2006-06-30,2
21201,1,2006-07-31,2
21201,1,2006-09-30,2
21201,1,2006-10-31,2
21201,1,2006-12-31,2
21201,1,2007-01-31,2
21201,1,2007-03-31,2
21201,1,2007-04-30,2
21201,1,2007-06-30,2
21201,1,2007-07-31,2
21201,1,2007-09-30,2
21201,1,2007-10-31,2
21201,1,2007-12-31,3
21201,1,2008-01-31,8
21201,1,2008-03-31,15
21201,1,2008-04-30,16
21201,1,2008-06-30,19
21201,1,2008-07-31,22
21201,1,2008-09-30,26
21201,1,2008-10-31,29
21201,1,2008-12-31,36
21201,1,2009-01-31,39
21201,1,2009-03-31,42
21201,1,2009-04-30,42
21201,1,2009-05-31,48
21201,1,2009-06-30,49
21201,1,2009-07-31,52
21201,1,2009-08-31,56
21201,1,2009-09-30,60
21201,1,2009-10-31,67
21201,1,2009-11-30,67
21201,1,2009-12-31,70
21201,1,2010-01-31,72
21201,1,2010-02-28,73
21201,1,2010-03-31,75
21201,1,2010-04-30,76
21201,1,2010-05-31,80
21201,1,2010-06-30,86
21201,1,2010-07-31,88
21201,1,2010-08-31,94
21201,1,2010-09-30,97
21201,1,2010-10-31,104
21201,1,2010-11-30,111
21201,1,2010-12-31,114
21201,1,2011-01-31,122
21201,1,2011-02-28,125
21201,1,2011-03-31,128
21201,1,2011-04-30,134
21201,1,2011-05-31,137
21201,1,2011-06-30,140
21201,1,2011-07-31,148
21201,1,2011-08-31,151
21201,1,2011-09-30,154
21201,1,2011-10-31,154
21201,1,2011-11-30,161
21201,1,2011-12-31,163
21201,1,2012-01-31,166
21401,1,2007-10-31,2
21401,1,2007-12-31,7
21401,1,2008-01-31,10
21401,1,2008-03-31,18
21401,1,2008-04-30,23
21401,1,2008-06-30,33
21401,1,2008-07-31,35
21401,1,2008-09-30,37
21401,1,2008-10-31,43
21401,1,2008-12-31,52
21401,1,2009-01-31,57
21401,1,2009-03-31,62
21401,1,2009-04-30,68
21401,1,2009-05-31,71
21401,1,2009-06-30,73
21401,1,2009-07-31,74
21401,1,2009-08-31,76
21401,1,2009-09-30,79
21401,1,2009-10-31,85
21401,1,2009-11-30,88
21401,1,2009-12-31,91
21401,1,2010-01-31,93
21401,1,2010-02-28,98
21401,1,2010-03-31,101
21401,1,2010-04-30,102
21401,1,2010-05-31,104
21401,1,2010-06-30,109
21401,1,2010-07-31,111
21401,1,2010-08-31,113
21401,1,2010-09-30,114
21401,1,2010-10-31,117
21401,1,2010-11-30,120
21401,1,2010-12-31,121
21401,1,2011-01-31,121
21401,1,2011-02-28,122
21401,1,2011-03-31,122
21401,1,2011-04-30,125
21401,1,2011-05-31,125
21401,1,2011-06-30,128
21401,1,2011-07-31,130
21401,1,2011-08-31,133
21401,1,2011-09-30,133
21401,1,2011-10-31,133
21401,1,2011-11-30,133
21401,1,2011-12-31,133
21401,1,2012-01-31,133
22101,1,2006-01-31,1
22101,1,2006-03-31,1
22101,1,2006-04-30,1
22101,1,2006-06-30,1
22101,1,2006-07-31,1
22101,1,2006-10-31,1
22101,1,2006-12-31,1
22101,1,2007-01-31,1
22101,1,2007-03-31,1
22101,1,2007-04-30,1
22101,1,2007-06-30,1
22101,1,2007-07-31,1
22101,1,2007-09-30,12
22101,1,2007-10-31,14
22101,1,2007-12-31,23
22101,1,2008-01-31,28
22101,1,2008-03-31,33
22101,1,2008-04-30,36
22101,1,2008-06-30,46
22101,1,2008-07-31,55
22101,1,2008-09-30,63
22101,1,2008-10-31,69
22101,1,2008-12-31,73
22101,1,2009-01-31,74
22101,1,2009-03-31,79
22101,1,2009-04-30,82
22101,1,2009-05-31,83
22101,1,2009-06-30,85
22101,1,2009-07-31,90
22101,1,2009-08-31,92
22101,1,2009-09-30,95
22101,1,2009-10-31,102
22101,1,2009-11-30,103
22101,1,2009-12-31,103
22101,1,2010-01-31,104
22101,1,2010-02-28,106
22101,1,2010-03-31,109
22101,1,2010-04-30,111
22101,1,2010-05-31,115
22101,1,2010-06-30,117
22101,1,2010-07-31,120
22101,1,2010-08-31,125
22101,1,2010-09-30,128
22101,1,2010-10-31,133
22101,1,2010-11-30,136
22101,1,2010-12-31,137
22101,1,2011-01-31,145
22101,1,2011-02-28,147
22101,1,2011-03-31,148
22101,1,2011-04-30,150
22101,1,2011-05-31,156
22101,1,2011-06-30,159
22101,1,2011-07-31,165
22101,1,2011-08-31,167
22101,1,2011-09-30,167
22101,1,2011-10-31,170
22101,1,2011-11-30,174
22101,1,2011-12-31,178
22101,1,2012-01-31,181
31100,1,2006-01-31,726
31100,1,2006-03-31,860
31100,1,2006-04-30,911
31100,1,2006-06-30,1079
31100,1,2006-07-31,1154
31100,1,2006-09-30,1307
31100,1,2006-10-31,1361
31100,1,2006-12-31,1491
31100,1,2007-01-31,1578
31100,1,2007-03-31,1766
31100,1,2007-04-30,1860
31100,1,2007-06-30,2030
31100,1,2007-07-31,2125
31100,1,2007-09-30,2246
31100,1,2007-10-31,2306
31100,1,2007-12-31,2398
31100,1,2008-01-31,2462
31100,1,2008-03-31,2588
31100,1,2008-04-30,2639
31100,1,2008-06-30,2777
31100,1,2008-07-31,2854
31100,1,2008-09-30,2969
31100,1,2008-10-31,3036
31100,1,2008-12-31,3119
31100,1,2009-01-31,3186
31100,1,2009-03-31,3322
31100,1,2009-04-30,3413
31100,1,2009-05-31,3460
31100,1,2009-06-30,3528
31100,1,2009-07-31,3598
31100,1,2009-08-31,3634
31100,1,2009-09-30,3708
31100,1,2009-10-31,3777
31100,1,2009-11-30,3845
31100,1,2009-12-31,3919
31100,1,2010-01-31,3980
31100,1,2010-02-28,4034
31100,1,2010-03-31,4110
31100,1,2010-04-30,4187
31100,1,2010-05-31,4257
31100,1,2010-06-30,4302
31100,1,2010-07-31,4370
31100,1,2010-08-31,4427
31100,1,2010-09-30,4480
31100,1,2010-10-31,4514
31100,1,2010-11-30,4543
31100,1,2010-12-31,4581
31100,1,2011-01-31,4639
31100,1,2011-02-28,4688
31100,1,2011-03-31,4746
31100,1,2011-04-30,4792
31100,1,2011-05-31,4842
31100,1,2011-06-30,4896
31100,1,2011-07-31,4952
31100,1,2011-08-31,4983
31100,1,2011-09-30,5002
31100,1,2011-10-31,5038
31100,1,2011-11-30,5087
31100,1,2011-12-31,5123
31100,1,2012-01-31,5161
31101,1,2006-01-31,3
31101,1,2006-03-31,4
31101,1,2006-04-30,4
31101,1,2006-06-30,4
31101,1,2006-07-31,4
31101,1,2006-09-30,4
31101,1,2006-10-31,4
31101,1,2006-12-31,4
31101,1,2007-01-31,5
31101,1,2007-03-31,6
31101,1,2007-04-30,6
31101,1,2007-06-30,46
31101,1,2007-07-31,81
31101,1,2007-09-30,110
31101,1,2007-10-31,126
31101,1,2007-12-31,154
31101,1,2008-01-31,174
31101,1,2008-03-31,206
31101,1,2008-04-30,227
31101,1,2008-06-30,265
31101,1,2008-07-31,292
31101,1,2008-09-30,341
31101,1,2008-10-31,364
31101,1,2008-12-31,398
31101,1,2009-01-31,424
31101,1,2009-03-31,463
31101,1,2009-04-30,487
31101,1,2009-05-31,501
31101,1,2009-06-30,518
31101,1,2009-07-31,532
31101,1,2009-08-31,547
31101,1,2009-09-30,564
31101,1,2009-10-31,577
31101,1,2009-11-30,585
31101,1,2009-12-31,597
31101,1,2010-01-31,606
31101,1,2010-02-28,617
31101,1,2010-03-31,642
31101,1,2010-04-30,655
31101,1,2010-05-31,674
31101,1,2010-06-30,695
31101,1,2010-07-31,714
31101,1,2010-08-31,736
31101,1,2010-09-30,752
31101,1,2010-10-31,761
31101,1,2010-11-30,768
31101,1,2010-12-31,775
31101,1,2011-01-31,787
31101,1,2011-02-28,800
31101,1,2011-03-31,822
31101,1,2011-04-30,840
31101,1,2011-05-31,861
31101,1,2011-06-30,879
31101,1,2011-07-31,891
31101,1,2011-08-31,908
31101,1,2011-09-30,931
31101,1,2011-10-31,954
31101,1,2011-11-30,969
31101,1,2011-12-31,977
31101,1,2012-01-31,989
31102,1,2006-09-30,4
31102,1,2007-03-31,1
31102,1,2007-04-30,1
31102,1,2007-06-30,20
31102,1,2007-07-31,30
31102,1,2007-09-30,62
31102,1,2007-10-31,62
31102,1,2007-12-31,79
31102,1,2008-01-31,100
31102,1,2008-03-31,116
31102,1,2008-04-30,130
31102,1,2008-06-30,172
31102,1,2008-07-31,184
31102,1,2008-09-30,265
31102,1,2008-10-31,225
31102,1,2008-12-31,264
31102,1,2009-01-31,267
31102,1,2009-03-31,300
31102,1,2009-04-30,325
31102,1,2009-05-31,335
31102,1,2009-06-30,355
31102,1,2009-07-31,372
31102,1,2009-08-31,380
31102,1,2009-09-30,438
31102,1,2009-10-31,455
31102,1,2009-11-30,468
31102,1,2009-12-31,483
31102,1,2010-01-31,500
31102,1,2010-02-28,518
31102,1,2010-03-31,550
31102,1,2010-04-30,571
31102,1,2010-05-31,590
31102,1,2010-06-30,607
31102,1,2010-07-31,625
31102,1,2010-08-31,646
31102,1,2010-09-30,669
31102,1,2010-10-31,686
31102,1,2010-11-30,698
31102,1,2010-12-31,708
31102,1,2011-01-31,719
31102,1,2011-02-28,735
31102,1,2011-03-31,755
31102,1,2011-04-30,773
31102,1,2011-05-31,796
31102,1,2011-06-30,816
31102,1,2011-07-31,846
31102,1,2011-08-31,872
31102,1,2011-09-30,906
31102,1,2011-10-31,938
31102,1,2011-11-30,962
31102,1,2011-12-31,981
31102,1,2012-01-31,995
32205,,2009-08-31,1
32205,1,2006-01-31,1
32205,1,2006-03-31,1
32205,1,2006-04-30,1
32205,1,2006-06-30,1
32205,1,2006-07-31,1
32205,1,2006-09-30,1
32205,1,2006-10-31,1
32205,1,2006-12-31,1
32205,1,2007-01-31,1
32205,1,2007-03-31,1
32205,1,2007-04-30,1
32205,1,2007-06-30,1
32205,1,2007-07-31,1
32205,1,2007-09-30,1
32205,1,2007-10-31,4
32205,1,2007-12-31,29
32205,1,2008-01-31,42
32205,1,2008-03-31,60
32205,1,2008-04-30,79
32205,1,2008-06-30,105
32205,1,2008-07-31,122
32205,1,2008-09-30,143
32205,1,2008-10-31,157
32205,1,2008-12-31,189
32205,1,2009-01-31,211
32205,1,2009-03-31,252
32205,1,2009-04-30,277
32205,1,2009-05-31,296
32205,1,2009-06-30,309
32205,1,2009-07-31,340
32205,1,2009-08-31,361
32205,1,2009-09-30,380
32205,1,2009-10-31,397
32205,1,2009-11-30,419
32205,1,2009-12-31,438
32205,1,2010-01-31,445
32205,1,2010-02-28,456
32205,1,2010-03-31,475
32205,1,2010-04-30,484
32205,1,2010-05-31,493
32205,1,2010-06-30,499
32205,1,2010-07-31,502
32205,1,2010-08-31,506
32205,1,2010-09-30,508
32205,1,2010-10-31,510
32205,1,2010-11-30,514
32205,1,2010-12-31,519
32205,1,2011-01-31,532
32205,1,2011-02-28,535
32205,1,2011-03-31,543
32205,1,2011-04-30,545
32205,1,2011-05-31,549
32205,1,2011-06-30,555
32205,1,2011-07-31,559
32205,1,2011-08-31,562
32205,1,2011-09-30,566
32205,1,2011-10-31,586
32205,1,2011-11-30,598
32205,1,2011-12-31,598
32205,1,2012-01-31,598
32207,1,2007-03-31,1
32207,1,2007-04-30,1
32207,1,2007-06-30,1
32207,1,2007-07-31,1
32207,1,2007-09-30,1
32207,1,2007-10-31,1
32207,1,2007-12-31,1
32207,1,2008-01-31,3
32207,1,2008-03-31,11
32207,1,2008-04-30,27
32207,1,2008-06-30,53
32207,1,2008-07-31,63
32207,1,2008-09-30,67
32207,1,2008-10-31,76
32207,1,2008-12-31,88
32207,1,2009-01-31,90
32207,1,2009-03-31,103
32207,1,2009-04-30,111
32207,1,2009-05-31,120
32207,1,2009-06-30,122
32207,1,2009-07-31,135
32207,1,2009-08-31,143
32207,1,2009-09-30,146
32207,1,2009-10-31,153
32207,1,2009-11-30,159
32207,1,2009-12-31,168
32207,1,2010-01-31,174
32207,1,2010-02-28,180
32207,1,2010-03-31,189
32207,1,2010-04-30,195
32207,1,2010-05-31,200
32207,1,2010-06-30,206
32207,1,2010-07-31,214
32207,1,2010-08-31,221
32207,1,2010-09-30,231
32207,1,2010-10-31,235
32207,1,2010-11-30,237
32207,1,2010-12-31,238
32207,1,2011-01-31,242
32207,1,2011-02-28,245
32207,1,2011-03-31,253
32207,1,2011-04-30,261
32207,1,2011-05-31,272
32207,1,2011-06-30,280
32207,1,2011-07-31,287
32207,1,2011-08-31,294
32207,1,2011-09-30,300
32207,1,2011-10-31,308
32207,1,2011-11-30,315
32207,1,2011-12-31,318
32207,1,2012-01-31,323
32301,,2006-01-31,0
32301,,2006-04-30,0
32301,,2006-07-31,0
32301,,2007-01-31,0
32301,1,2006-01-31,207
32301,1,2006-03-31,291
32301,1,2006-04-30,320
32301,1,2006-06-30,395
32301,1,2006-07-31,445
32301,1,2006-09-30,514
32301,1,2006-10-31,560
32301,1,2006-12-31,615
32301,1,2007-01-31,640
32301,1,2007-03-31,693
32301,1,2007-04-30,708
32301,1,2007-06-30,755
32301,1,2007-07-31,791
32301,1,2007-09-30,835
32301,1,2007-10-31,856
32301,1,2007-12-31,920
32301,1,2008-01-31,946
32301,1,2008-03-31,994
32301,1,2008-04-30,1017
32301,1,2008-06-30,1080
32301,1,2008-07-31,1107
32301,1,2008-09-30,1159
32301,1,2008-10-31,1204
32301,1,2008-12-31,1280
32301,1,2009-01-31,1307
32301,1,2009-03-31,1350
32301,1,2009-04-30,1373
32301,1,2009-05-31,1398
32301,1,2009-06-30,1426
32301,1,2009-07-31,1449
32301,1,2009-08-31,1485
32301,1,2009-09-30,1516
32301,1,2009-10-31,1541
32301,1,2009-11-30,1566
32301,1,2009-12-31,1587
32301,1,2010-01-31,1618
32301,1,2010-02-28,1641
32301,1,2010-03-31,1667
32301,1,2010-04-30,1704
32301,1,2010-05-31,1721
32301,1,2010-06-30,1753
32301,1,2010-07-31,1774
32301,1,2010-08-31,1797
32301,1,2010-09-30,1826
32301,1,2010-10-31,1850
32301,1,2010-11-30,1868
32301,1,2010-12-31,1888
32301,1,2011-01-31,1911
32301,1,2011-02-28,1936
32301,1,2011-03-31,1955
32301,1,2011-04-30,1970
32301,1,2011-05-31,1991
32301,1,2011-06-30,2009
32301,1,2011-07-31,2027
32301,1,2011-08-31,2038
32301,1,2011-09-30,2058
32301,1,2011-10-31,2092
32301,1,2011-11-30,2105
32301,1,2011-12-31,2109
32301,1,2012-01-31,2109
33101,0,2007-06-30,1
33101,0,2007-07-31,1
33101,0,2007-10-31,1
33101,0,2007-12-31,1
33101,0,2008-01-31,1
33101,0,2008-03-31,1
33101,0,2008-04-30,1
33101,0,2008-06-30,1
33101,0,2008-07-31,1
33101,0,2008-10-31,1
33101,0,2008-12-31,1
33101,0,2009-01-31,1
33101,0,2009-03-31,1
33101,0,2009-04-30,1
33101,0,2009-05-31,1
33101,0,2009-06-30,1
33101,0,2009-07-31,1
33101,1,2006-01-31,1
33101,1,2006-03-31,1
33101,1,2006-04-30,1
33101,1,2006-06-30,2
33101,1,2006-07-31,2
33101,1,2006-09-30,2
33101,1,2006-10-31,2
33101,1,2006-12-31,2
33101,1,2007-01-31,2
33101,1,2007-03-31,5
33101,1,2007-04-30,4
33101,1,2007-06-30,38
33101,1,2007-07-31,57
33101,1,2007-09-30,85
33101,1,2007-10-31,94
33101,1,2007-12-31,119
33101,1,2008-01-31,125
33101,1,2008-03-31,149
33101,1,2008-04-30,155
33101,1,2008-06-30,172
33101,1,2008-07-31,179
33101,1,2008-09-30,206
33101,1,2008-10-31,218
33101,1,2008-12-31,230
33101,1,2009-01-31,246
33101,1,2009-03-31,269
33101,1,2009-04-30,286
33101,1,2009-05-31,307
33101,1,2009-06-30,325
33101,1,2009-07-31,348
33101,1,2009-08-31,383
33101,1,2009-09-30,401
33101,1,2009-10-31,408
33101,1,2009-11-30,425
33101,1,2009-12-31,428
33101,1,2010-01-31,439
33101,1,2010-02-28,450
33101,1,2010-03-31,466
33101,1,2010-04-30,475
33101,1,2010-05-31,491
33101,1,2010-06-30,505
33101,1,2010-07-31,516
33101,1,2010-08-31,524
33101,1,2010-09-30,543
33101,1,2010-10-31,555
33101,1,2010-11-30,564
33101,1,2010-12-31,569
33101,1,2011-01-31,578
33101,1,2011-02-28,591
33101,1,2011-03-31,610
33101,1,2011-04-30,626
33101,1,2011-05-31,640
33101,1,2011-06-30,654
33101,1,2011-07-31,669
33101,1,2011-08-31,689
33101,1,2011-09-30,711
33101,1,2011-10-31,733
33101,1,2011-11-30,744
33101,1,2011-12-31,752
33101,1,2012-01-31,764
34401,1,2007-03-31,1
34401,1,2007-04-30,1
34401,1,2007-06-30,1
34401,1,2007-07-31,1
34401,1,2007-09-30,1
34401,1,2007-10-31,1
34401,1,2007-12-31,1
34401,1,2008-01-31,1
34401,1,2008-03-31,1
34401,1,2008-04-30,1
34401,1,2008-06-30,1
34401,1,2008-07-31,1
34401,1,2008-09-30,2
34401,1,2008-10-31,2
34401,1,2008-12-31,2
34401,1,2009-01-31,2
34401,1,2009-03-31,4
34401,1,2009-04-30,10
34401,1,2009-05-31,13
34401,1,2009-06-30,13
34401,1,2009-07-31,13
34401,1,2009-08-31,15
34401,1,2009-09-30,17
34401,1,2009-10-31,20
34401,1,2009-11-30,22
34401,1,2009-12-31,23
34401,1,2010-01-31,23
34401,1,2010-02-28,25
34401,1,2010-03-31,25
34401,1,2010-04-30,28
34401,1,2010-05-31,28
34401,1,2010-06-30,28
34401,1,2010-07-31,28
34401,1,2010-08-31,28
34401,1,2010-09-30,29
34401,1,2010-10-31,30
34401,1,2010-11-30,30
34401,1,2010-12-31,30
34401,1,2011-01-31,30
34401,1,2011-02-28,33
34401,1,2011-03-31,35
34401,1,2011-04-30,37
34401,1,2011-05-31,38
34401,1,2011-06-30,40
34401,1,2011-07-31,40
34401,1,2011-08-31,40
34401,1,2011-09-30,41
34401,1,2011-10-31,41
34401,1,2011-11-30,41
34401,1,2011-12-31,41
34401,1,2012-01-31,41
35101,1,2006-01-31,1
35101,1,2006-03-31,1
35101,1,2006-04-30,1
35101,1,2006-06-30,1
35101,1,2006-07-31,1
35101,1,2006-09-30,1
35101,1,2006-10-31,1
35101,1,2006-12-31,1
35101,1,2007-01-31,1
35101,1,2007-03-31,1
35101,1,2007-04-30,1
35101,1,2007-06-30,1
35101,1,2007-07-31,1
35101,1,2007-09-30,1
35101,1,2007-10-31,1
35101,1,2007-12-31,13
35101,1,2008-01-31,33
35101,1,2008-03-31,69
35101,1,2008-04-30,78
35101,1,2008-06-30,109
35101,1,2008-07-31,142
35101,1,2008-09-30,175
35101,1,2008-10-31,188
35101,1,2008-12-31,218
35101,1,2009-01-31,230
35101,1,2009-03-31,256
35101,1,2009-04-30,266
35101,1,2009-05-31,280
35101,1,2009-06-30,287
35101,1,2009-07-31,305
35101,1,2009-08-31,321
35101,1,2009-09-30,332
35101,1,2009-10-31,336
35101,1,2009-11-30,340
35101,1,2009-12-31,345
35101,1,2010-01-31,353
35101,1,2010-02-28,358
35101,1,2010-03-31,373
35101,1,2010-04-30,377
35101,1,2010-05-31,388
35101,1,2010-06-30,402
35101,1,2010-07-31,414
35101,1,2010-08-31,421
35101,1,2010-09-30,441
35101,1,2010-10-31,451
35101,1,2010-11-30,453
35101,1,2010-12-31,461
35101,1,2011-01-31,469
35101,1,2011-02-28,476
35101,1,2011-03-31,486
35101,1,2011-04-30,494
35101,1,2011-05-31,500
35101,1,2011-06-30,508
35101,1,2011-07-31,516
35101,1,2011-08-31,529
35101,1,2011-09-30,542
35101,1,2011-10-31,557
35101,1,2011-11-30,564
35101,1,2011-12-31,572
35101,1,2012-01-31,585
36101,1,2006-01-31,2
36101,1,2006-03-31,10
36101,1,2006-04-30,2
36101,1,2006-06-30,10
36101,1,2006-07-31,2
36101,1,2006-09-30,11
36101,1,2006-10-31,2
36101,1,2006-12-31,10
36101,1,2007-01-31,2
36101,1,2007-03-31,10
36101,1,2007-04-30,2
36101,1,2007-06-30,3
36101,1,2007-07-31,3
36101,1,2007-09-30,28
36101,1,2007-10-31,35
36101,1,2007-12-31,72
36101,1,2008-01-31,90
36101,1,2008-03-31,128
36101,1,2008-04-30,152
36101,1,2008-06-30,178
36101,1,2008-07-31,210
36101,1,2008-09-30,294
36101,1,2008-10-31,257
36101,1,2008-12-31,269
36101,1,2009-01-31,287
36101,1,2009-03-31,317
36101,1,2009-04-30,339
36101,1,2009-05-31,361
36101,1,2009-06-30,449
36101,1,2009-07-31,470
36101,1,2009-08-31,490
36101,1,2009-09-30,508
36101,1,2009-10-31,520
36101,1,2009-11-30,538
36101,1,2009-12-31,584
36101,1,2010-01-31,626
36101,1,2010-02-28,656
36101,1,2010-03-31,684
36101,1,2010-04-30,724
36101,1,2010-05-31,751
36101,1,2010-06-30,784
36101,1,2010-07-31,810
36101,1,2010-08-31,847
36101,1,2010-09-30,882
36101,1,2010-10-31,913
36101,1,2010-11-30,934
36101,1,2010-12-31,956
36101,1,2011-01-31,980
36101,1,2011-02-28,989
36101,1,2011-03-31,1005
36101,1,2011-04-30,1041
36101,1,2011-05-31,1075
36101,1,2011-06-30,1104
36101,1,2011-07-31,1136
36101,1,2011-08-31,1159
36101,1,2011-09-30,1183
36101,1,2011-10-31,1221
36101,1,2011-11-30,1258
36101,1,2011-12-31,1269
36101,1,2012-01-31,1294
37201,,2007-10-31,0
37201,,2007-12-31,0
37201,,2008-01-31,0
37201,1,2006-01-31,82
37201,1,2006-03-31,140
37201,1,2006-04-30,164
37201,1,2006-06-30,203
37201,1,2006-07-31,230
37201,1,2006-09-30,258
37201,1,2006-10-31,281
37201,1,2006-12-31,323
37201,1,2007-01-31,346
37201,1,2007-03-31,390
37201,1,2007-04-30,409
37201,1,2007-06-30,451
37201,1,2007-07-31,492
37201,1,2007-09-30,532
37201,1,2007-10-31,562
37201,1,2007-12-31,598
37201,1,2008-01-31,618
37201,1,2008-03-31,652
37201,1,2008-04-30,670
37201,1,2008-06-30,690
37201,1,2008-07-31,704
37201,1,2008-09-30,707
37201,1,2008-10-31,748
37201,1,2008-12-31,773
37201,1,2009-01-31,787
37201,1,2009-03-31,809
37201,1,2009-04-30,826
37201,1,2009-05-31,847
37201,1,2009-06-30,855
37201,1,2009-07-31,867
37201,1,2009-08-31,877
37201,1,2009-09-30,866
37201,1,2009-10-31,879
37201,1,2009-11-30,873
37201,1,2009-12-31,916
37201,1,2010-01-31,927
37201,1,2010-02-28,937
37201,1,2010-03-31,956
37201,1,2010-04-30,966
37201,1,2010-05-31,977
37201,1,2010-06-30,989
37201,1,2010-07-31,1004
37201,1,2010-08-31,1015
37201,1,2010-09-30,1027
37201,1,2010-10-31,1035
37201,1,2010-11-30,1043
37201,1,2010-12-31,1051
37201,1,2011-01-31,1059
37201,1,2011-02-28,1074
37201,1,2011-03-31,1088
37201,1,2011-04-30,1096
37201,1,2011-05-31,1105
37201,1,2011-06-30,1108
37201,1,2011-07-31,1120
37201,1,2011-08-31,1128
37201,1,2011-09-30,1141
37201,1,2011-10-31,1159
37201,1,2011-11-30,1167
37201,1,2011-12-31,1180
37201,1,2012-01-31,1191
41100,,2007-09-30,0
41100,,2009-09-30,0
41100,1,2006-01-31,22
41100,1,2006-03-31,23
41100,1,2006-04-30,22
41100,1,2006-06-30,24
41100,1,2006-07-31,23
41100,1,2006-09-30,26
41100,1,2006-10-31,24
41100,1,2006-12-31,25
41100,1,2007-01-31,33
41100,1,2007-03-31,60
41100,1,2007-04-30,70
41100,1,2007-06-30,158
41100,1,2007-07-31,185
41100,1,2007-09-30,249
41100,1,2007-10-31,270
41100,1,2007-12-31,326
41100,1,2008-01-31,353
41100,1,2008-03-31,405
41100,1,2008-04-30,427
41100,1,2008-06-30,481
41100,1,2008-07-31,520
41100,1,2008-09-30,589
41100,1,2008-10-31,611
41100,1,2008-12-31,674
41100,1,2009-01-31,708
41100,1,2009-03-31,762
41100,1,2009-04-30,789
41100,1,2009-05-31,805
41100,1,2009-06-30,842
41100,1,2009-07-31,876
41100,1,2009-08-31,915
41100,1,2009-09-30,937
41100,1,2009-10-31,945
41100,1,2009-11-30,961
41100,1,2009-12-31,974
41100,1,2010-01-31,990
41100,1,2010-02-28,998
41100,1,2010-03-31,1012
41100,1,2010-04-30,1036
41100,1,2010-05-31,1059
41100,1,2010-06-30,1075
41100,1,2010-07-31,1099
41100,1,2010-08-31,1118
41100,1,2010-09-30,1145
41100,1,2010-10-31,1161
41100,1,2010-11-30,1177
41100,1,2010-12-31,1187
41100,1,2011-01-31,1207
41100,1,2011-02-28,1233
41100,1,2011-03-31,1257
41100,1,2011-04-30,1283
41100,1,2011-05-31,1308
41100,1,2011-06-30,1329
41100,1,2011-07-31,1347
41100,1,2011-08-31,1371
41100,1,2011-09-30,1388
41100,1,2011-10-31,1405
41100,1,2011-11-30,1426
41100,1,2011-12-31,1443
41100,1,2012-01-31,1444
41201,1,2006-01-31,3
41201,1,2006-03-31,3
41201,1,2006-04-30,3
41201,1,2006-06-30,3
41201,1,2006-07-31,3
41201,1,2006-09-30,3
41201,1,2006-10-31,3
41201,1,2006-12-31,3
41201,1,2007-01-31,4
41201,1,2007-03-31,4
41201,1,2007-04-30,4
41201,1,2007-06-30,5
41201,1,2007-07-31,26
41201,1,2007-09-30,54
41201,1,2007-10-31,67
41201,1,2007-12-31,95
41201,1,2008-01-31,105
41201,1,2008-03-31,112
41201,1,2008-04-30,122
41201,1,2008-06-30,163
41201,1,2008-07-31,175
41201,1,2008-09-30,196
41201,1,2008-10-31,207
41201,1,2008-12-31,236
41201,1,2009-01-31,244
41201,1,2009-03-31,258
41201,1,2009-04-30,268
41201,1,2009-05-31,273
41201,1,2009-06-30,277
41201,1,2009-07-31,288
41201,1,2009-08-31,298
41201,1,2009-09-30,311
41201,1,2009-10-31,320
41201,1,2009-11-30,327
41201,1,2009-12-31,332
41201,1,2010-01-31,353
41201,1,2010-02-28,356
41201,1,2010-03-31,356
41201,1,2010-04-30,360
41201,1,2010-05-31,363
41201,1,2010-06-30,365
41201,1,2010-07-31,369
41201,1,2010-08-31,370
41201,1,2010-09-30,375
41201,1,2010-10-31,380
41201,1,2010-11-30,383
41201,1,2010-12-31,386
41201,1,2011-01-31,387
41201,1,2011-02-28,387
41201,1,2011-03-31,392
41201,1,2011-04-30,397
41201,1,2011-05-31,401
41201,1,2011-06-30,405
41201,1,2011-07-31,407
41201,1,2011-08-31,412
41201,1,2011-09-30,415
41201,1,2011-10-31,421
41201,1,2011-11-30,431
41201,1,2011-12-31,437
41201,1,2012-01-31,439
42301,1,2006-03-31,1
42301,1,2006-06-30,1
42301,1,2006-09-30,1
42301,1,2006-12-31,1
42301,1,2007-03-31,1
42301,1,2007-07-31,2
42301,1,2007-09-30,9
42301,1,2007-10-31,11
42301,1,2007-12-31,14
42301,1,2008-01-31,16
42301,1,2008-03-31,19
42301,1,2008-04-30,19
42301,1,2008-06-30,22
42301,1,2008-07-31,27
42301,1,2008-09-30,51
42301,1,2008-10-31,35
42301,1,2008-12-31,39
42301,1,2009-01-31,39
42301,1,2009-03-31,41
42301,1,2009-04-30,42
42301,1,2009-05-31,73
42301,1,2009-06-30,75
42301,1,2009-07-31,79
42301,1,2009-08-31,80
42301,1,2009-09-30,85
42301,1,2009-10-31,90
42301,1,2009-11-30,92
42301,1,2009-12-31,92
42301,1,2010-01-31,95
42301,1,2010-02-28,96
42301,1,2010-03-31,101
42301,1,2010-04-30,103
42301,1,2010-05-31,106
42301,1,2010-06-30,111
42301,1,2010-07-31,116
42301,1,2010-08-31,118
42301,1,2010-09-30,123
42301,1,2010-10-31,125
42301,1,2010-11-30,129
42301,1,2010-12-31,132
42301,1,2011-01-31,133
42301,1,2011-02-28,135
42301,1,2011-03-31,136
42301,1,2011-04-30,137
42301,1,2011-05-31,140
42301,1,2011-06-30,142
42301,1,2011-07-31,146
42301,1,2011-08-31,149
42301,1,2011-09-30,149
42301,1,2011-10-31,149
42301,1,2011-11-30,150
42301,1,2011-12-31,152
42301,1,2012-01-31,157
51100,,2006-10-31,0
51100,,2008-09-30,0
51100,,2009-10-31,0
51100,,2009-11-30,0
51100,,2009-12-31,0
51100,1,2006-01-31,21
51100,1,2006-03-31,25
51100,1,2006-04-30,32
51100,1,2006-06-30,57
51100,1,2006-07-31,89
51100,1,2006-09-30,173
51100,1,2006-10-31,216
51100,1,2006-12-31,297
51100,1,2007-01-31,343
51100,1,2007-03-31,470
51100,1,2007-04-30,530
51100,1,2007-06-30,627
51100,1,2007-07-31,664
51100,1,2007-09-30,770
51100,1,2007-10-31,801
51100,1,2007-12-31,851
51100,1,2008-01-31,889
51100,1,2008-03-31,946
51100,1,2008-04-30,982
51100,1,2008-06-30,1027
51100,1,2008-07-31,1076
51100,1,2008-09-30,1106
51100,1,2008-10-31,1106
51100,1,2008-12-31,1125
51100,1,2009-01-31,1132
51100,1,2009-03-31,1204
51100,1,2009-04-30,1226
51100,1,2009-05-31,1255
51100,1,2009-06-30,1296
51100,1,2009-07-31,1329
51100,1,2009-08-31,1334
51100,1,2009-09-30,1366
51100,1,2009-10-31,1399
51100,1,2009-11-30,1417
51100,1,2009-12-31,1443
51100,1,2010-01-31,1460
51100,1,2010-02-28,1470
51100,1,2010-03-31,1505
51100,1,2010-04-30,1518
51100,1,2010-05-31,1531
51100,1,2010-06-30,1556
51100,1,2010-07-31,1578
51100,1,2010-08-31,1603
51100,1,2010-09-30,1630
51100,1,2010-10-31,1668
51100,1,2010-11-30,1685
51100,1,2010-12-31,1716
51100,1,2011-01-31,1723
51100,1,2011-02-28,1759
51100,1,2011-03-31,1783
51100,1,2011-04-30,1811
51100,1,2011-05-31,1829
51100,1,2011-06-30,1849
51100,1,2011-07-31,1875
51100,1,2011-08-31,1906
51100,1,2011-09-30,1945
51100,1,2011-10-31,2005
51100,1,2011-11-30,2053
51100,1,2011-12-31,2108
51100,1,2012-01-31,2141
52101,,2006-04-30,0
52101,,2006-07-31,0
52101,,2007-01-31,0
52101,,2007-04-30,0
52101,,2007-06-30,0
52101,,2007-07-31,0
52101,,2007-10-31,0
52101,,2007-12-31,0
52101,,2008-01-31,0
52101,,2008-03-31,0
52101,,2008-04-30,0
52101,,2008-06-30,0
52101,,2008-07-31,0
52101,,2008-10-31,0
52101,,2008-12-31,0
52101,,2009-01-31,0
52101,,2009-03-31,0
52101,,2009-04-30,0
52101,1,2006-01-31,31
52101,1,2006-03-31,66
52101,1,2006-04-30,83
52101,1,2006-06-30,128
52101,1,2006-07-31,141
52101,1,2006-09-30,179
52101,1,2006-10-31,205
52101,1,2006-12-31,233
52101,1,2007-01-31,247
52101,1,2007-03-31,272
52101,1,2007-04-30,283
52101,1,2007-06-30,310
52101,1,2007-07-31,331
52101,1,2007-09-30,348
52101,1,2007-10-31,361
52101,1,2007-12-31,386
52101,1,2008-01-31,411
52101,1,2008-03-31,442
52101,1,2008-04-30,455
52101,1,2008-06-30,487
52101,1,2008-07-31,497
52101,1,2008-09-30,514
52101,1,2008-10-31,529
52101,1,2008-12-31,547
52101,1,2009-01-31,569
52101,1,2009-03-31,598
52101,1,2009-04-30,615
52101,1,2009-05-31,625
52101,1,2009-06-30,640
52101,1,2009-07-31,660
52101,1,2009-08-31,677
52101,1,2009-09-30,685
52101,1,2009-10-31,696
52101,1,2009-11-30,703
52101,1,2009-12-31,711
52101,1,2010-01-31,718
52101,1,2010-02-28,735
52101,1,2010-03-31,744
52101,1,2010-04-30,763
52101,1,2010-05-31,783
52101,1,2010-06-30,784
52101,1,2010-07-31,795
52101,1,2010-08-31,813
52101,1,2010-09-30,833
52101,1,2010-10-31,852
52101,1,2010-11-30,863
52101,1,2010-12-31,875
52101,1,2011-01-31,884
52101,1,2011-02-28,898
52101,1,2011-03-31,912
52101,1,2011-04-30,927
52101,1,2011-05-31,940
52101,1,2011-06-30,951
52101,1,2011-07-31,963
52101,1,2011-08-31,973
52101,1,2011-09-30,984
52101,1,2011-10-31,996
52101,1,2011-11-30,1009
52101,1,2011-12-31,1020
52101,1,2012-01-31,1046
53108,1,2006-01-31,1
53108,1,2006-03-31,1
53108,1,2006-04-30,1
53108,1,2006-06-30,1
53108,1,2006-07-31,1
53108,1,2006-09-30,1
53108,1,2006-10-31,1
53108,1,2006-12-31,1
53108,1,2007-01-31,1
53108,1,2007-03-31,1
53108,1,2007-04-30,1
53108,1,2007-06-30,2
53108,1,2007-07-31,2
53108,1,2007-09-30,2
53108,1,2007-10-31,2
53108,1,2007-12-31,7
53108,1,2008-01-31,10
53108,1,2008-03-31,22
53108,1,2008-04-30,31
53108,1,2008-06-30,63
53108,1,2008-07-31,84
53108,1,2008-09-30,104
53108,1,2008-10-31,120
53108,1,2008-12-31,145
53108,1,2009-01-31,161
53108,1,2009-03-31,193
53108,1,2009-04-30,208
53108,1,2009-05-31,218
53108,1,2009-06-30,235
53108,1,2009-07-31,245
53108,1,2009-08-31,251
53108,1,2009-09-30,253
53108,1,2009-10-31,256
53108,1,2009-11-30,259
53108,1,2009-12-31,260
53108,1,2010-01-31,262
53108,1,2010-02-28,263
53108,1,2010-03-31,263
53108,1,2010-04-30,263
53108,1,2010-05-31,263
53108,1,2010-06-30,263
53108,1,2010-07-31,263
53108,1,2010-08-31,263
53108,1,2010-09-30,263
53108,1,2010-10-31,263
53108,1,2010-11-30,263
53108,1,2010-12-31,263
53108,1,2011-01-31,263
53108,1,2011-02-28,263
53108,1,2011-03-31,263
53108,1,2011-04-30,263
53108,1,2011-05-31,263
53108,1,2011-06-30,263
53108,1,2011-07-31,263
53108,1,2011-08-31,263
53108,1,2011-09-30,263
53108,1,2011-10-31,263
53108,1,2011-11-30,263
53108,1,2011-12-31,263
53108,1,2012-01-31,263
54101,1,2006-01-31,1
54101,1,2006-03-31,1
54101,1,2006-04-30,1
54101,1,2006-06-30,1
54101,1,2006-07-31,1
54101,1,2006-09-30,1
54101,1,2006-10-31,1
54101,1,2006-12-31,4
54101,1,2007-01-31,6
54101,1,2007-03-31,7
54101,1,2007-04-30,9
54101,1,2007-06-30,13
54101,1,2007-07-31,15
54101,1,2007-09-30,16
54101,1,2007-10-31,17
54101,1,2007-12-31,17
54101,1,2008-01-31,19
54101,1,2008-03-31,23
54101,1,2008-04-30,24
54101,1,2008-06-30,28
54101,1,2008-07-31,31
54101,1,2008-09-30,37
54101,1,2008-10-31,40
54101,1,2008-12-31,49
54101,1,2009-01-31,51
54101,1,2009-03-31,59
54101,1,2009-04-30,63
54101,1,2009-05-31,68
54101,1,2009-06-30,74
54101,1,2009-07-31,76
54101,1,2009-08-31,77
54101,1,2009-09-30,77
54101,1,2009-10-31,80
54101,1,2009-11-30,80
54101,1,2009-12-31,80
54101,1,2010-01-31,80
54101,1,2010-02-28,80
54101,1,2010-03-31,80
54101,1,2010-04-30,80
54101,1,2010-05-31,80
54101,1,2010-06-30,80
54101,1,2010-07-31,80
54101,1,2010-08-31,80
54101,1,2010-09-30,80
54101,1,2010-10-31,80
54101,1,2010-11-30,80
54101,1,2010-12-31,80
54101,1,2011-01-31,80
54101,1,2011-02-28,80
54101,1,2011-03-31,80
54101,1,2011-04-30,80
54101,1,2011-05-31,80
54101,1,2011-06-30,80
54101,1,2011-07-31,80
54101,1,2011-08-31,80
54101,1,2011-09-30,80
54101,1,2011-10-31,80
54101,1,2011-11-30,80
54101,1,2011-12-31,80
54101,1,2012-01-31,80
71100,1,2006-01-31,483
71100,1,2006-03-31,532
71100,1,2006-04-30,556
71100,1,2006-06-30,626
71100,1,2006-07-31,675
71100,1,2006-09-30,778
71100,1,2006-10-31,841
71100,1,2006-12-31,937
71100,1,2007-01-31,1015
71100,1,2007-03-31,1119
71100,1,2007-04-30,1196
71100,1,2007-06-30,1357
71100,1,2007-07-31,1431
71100,1,2007-09-30,1573
71100,1,2007-10-31,1633
71100,1,2007-12-31,1763
71100,1,2008-01-31,1869
71100,1,2008-03-31,2032
71100,1,2008-04-30,2120
71100,1,2008-06-30,2295
71100,1,2008-07-31,2378
71100,1,2008-09-30,2503
71100,1,2008-10-31,2573
71100,1,2008-12-31,2720
71100,1,2009-01-31,2802
71100,1,2009-03-31,2975
71100,1,2009-04-30,3055
71100,1,2009-05-31,3125
71100,1,2009-06-30,3183
71100,1,2009-07-31,3267
71100,1,2009-08-31,3337
71100,1,2009-09-30,3411
71100,1,2009-10-31,3472
71100,1,2009-11-30,3538
71100,1,2009-12-31,3593
71100,1,2010-01-31,3641
71100,1,2010-02-28,3705
71100,1,2010-03-31,3794
71100,1,2010-04-30,3864
71100,1,2010-05-31,3912
71100,1,2010-06-30,3980
71100,1,2010-07-31,4029
71100,1,2010-08-31,4080
71100,1,2010-09-30,4135
71100,1,2010-10-31,4184
71100,1,2010-11-30,4230
71100,1,2010-12-31,4262
71100,1,2011-01-31,4307
71100,1,2011-02-28,4372
71100,1,2011-03-31,4426
71100,1,2011-04-30,4482
71100,1,2011-05-31,4541
71100,1,2011-06-30,4590
71100,1,2011-07-31,4642
71100,1,2011-08-31,4673
71100,1,2011-09-30,4723
71100,1,2011-10-31,4766
71100,1,2011-11-30,4814
71100,1,2011-12-31,4854
71100,1,2012-01-31,4893
71104,1,2006-01-31,42
71104,1,2006-03-31,57
71104,1,2006-04-30,70
71104,1,2006-06-30,95
71104,1,2006-07-31,105
71104,1,2006-09-30,128
71104,1,2006-10-31,136
71104,1,2006-12-31,158
71104,1,2007-01-31,174
71104,1,2007-03-31,197
71104,1,2007-04-30,207
71104,1,2007-06-30,232
71104,1,2007-07-31,242
71104,1,2007-09-30,262
71104,1,2007-10-31,277
71104,1,2007-12-31,305
71104,1,2008-01-31,320
71104,1,2008-03-31,351
71104,1,2008-04-30,362
71104,1,2008-06-30,399
71104,1,2008-07-31,415
71104,1,2008-09-30,447
71104,1,2008-10-31,455
71104,1,2008-12-31,474
71104,1,2009-01-31,487
71104,1,2009-03-31,523
71104,1,2009-04-30,536
71104,1,2009-05-31,554
71104,1,2009-06-30,575
71104,1,2009-07-31,597
71104,1,2009-08-31,601
71104,1,2009-09-30,603
71104,1,2009-10-31,603
71104,1,2009-11-30,604
71104,1,2009-12-31,604
71104,1,2010-01-31,604
71104,1,2010-02-28,605
71104,1,2010-03-31,607
71104,1,2010-04-30,610
71104,1,2010-05-31,621
71104,1,2010-06-30,621
71104,1,2010-07-31,621
71104,1,2010-08-31,621
71104,1,2010-09-30,621
71104,1,2010-10-31,621
71104,1,2010-11-30,621
71104,1,2010-12-31,621
71104,1,2011-01-31,621
71104,1,2011-02-28,621
71104,1,2011-03-31,621
71104,1,2011-04-30,621
71104,1,2011-05-31,621
71104,1,2011-06-30,621
71104,1,2011-07-31,621
71104,1,2011-08-31,621
71104,1,2011-09-30,621
71104,1,2011-10-31,621
71104,1,2011-11-30,621
71104,1,2011-12-31,621
71104,1,2012-01-31,621
71107,1,2009-09-30,8
71107,1,2009-10-31,35
71107,1,2009-11-30,48
71107,1,2009-12-31,69
71107,1,2010-01-31,81
71107,1,2010-02-28,95
71107,1,2010-03-31,111
71107,1,2010-04-30,129
71107,1,2010-05-31,135
71107,1,2010-06-30,146
71107,1,2010-07-31,161
71107,1,2010-08-31,161
71107,1,2010-09-30,170
71107,1,2010-10-31,174
71107,1,2010-11-30,175
71107,1,2010-12-31,177
71107,1,2011-01-31,178
71107,1,2011-02-28,182
71107,1,2011-03-31,189
71107,1,2011-04-30,200
71107,1,2011-05-31,208
71107,1,2011-06-30,220
71107,1,2011-07-31,225
71107,1,2011-08-31,225
71107,1,2011-09-30,236
71107,1,2011-10-31,246
71107,1,2011-11-30,267
71107,1,2011-12-31,275
71107,1,2012-01-31,281
71201,1,2010-09-30,1
71201,1,2010-10-31,1
71201,1,2010-11-30,1
71201,1,2010-12-31,1
71201,1,2011-01-31,1
71201,1,2011-02-28,1
71201,1,2011-03-31,1
71201,1,2011-04-30,1
71201,1,2011-05-31,1
71201,1,2011-06-30,1
71201,1,2011-07-31,1
71201,1,2011-08-31,1
71201,1,2011-09-30,1
71201,1,2011-10-31,1
71201,1,2011-11-30,1
71201,1,2011-12-31,1
71201,1,2012-01-31,1
71301,1,2007-09-30,1
71301,1,2007-10-31,1
71301,1,2007-12-31,2
71301,1,2008-01-31,3
71301,1,2008-03-31,4
71301,1,2008-04-30,4
71301,1,2008-06-30,4
71301,1,2008-07-31,4
71301,1,2008-09-30,5
71301,1,2008-10-31,4
71301,1,2008-12-31,7
71301,1,2009-01-31,11
71301,1,2009-03-31,24
71301,1,2009-04-30,33
71301,1,2009-05-31,35
71301,1,2009-06-30,39
71301,1,2009-07-31,43
71301,1,2009-08-31,46
71301,1,2009-09-30,52
71301,1,2009-10-31,59
71301,1,2009-11-30,61
71301,1,2009-12-31,66
71301,1,2010-01-31,71
71301,1,2010-02-28,80
71301,1,2010-03-31,87
71301,1,2010-04-30,94
71301,1,2010-05-31,99
71301,1,2010-06-30,102
71301,1,2010-07-31,105
71301,1,2010-08-31,112
71301,1,2010-09-30,115
71301,1,2010-10-31,116
71301,1,2010-11-30,120
71301,1,2010-12-31,120
71301,1,2011-01-31,121
71301,1,2011-02-28,128
71301,1,2011-03-31,139
71301,1,2011-04-30,145
71301,1,2011-05-31,156
71301,1,2011-06-30,163
71301,1,2011-07-31,174
71301,1,2011-08-31,182
71301,1,2011-09-30,190
71301,1,2011-10-31,202
71301,1,2011-11-30,211
71301,1,2011-12-31,217
71301,1,2012-01-31,227
71401,1,2006-01-31,5
71401,1,2006-03-31,5
71401,1,2006-04-30,5
71401,1,2006-06-30,5
71401,1,2006-07-31,5
71401,1,2006-09-30,5
71401,1,2006-10-31,5
71401,1,2006-12-31,5
71401,1,2007-01-31,10
71401,1,2007-03-31,22
71401,1,2007-04-30,28
71401,1,2007-06-30,37
71401,1,2007-07-31,41
71401,1,2007-09-30,47
71401,1,2007-10-31,47
71401,1,2007-12-31,52
71401,1,2008-01-31,56
71401,1,2008-03-31,68
71401,1,2008-04-30,71
71401,1,2008-06-30,85
71401,1,2008-07-31,89
71401,1,2008-09-30,94
71401,1,2008-10-31,95
71401,1,2008-12-31,101
71401,1,2009-01-31,104
71401,1,2009-03-31,119
71401,1,2009-04-30,125
71401,1,2009-05-31,134
71401,1,2009-06-30,137
71401,1,2009-07-31,144
71401,1,2009-08-31,145
71401,1,2009-09-30,157
71401,1,2009-10-31,160
71401,1,2009-11-30,164
71401,1,2009-12-31,169
71401,1,2010-01-31,172
71401,1,2010-02-28,177
71401,1,2010-03-31,183
71401,1,2010-04-30,188
71401,1,2010-05-31,196
71401,1,2010-06-30,201
71401,1,2010-07-31,209
71401,1,2010-08-31,214
71401,1,2010-09-30,219
71401,1,2010-10-31,226
71401,1,2010-11-30,227
71401,1,2010-12-31,230
71401,1,2011-01-31,233
71401,1,2011-02-28,234
71401,1,2011-03-31,245
71401,1,2011-04-30,250
71401,1,2011-05-31,261
71401,1,2011-06-30,269
71401,1,2011-07-31,275
71401,1,2011-08-31,282
71401,1,2011-09-30,292
71401,1,2011-10-31,297
71401,1,2011-11-30,299
71401,1,2011-12-31,303
71401,1,2012-01-31,309
72101,1,2006-01-31,2
72101,1,2006-03-31,5
72101,1,2006-04-30,14
72101,1,2006-06-30,24
72101,1,2006-07-31,27
72101,1,2006-09-30,44
72101,1,2006-10-31,48
72101,1,2006-12-31,57
72101,1,2007-01-31,60
72101,1,2007-03-31,80
72101,1,2007-04-30,99
72101,1,2007-06-30,118
72101,1,2007-07-31,128
72101,1,2007-09-30,137
72101,1,2007-10-31,139
72101,1,2007-12-31,156
72101,1,2008-01-31,167
72101,1,2008-03-31,185
72101,1,2008-04-30,198
72101,1,2008-06-30,226
72101,1,2008-07-31,246
72101,1,2008-09-30,263
72101,1,2008-10-31,281
72101,1,2008-12-31,301
72101,1,2009-01-31,309
72101,1,2009-03-31,328
72101,1,2009-04-30,335
72101,1,2009-05-31,343
72101,1,2009-06-30,352
72101,1,2009-07-31,361
72101,1,2009-08-31,367
72101,1,2009-09-30,376
72101,1,2009-10-31,391
72101,1,2009-11-30,401
72101,1,2009-12-31,406
72101,1,2010-01-31,412
72101,1,2010-02-28,428
72101,1,2010-03-31,439
72101,1,2010-04-30,443
72101,1,2010-05-31,458
72101,1,2010-06-30,463
72101,1,2010-07-31,482
72101,1,2010-08-31,491
72101,1,2010-09-30,504
72101,1,2010-10-31,517
72101,1,2010-11-30,525
72101,1,2010-12-31,528
72101,1,2011-01-31,533
72101,1,2011-02-28,543
72101,1,2011-03-31,553
72101,1,2011-04-30,559
72101,1,2011-05-31,568
72101,1,2011-06-30,580
72101,1,2011-07-31,588
72101,1,2011-08-31,602
72101,1,2011-09-30,608
72101,1,2011-10-31,617
72101,1,2011-11-30,635
72101,1,2011-12-31,642
72101,1,2012-01-31,648
73101,1,2006-06-30,6
73101,1,2006-07-31,12
73101,1,2006-09-30,22
73101,1,2006-10-31,22
73101,1,2006-12-31,34
73101,1,2007-01-31,39
73101,1,2007-03-31,45
73101,1,2007-04-30,47
73101,1,2007-06-30,50
73101,1,2007-07-31,50
73101,1,2007-09-30,56
73101,1,2007-10-31,64
73101,1,2007-12-31,71
73101,1,2008-01-31,76
73101,1,2008-03-31,81
73101,1,2008-04-30,81
73101,1,2008-06-30,81
73101,1,2008-07-31,81
73101,1,2008-09-30,81
73101,1,2008-10-31,81
73101,1,2008-12-31,81
73101,1,2009-01-31,81
73101,1,2009-03-31,81
73101,1,2009-04-30,81
73101,1,2009-05-31,81
73101,1,2009-06-30,81
73101,1,2009-07-31,81
73101,1,2009-08-31,81
73101,1,2009-09-30,81
73101,1,2009-10-31,81
73101,1,2009-11-30,81
73101,1,2009-12-31,81
73101,1,2010-01-31,81
73101,1,2010-02-28,81
73101,1,2010-03-31,81
73101,1,2010-04-30,81
73101,1,2010-05-31,81
73101,1,2010-06-30,81
73101,1,2010-07-31,81
73101,1,2010-08-31,81
73101,1,2010-09-30,81
73101,1,2010-10-31,81
73101,1,2010-11-30,81
73101,1,2010-12-31,81
73101,1,2011-01-31,81
73101,1,2011-02-28,81
73101,1,2011-03-31,81
73101,1,2011-04-30,81
73101,1,2011-05-31,81
73101,1,2011-06-30,81
73101,1,2011-07-31,81
73101,1,2011-08-31,81
73101,1,2011-09-30,81
73101,1,2011-10-31,81
73101,1,2011-11-30,81
73101,1,2011-12-31,81
73101,1,2012-01-31,81
73103,1,2006-01-31,147
73103,1,2006-03-31,185
73103,1,2006-04-30,198
73103,1,2006-06-30,241
73103,1,2006-07-31,258
73103,1,2006-09-30,293
73103,1,2006-10-31,313
73103,1,2006-12-31,332
73103,1,2007-01-31,352
73103,1,2007-03-31,399
73103,1,2007-04-30,426
73103,1,2007-06-30,466
73103,1,2007-07-31,482
73103,1,2007-09-30,496
73103,1,2007-10-31,509
73103,1,2007-12-31,533
73103,1,2008-01-31,549
73103,1,2008-03-31,569
73103,1,2008-04-30,576
73103,1,2008-06-30,597
73103,1,2008-07-31,630
73103,1,2008-09-30,651
73103,1,2008-10-31,659
73103,1,2008-12-31,677
73103,1,2009-01-31,695
73103,1,2009-03-31,725
73103,1,2009-04-30,734
73103,1,2009-05-31,743
73103,1,2009-06-30,758
73103,1,2009-07-31,773
73103,1,2009-08-31,789
73103,1,2009-09-30,805
73103,1,2009-10-31,817
73103,1,2009-11-30,829
73103,1,2009-12-31,839
73103,1,2010-01-31,850
73103,1,2010-02-28,858
73103,1,2010-03-31,867
73103,1,2010-04-30,884
73103,1,2010-05-31,891
73103,1,2010-06-30,898
73103,1,2010-07-31,901
73103,1,2010-08-31,913
73103,1,2010-09-30,927
73103,1,2010-10-31,936
73103,1,2010-11-30,941
73103,1,2010-12-31,948
73103,1,2011-01-31,953
73103,1,2011-02-28,957
73103,1,2011-03-31,965
73103,1,2011-04-30,982
73103,1,2011-05-31,995
73103,1,2011-06-30,1009
73103,1,2011-07-31,1014
73103,1,2011-08-31,1020
73103,1,2011-09-30,1020
73103,1,2011-10-31,1020
73103,1,2011-11-30,1020
73103,1,2011-12-31,1020
73103,1,2012-01-31,1020
73301,1,2006-01-31,82
73301,1,2006-03-31,85
73301,1,2006-04-30,86
73301,1,2006-06-30,98
73301,1,2006-07-31,98
73301,1,2006-09-30,100
73301,1,2006-10-31,100
73301,1,2006-12-31,113
73301,1,2007-01-31,116
73301,1,2007-03-31,128
73301,1,2007-04-30,127
73301,1,2007-06-30,130
73301,1,2007-07-31,131
73301,1,2007-09-30,133
73301,1,2007-10-31,132
73301,1,2007-12-31,138
73301,1,2008-01-31,140
73301,1,2008-03-31,148
73301,1,2008-04-30,148
73301,1,2008-06-30,158
73301,1,2008-07-31,162
73301,1,2008-09-30,189
73301,1,2008-10-31,192
73301,1,2008-12-31,201
73301,1,2009-01-31,201
73301,1,2009-03-31,207
73301,1,2009-04-30,212
73301,1,2009-05-31,214
73301,1,2009-06-30,220
73301,1,2009-07-31,225
73301,1,2009-08-31,232
73301,1,2009-09-30,233
73301,1,2009-10-31,234
73301,1,2009-11-30,236
73301,1,2009-12-31,239
73301,1,2010-01-31,240
73301,1,2010-02-28,242
73301,1,2010-03-31,249
73301,1,2010-04-30,258
73301,1,2010-05-31,262
73301,1,2010-06-30,266
73301,1,2010-07-31,267
73301,1,2010-08-31,271
73301,1,2010-09-30,273
73301,1,2010-10-31,277
73301,1,2010-11-30,278
73301,1,2010-12-31,281
73301,1,2011-01-31,288
73301,1,2011-02-28,292
73301,1,2011-03-31,296
73301,1,2011-04-30,298
73301,1,2011-05-31,301
73301,1,2011-06-30,307
73301,1,2011-07-31,308
73301,1,2011-08-31,312
73301,1,2011-09-30,316
73301,1,2011-10-31,319
73301,1,2011-11-30,321
73301,1,2011-12-31,322
73301,1,2012-01-31,328
81100,,2009-08-31,0
81100,,2009-10-31,0
81100,1,2006-01-31,296
81100,1,2006-03-31,384
81100,1,2006-04-30,370
81100,1,2006-06-30,472
81100,1,2006-07-31,451
81100,1,2006-09-30,530
81100,1,2006-10-31,510
81100,1,2006-12-31,590
81100,1,2007-01-31,571
81100,1,2007-03-31,696
81100,1,2007-04-30,685
81100,1,2007-06-30,734
81100,1,2007-07-31,748
81100,1,2007-09-30,835
81100,1,2007-10-31,820
81100,1,2007-12-31,864
81100,1,2008-01-31,881
81100,1,2008-03-31,921
81100,1,2008-04-30,945
81100,1,2008-06-30,990
81100,1,2008-07-31,1014
81100,1,2008-09-30,1097
81100,1,2008-10-31,1088
81100,1,2008-12-31,1145
81100,1,2009-01-31,1180
81100,1,2009-03-31,1239
81100,1,2009-04-30,1279
81100,1,2009-05-31,1310
81100,1,2009-06-30,1354
81100,1,2009-07-31,1407
81100,1,2009-08-31,1436
81100,1,2009-09-30,1471
81100,1,2009-10-31,1509
81100,1,2009-11-30,1532
81100,1,2009-12-31,1562
81100,1,2010-01-31,1583
81100,1,2010-02-28,1621
81100,1,2010-03-31,1660
81100,1,2010-04-30,1709
81100,1,2010-05-31,1732
81100,1,2010-06-30,1756
81100,1,2010-07-31,1783
81100,1,2010-08-31,1815
81100,1,2010-09-30,1854
81100,1,2010-10-31,1881
81100,1,2010-11-30,1898
81100,1,2010-12-31,1911
81100,1,2011-01-31,1932
81100,1,2011-02-28,1961
81100,1,2011-03-31,1976
81100,1,2011-04-30,1993
81100,1,2011-05-31,2010
81100,1,2011-06-30,2032
81100,1,2011-07-31,2053
81100,1,2011-08-31,2066
81100,1,2011-09-30,2088
81100,1,2011-10-31,2099
81100,1,2011-11-30,2122
81100,1,2011-12-31,2132
81100,1,2012-01-31,2149
81101,1,2006-01-31,1
81101,1,2006-03-31,1
81101,1,2006-04-30,1
81101,1,2006-06-30,1
81101,1,2006-07-31,1
81101,1,2006-09-30,1
81101,1,2006-10-31,1
81101,1,2006-12-31,1
81101,1,2007-01-31,1
81101,1,2007-03-31,1
81101,1,2007-04-30,1
81101,1,2007-06-30,1
81101,1,2007-07-31,1
81101,1,2007-09-30,1
81101,1,2007-10-31,1
81101,1,2007-12-31,1
81101,1,2008-01-31,1
81101,1,2008-03-31,3
81101,1,2008-04-30,5
81101,1,2008-06-30,7
81101,1,2008-07-31,12
81101,1,2008-09-30,15
81101,1,2008-10-31,16
81101,1,2008-12-31,18
81101,1,2009-01-31,19
81101,1,2009-03-31,23
81101,1,2009-04-30,24
81101,1,2009-05-31,24
81101,1,2009-06-30,29
81101,1,2009-07-31,41
81101,1,2009-08-31,52
81101,1,2009-09-30,59
81101,1,2009-10-31,59
81101,1,2009-11-30,68
81101,1,2009-12-31,76
81101,1,2010-01-31,80
81101,1,2010-02-28,87
81101,1,2010-03-31,100
81101,1,2010-04-30,115
81101,1,2010-05-31,118
81101,1,2010-06-30,125
81101,1,2010-07-31,131
81101,1,2010-08-31,137
81101,1,2010-09-30,149
81101,1,2010-10-31,153
81101,1,2010-11-30,161
81101,1,2010-12-31,163
81101,1,2011-01-31,167
81101,1,2011-02-28,173
81101,1,2011-03-31,181
81101,1,2011-04-30,187
81101,1,2011-05-31,190
81101,1,2011-06-30,193
81101,1,2011-07-31,198
81101,1,2011-08-31,204
81101,1,2011-09-30,205
81101,1,2011-10-31,207
81101,1,2011-11-30,209
81101,1,2011-12-31,211
81101,1,2012-01-31,213
82201,1,2006-01-31,3
82201,1,2006-03-31,3
82201,1,2006-04-30,3
82201,1,2006-06-30,5
82201,1,2006-07-31,5
82201,1,2006-09-30,5
82201,1,2006-10-31,5
82201,1,2006-12-31,5
82201,1,2007-01-31,5
82201,1,2007-03-31,8
82201,1,2007-04-30,9
82201,1,2007-06-30,43
82201,1,2007-07-31,49
82201,1,2007-09-30,59
82201,1,2007-10-31,77
82201,1,2007-12-31,90
82201,1,2008-01-31,97
82201,1,2008-03-31,110
82201,1,2008-04-30,116
82201,1,2008-06-30,126
82201,1,2008-07-31,131
82201,1,2008-09-30,131
82201,1,2008-10-31,137
82201,1,2008-12-31,144
82201,1,2009-01-31,153
82201,1,2009-03-31,161
82201,1,2009-04-30,167
82201,1,2009-05-31,178
82201,1,2009-06-30,192
82201,1,2009-07-31,198
82201,1,2009-08-31,208
82201,1,2009-09-30,214
82201,1,2009-10-31,222
82201,1,2009-11-30,227
82201,1,2009-12-31,234
82201,1,2010-01-31,241
82201,1,2010-02-28,247
82201,1,2010-03-31,252
82201,1,2010-04-30,260
82201,1,2010-05-31,265
82201,1,2010-06-30,268
82201,1,2010-07-31,276
82201,1,2010-08-31,288
82201,1,2010-09-30,302
82201,1,2010-10-31,311
82201,1,2010-11-30,316
82201,1,2010-12-31,319
82201,1,2011-01-31,326
82201,1,2011-02-28,328
82201,1,2011-03-31,330
82201,1,2011-04-30,340
82201,1,2011-05-31,348
82201,1,2011-06-30,352
82201,1,2011-07-31,359
82201,1,2011-08-31,366
82201,1,2011-09-30,373
82201,1,2011-10-31,377
82201,1,2011-11-30,391
82201,1,2011-12-31,399
82201,1,2012-01-31,404
83401,1,2006-01-31,1
83401,1,2006-03-31,1
83401,1,2006-04-30,1
83401,1,2006-06-30,1
83401,1,2006-07-31,1
83401,1,2006-09-30,1
83401,1,2006-10-31,1
83401,1,2006-12-31,1
83401,1,2007-01-31,1
83401,1,2007-03-31,1
83401,1,2007-04-30,1
83401,1,2007-06-30,1
83401,1,2007-07-31,1
83401,1,2007-09-30,1
83401,1,2007-10-31,1
83401,1,2007-12-31,10
83401,1,2008-01-31,22
83401,1,2008-03-31,34
83401,1,2008-04-30,40
83401,1,2008-06-30,44
83401,1,2008-07-31,50
83401,1,2008-09-30,63
83401,1,2008-10-31,73
83401,1,2008-12-31,83
83401,1,2009-01-31,95
83401,1,2009-03-31,114
83401,1,2009-04-30,117
83401,1,2009-05-31,122
83401,1,2009-06-30,126
83401,1,2009-07-31,134
83401,1,2009-08-31,138
83401,1,2009-09-30,148
83401,1,2009-10-31,152
83401,1,2009-11-30,163
83401,1,2009-12-31,168
83401,1,2010-01-31,172
83401,1,2010-02-28,177
83401,1,2010-03-31,185
83401,1,2010-04-30,190
83401,1,2010-05-31,192
83401,1,2010-06-30,201
83401,1,2010-07-31,211
83401,1,2010-08-31,217
83401,1,2010-09-30,221
83401,1,2010-10-31,223
83401,1,2010-11-30,229
83401,1,2010-12-31,232
83401,1,2011-01-31,235
83401,1,2011-02-28,240
83401,1,2011-03-31,247
83401,1,2011-04-30,255
83401,1,2011-05-31,259
83401,1,2011-06-30,259
83401,1,2011-07-31,264
83401,1,2011-08-31,267
83401,1,2011-09-30,273
83401,1,2011-10-31,275
83401,1,2011-11-30,279
83401,1,2011-12-31,285
83401,1,2012-01-31,285
84100,,2006-01-31,0
84100,1,2006-01-31,4
84100,1,2006-03-31,18
84100,1,2006-04-30,21
84100,1,2006-06-30,42
84100,1,2006-07-31,52
84100,1,2006-09-30,87
84100,1,2006-10-31,89
84100,1,2006-12-31,106
84100,1,2007-01-31,122
84100,1,2007-03-31,149
84100,1,2007-04-30,152
84100,1,2007-06-30,177
84100,1,2007-07-31,190
84100,1,2007-09-30,228
84100,1,2007-10-31,241
84100,1,2007-12-31,269
84100,1,2008-01-31,288
84100,1,2008-03-31,332
84100,1,2008-04-30,350
84100,1,2008-06-30,375
84100,1,2008-07-31,388
84100,1,2008-09-30,412
84100,1,2008-10-31,434
84100,1,2008-12-31,470
84100,1,2009-01-31,483
84100,1,2009-03-31,520
84100,1,2009-04-30,541
84100,1,2009-05-31,557
84100,1,2009-06-30,556
84100,1,2009-07-31,578
84100,1,2009-08-31,599
84100,1,2009-09-30,638
84100,1,2009-10-31,652
84100,1,2009-11-30,676
84100,1,2009-12-31,691
84100,1,2010-01-31,702
84100,1,2010-02-28,722
84100,1,2010-03-31,737
84100,1,2010-04-30,756
84100,1,2010-05-31,769
84100,1,2010-06-30,786
84100,1,2010-07-31,797
84100,1,2010-08-31,810
84100,1,2010-09-30,816
84100,1,2010-10-31,823
84100,1,2010-11-30,830
84100,1,2010-12-31,839
84100,1,2011-01-31,846
84100,1,2011-02-28,861
84100,1,2011-03-31,871
84100,1,2011-04-30,891
84100,1,2011-05-31,903
84100,1,2011-06-30,913
84100,1,2011-07-31,925
84100,1,2011-08-31,938
84100,1,2011-09-30,956
84100,1,2011-10-31,966
84100,1,2011-11-30,978
84100,1,2011-12-31,998
84100,1,2012-01-31,1023
84111,,2006-01-31,0
84111,,2006-04-30,0
84111,,2006-07-31,0
84111,,2006-10-31,0
84111,,2007-01-31,0
84111,,2007-04-30,0
84111,,2008-01-31,0
84111,,2008-06-30,0
84111,,2008-07-31,0
84111,,2009-05-31,0
84111,1,2006-01-31,696
84111,1,2006-03-31,766
84111,1,2006-04-30,809
84111,1,2006-06-30,900
84111,1,2006-07-31,950
84111,1,2006-09-30,1029
84111,1,2006-10-31,1075
84111,1,2006-12-31,1144
84111,1,2007-01-31,1193
84111,1,2007-03-31,1240
84111,1,2007-04-30,1272
84111,1,2007-06-30,1341
84111,1,2007-07-31,1388
84111,1,2007-09-30,1438
84111,1,2007-10-31,1480
84111,1,2007-12-31,1533
84111,1,2008-01-31,1564
84111,1,2008-03-31,1622
84111,1,2008-04-30,1654
84111,1,2008-06-30,1727
84111,1,2008-07-31,1761
84111,1,2008-09-30,1844
84111,1,2008-10-31,1876
84111,1,2008-12-31,1928
84111,1,2009-01-31,1953
84111,1,2009-03-31,1988
84111,1,2009-04-30,2031
84111,1,2009-05-31,2062
84111,1,2009-06-30,2099
84111,1,2009-07-31,2142
84111,1,2009-08-31,2182
84111,1,2009-09-30,2206
84111,1,2009-10-31,2225
84111,1,2009-11-30,2261
84111,1,2009-12-31,2284
84111,1,2010-01-31,2311
84111,1,2010-02-28,2335
84111,1,2010-03-31,2362
84111,1,2010-04-30,2389
84111,1,2010-05-31,2422
84111,1,2010-06-30,2442
84111,1,2010-07-31,2466
84111,1,2010-08-31,2491
84111,1,2010-09-30,2526
84111,1,2010-10-31,2557
84111,1,2010-11-30,2582
84111,1,2010-12-31,2602
84111,1,2011-01-31,2633
84111,1,2011-02-28,2667
84111,1,2011-03-31,2692
84111,1,2011-04-30,2713
84111,1,2011-05-31,2759
84111,1,2011-06-30,2783
84111,1,2011-07-31,2810
84111,1,2011-08-31,2837
84111,1,2011-09-30,2868
84111,1,2011-10-31,2893
84111,1,2011-11-30,2921
84111,1,2011-12-31,2953
84111,1,2012-01-31,2990
91100,,2006-07-31,0
91100,,2009-10-31,0
91100,1,2006-01-31,206
91100,1,2006-03-31,208
91100,1,2006-04-30,207
91100,1,2006-06-30,251
91100,1,2006-07-31,280
91100,1,2006-09-30,316
91100,1,2006-10-31,329
91100,1,2006-12-31,360
91100,1,2007-01-31,378
91100,1,2007-03-31,446
91100,1,2007-04-30,474
91100,1,2007-06-30,533
91100,1,2007-07-31,579
91100,1,2007-09-30,646
91100,1,2007-10-31,690
91100,1,2007-12-31,764
91100,1,2008-01-31,812
91100,1,2008-03-31,904
91100,1,2008-04-30,938
91100,1,2008-06-30,1012
91100,1,2008-07-31,1053
91100,1,2008-09-30,1098
91100,1,2008-10-31,1114
91100,1,2008-12-31,1190
91100,1,2009-01-31,1223
91100,1,2009-03-31,1298
91100,1,2009-04-30,1328
91100,1,2009-05-31,1348
91100,1,2009-06-30,1406
91100,1,2009-07-31,1454
91100,1,2009-08-31,1496
91100,1,2009-09-30,1548
91100,1,2009-10-31,1584
91100,1,2009-11-30,1626
91100,1,2009-12-31,1647
91100,1,2010-01-31,1676
91100,1,2010-02-28,1693
91100,1,2010-03-31,1738
91100,1,2010-04-30,1777
91100,1,2010-05-31,1805
91100,1,2010-06-30,1839
91100,1,2010-07-31,1872
91100,1,2010-08-31,1909
91100,1,2010-09-30,1921
91100,1,2010-10-31,1941
91100,1,2010-11-30,1959
91100,1,2010-12-31,1974
91100,1,2011-01-31,2007
91100,1,2011-02-28,2035
91100,1,2011-03-31,2066
91100,1,2011-04-30,2093
91100,1,2011-05-31,2126
91100,1,2011-06-30,2160
91100,1,2011-07-31,2190
91100,1,2011-08-31,2226
91100,1,2011-09-30,2263
91100,1,2011-10-31,2315
91100,1,2011-11-30,2357
91100,1,2011-12-31,2396
91100,1,2012-01-31,2429
91114,1,2006-01-31,575
91114,1,2006-03-31,665
91114,1,2006-04-30,702
91114,1,2006-06-30,805
91114,1,2006-07-31,838
91114,1,2006-09-30,926
91114,1,2006-10-31,959
91114,1,2006-12-31,1043
91114,1,2007-01-31,1103
91114,1,2007-03-31,1180
91114,1,2007-04-30,1226
91114,1,2007-06-30,1309
91114,1,2007-07-31,1354
91114,1,2007-09-30,1423
91114,1,2007-10-31,1455
91114,1,2007-12-31,1516
91114,1,2008-01-31,1550
91114,1,2008-03-31,1598
91114,1,2008-04-30,1626
91114,1,2008-06-30,1674
91114,1,2008-07-31,1710
91114,1,2008-09-30,1781
91114,1,2008-10-31,1824
91114,1,2008-12-31,1881
91114,1,2009-01-31,1926
91114,1,2009-03-31,1997
91114,1,2009-04-30,2025
91114,1,2009-05-31,2061
91114,1,2009-06-30,2097
91114,1,2009-07-31,2127
91114,1,2009-08-31,2151
91114,1,2009-09-30,2183
91114,1,2009-10-31,2215
91114,1,2009-11-30,2240
91114,1,2009-12-31,2267
91114,1,2010-01-31,2293
91114,1,2010-02-28,2309
91114,1,2010-03-31,2335
91114,1,2010-04-30,2362
91114,1,2010-05-31,2386
91114,1,2010-06-30,2416
91114,1,2010-07-31,2452
91114,1,2010-08-31,2479
91114,1,2010-09-30,2506
91114,1,2010-10-31,2540
91114,1,2010-11-30,2555
91114,1,2010-12-31,2567
91114,1,2011-01-31,2588
91114,1,2011-02-28,2605
91114,1,2011-03-31,2639
91114,1,2011-04-30,2659
91114,1,2011-05-31,2700
91114,1,2011-06-30,2725
91114,1,2011-07-31,2743
91114,1,2011-08-31,2769
91114,1,2011-09-30,2797
91114,1,2011-10-31,2816
91114,1,2011-11-30,2833
91114,1,2011-12-31,2853
91114,1,2012-01-31,2880
93301,1,2006-01-31,33
93301,1,2006-03-31,36
93301,1,2006-04-30,37
93301,1,2006-06-30,46
93301,1,2006-07-31,46
93301,1,2006-09-30,50
93301,1,2006-10-31,53
93301,1,2006-12-31,55
93301,1,2007-01-31,57
93301,1,2007-03-31,71
93301,1,2007-04-30,108
93301,1,2007-06-30,166
93301,1,2007-07-31,185
93301,1,2007-09-30,214
93301,1,2007-10-31,269
93301,1,2007-12-31,330
93301,1,2008-01-31,352
93301,1,2008-03-31,371
93301,1,2008-04-30,385
93301,1,2008-06-30,407
93301,1,2008-07-31,424
93301,1,2008-09-30,437
93301,1,2008-10-31,470
93301,1,2008-12-31,495
93301,1,2009-01-31,504
93301,1,2009-03-31,543
93301,1,2009-04-30,561
93301,1,2009-05-31,557
93301,1,2009-06-30,567
93301,1,2009-07-31,579
93301,1,2009-08-31,595
93301,1,2009-09-30,605
93301,1,2009-10-31,621
93301,1,2009-11-30,650
93301,1,2009-12-31,691
93301,1,2010-01-31,707
93301,1,2010-02-28,713
93301,1,2010-03-31,726
93301,1,2010-04-30,744
93301,1,2010-05-31,751
93301,1,2010-06-30,759
93301,1,2010-07-31,765
93301,1,2010-08-31,784
93301,1,2010-09-30,795
93301,1,2010-10-31,812
93301,1,2010-11-30,817
93301,1,2010-12-31,819
93301,1,2011-01-31,832
93301,1,2011-02-28,845
93301,1,2011-03-31,865
93301,1,2011-04-30,872
93301,1,2011-05-31,880
93301,1,2011-06-30,889
93301,1,2011-07-31,903
93301,1,2011-08-31,910
93301,1,2011-09-30,915
93301,1,2011-10-31,922
93301,1,2011-11-30,925
93301,1,2011-12-31,929
93301,1,2012-01-31,933
93401,1,2006-03-31,20
93401,1,2006-04-30,35
93401,1,2006-06-30,59
93401,1,2006-07-31,80
93401,1,2006-09-30,115
93401,1,2006-10-31,119
93401,1,2006-12-31,131
93401,1,2007-01-31,138
93401,1,2007-03-31,137
93401,1,2007-04-30,141
93401,1,2007-06-30,144
93401,1,2007-07-31,144
93401,1,2007-09-30,145
93401,1,2007-10-31,145
93401,1,2007-12-31,147
93401,1,2008-01-31,148
93401,1,2008-03-31,150
93401,1,2008-04-30,151
93401,1,2008-06-30,151
93401,1,2008-07-31,154
93401,1,2008-09-30,155
93401,1,2008-10-31,154
93401,1,2008-12-31,157
93401,1,2009-01-31,158
93401,1,2009-03-31,160
93401,1,2009-04-30,160
93401,1,2009-05-31,160
93401,1,2009-06-30,160
93401,1,2009-07-31,161
93401,1,2009-08-31,164
93401,1,2009-09-30,166
93401,1,2009-10-31,167
93401,1,2009-11-30,171
93401,1,2009-12-31,171
93401,1,2010-01-31,172
93401,1,2010-02-28,172
93401,1,2010-03-31,173
93401,1,2010-04-30,173
93401,1,2010-05-31,173
93401,1,2010-06-30,173
93401,1,2010-07-31,173
93401,1,2010-08-31,174
93401,1,2010-09-30,175
93401,1,2010-10-31,176
93401,1,2010-11-30,177
93401,1,2010-12-31,177
93401,1,2011-01-31,178
93401,1,2011-02-28,178
93401,1,2011-03-31,179
93401,1,2011-04-30,179
93401,1,2011-05-31,179
93401,1,2011-06-30,179
93401,1,2011-07-31,179
93401,1,2011-08-31,179
93401,1,2011-09-30,179
93401,1,2011-10-31,179
93401,1,2011-11-30,179
93401,1,2011-12-31,179
93401,1,2012-01-31,179
95698,1,2009-01-31,8
95698,1,2009-03-31,9
95698,1,2009-04-30,9
95698,1,2009-05-31,9
95698,1,2009-06-30,9
95698,1,2009-07-31,9
95698,1,2009-08-31,9
95698,1,2009-09-30,9
95698,1,2009-10-31,9
95698,1,2009-11-30,14
95698,1,2009-12-31,15
95698,1,2010-01-31,16
95698,1,2010-02-28,16
95698,1,2010-03-31,16
95698,1,2010-04-30,16
95698,1,2010-05-31,16
95698,1,2010-06-30,16
95698,1,2010-07-31,16
95698,1,2010-08-31,16
95698,1,2010-09-30,16
95698,1,2010-10-31,16
95698,1,2010-11-30,16
95698,1,2010-12-31,16
95698,1,2011-01-31,16
95698,1,2011-02-28,16
95698,1,2011-03-31,16
95698,1,2011-04-30,16
95698,1,2011-05-31,16
95698,1,2011-06-30,16
95698,1,2011-07-31,16
95698,1,2011-08-31,16
95698,1,2011-09-30,16
95698,1,2011-10-31,16
95698,1,2011-11-30,16
95698,1,2011-12-31,16
95698,1,2012-01-31,18
