clinic,day,population,encounters
11100,2006-01-31,102,17
11100,2006-03-31,114,20
11100,2006-04-30,131,53
11100,2006-06-30,188,80
11100,2006-07-31,218,101
11100,2006-09-30,274,277
11100,2006-10-31,325,342
11100,2006-12-31,374,207
11100,2007-01-31,464,646
11100,2007-03-31,638,1068
11100,2007-04-30,730,1148
11100,2007-06-30,868,1017
11100,2007-07-31,976,1488
11100,2007-09-30,1215,1441
11100,2007-10-31,1349,1596
11100,2007-12-31,1565,1626
11100,2008-01-31,1709,2157
11100,2008-03-31,1975,2393
11100,2008-04-30,2096,2571
11100,2008-06-30,2341,2975
11100,2008-07-31,2464,3371
11100,2008-09-30,2690,3388
11100,2008-10-31,2790,3686
11100,2008-12-31,3027,3766
11100,2009-01-31,3187,4659
11100,2009-03-31,3532,5199
11100,2009-04-30,3690,4917
11100,2009-05-31,3816,5521
11100,2009-06-30,3922,4750
11100,2009-07-31,3978,4771
11100,2009-08-31,4063,4189
11100,2009-09-30,4153,4542
11100,2009-10-31,4217,4448
11100,2009-11-30,4298,4272
11100,2009-12-31,4377,4260
11100,2010-01-31,4412,1519
11100,2010-02-28,4425,1441
11100,2010-03-31,4474,2522
11100,2010-04-30,4527,3359
11100,2010-05-31,4585,3394
11100,2010-06-30,4634,3372
11100,2010-07-31,4705,3931
11100,2010-08-31,4758,3608
11100,2010-09-30,4822,3874
11100,2010-10-31,4883,4054
11100,2010-11-30,4917,3326
11100,2010-12-31,4954,3415
11100,2011-01-31,5007,3792
11100,2011-02-28,5070,3504
11100,2011-03-31,5139,3891
11100,2011-04-30,5193,3482
11100,2011-05-31,5239,2718
11100,2011-06-30,5268,1878
11100,2011-07-31,5288,2173
11100,2011-08-31,5293,2127
11100,2011-09-30,5332,2242
11100,2011-10-31,5360,1629
11100,2011-11-30,5408,2565
11100,2011-12-31,5459,2357
11100,2012-01-31,5493,2759
11120,2007-06-30,1,0
11120,2007-07-31,1,0
11120,2007-09-30,1,0
11120,2007-10-31,1,0
11120,2007-12-31,1,0
11120,2008-01-31,1,0
11120,2008-03-31,1,0
11120,2008-04-30,1,0
11120,2008-06-30,1,0
11120,2008-07-31,2,0
11120,2008-09-30,1,0
11120,2008-10-31,2,0
11120,2008-12-31,2,0
11120,2009-01-31,2,0
11120,2009-03-31,2,0
11120,2009-04-30,3,2
11120,2009-05-31,8,12
11120,2009-06-30,12,51
11120,2009-07-31,27,121
11120,2009-08-31,36,149
11120,2009-09-30,49,185
11120,2009-10-31,55,245
11120,2009-11-30,67,239
11120,2009-12-31,80,293
11120,2010-01-31,86,146
11120,2010-02-28,94,148
11120,2010-03-31,116,330
11120,2010-04-30,131,272
11120,2010-05-31,159,411
11120,2010-06-30,181,476
11120,2010-07-31,200,469
11120,2010-08-31,215,404
11120,2010-09-30,222,344
11120,2010-10-31,240,321
11120,2010-11-30,256,303
11120,2010-12-31,275,406
11120,2011-01-31,289,480
11120,2011-02-28,306,474
11120,2011-03-31,311,362
11120,2011-04-30,317,348
11120,2011-05-31,355,488
11120,2011-06-30,366,202
11120,2011-07-31,370,195
11120,2011-08-31,378,278
11120,2011-09-30,393,287
11120,2011-10-31,399,158
11120,2011-11-30,414,364
11120,2011-12-31,426,305
11120,2012-01-31,437,337
11127,2006-01-31,422,476
11127,2006-03-31,508,494
11127,2006-04-30,536,404
11127,2006-06-30,618,521
11127,2006-07-31,661,474
11127,2006-09-30,724,527
11127,2006-10-31,742,512
11127,2006-12-31,840,599
11127,2007-01-31,879,661
11127,2007-03-31,972,761
11127,2007-04-30,1002,712
11127,2007-06-30,1065,796
11127,2007-07-31,1108,995
11127,2007-09-30,1197,694
11127,2007-10-31,1221,769
11127,2007-12-31,1299,802
11127,2008-01-31,1343,871
11127,2008-03-31,1438,990
11127,2008-04-30,1487,1063
11127,2008-06-30,1590,1823
11127,2008-07-31,1648,2086
11127,2008-09-30,1722,2034
11127,2008-10-31,1765,1922
11127,2008-12-31,1865,1852
11127,2009-01-31,1935,2507
11127,2009-03-31,2069,3246
11127,2009-04-30,2105,2805
11127,2009-05-31,2144,2888
11127,2009-06-30,2173,3005
11127,2009-07-31,2205,2956
11127,2009-08-31,2230,2272
11127,2009-09-30,2267,2786
11127,2009-10-31,2313,3517
11127,2009-11-30,2360,3261
11127,2009-12-31,2388,3183
11127,2010-01-31,2395,1470
11127,2010-02-28,2395,417
11127,2010-03-31,2395,1181
11127,2010-04-30,2405,1151
11127,2010-05-31,2426,2053
11127,2010-06-30,2450,2249
11127,2010-07-31,2486,2500
11127,2010-08-31,2526,1950
11127,2010-09-30,2555,2190
11127,2010-10-31,2578,2966
11127,2010-11-30,2590,2437
11127,2010-12-31,2602,1687
11127,2011-01-31,2624,2727
11127,2011-02-28,2643,2781
11127,2011-03-31,2679,3200
11127,2011-04-30,2706,3199
11127,2011-05-31,2723,3223
11127,2011-06-30,2754,3186
11127,2011-07-31,2786,3186
11127,2011-08-31,2807,2690
11127,2011-09-30,2822,2945
11127,2011-10-31,2836,2897
11127,2011-11-30,2860,2759
11127,2011-12-31,2875,2430
11127,2012-01-31,2898,3174
11155,2008-12-31,1,5
11155,2009-01-31,1,0
11155,2009-03-31,2,5
11155,2009-04-30,2,0
11155,2009-05-31,2,0
11155,2009-06-30,4,7
11155,2009-07-31,5,3
11155,2009-08-31,8,28
11155,2009-09-30,13,26
11155,2009-10-31,15,23
11155,2009-11-30,21,55
11155,2009-12-31,23,40
11155,2010-01-31,23,15
11155,2010-02-28,23,2
11155,2010-03-31,23,21
11155,2010-04-30,23,20
11155,2010-05-31,28,58
11155,2010-06-30,30,33
11155,2010-07-31,32,36
11155,2010-08-31,35,36
11155,2010-09-30,38,35
11155,2010-10-31,39,16
11155,2010-11-30,40,8
11155,2010-12-31,40,14
11155,2011-01-31,43,16
11155,2011-02-28,45,35
11155,2011-03-31,48,17
11155,2011-04-30,51,39
11155,2011-05-31,52,20
11155,2011-06-30,52,29
11155,2011-07-31,52,16
11155,2011-08-31,53,41
11155,2011-09-30,53,27
11155,2011-10-31,53,18
11155,2011-11-30,55,52
11155,2011-12-31,58,10
11155,2012-01-31,59,64
11156,2008-12-31,2,3
11156,2009-01-31,4,14
11156,2009-03-31,6,5
11156,2009-04-30,7,4
11156,2009-05-31,10,10
11156,2009-06-30,20,32
11156,2009-07-31,23,23
11156,2009-08-31,32,49
11156,2009-09-30,42,84
11156,2009-10-31,68,214
11156,2009-11-30,76,143
11156,2009-12-31,80,29
11156,2010-01-31,80,0
11156,2010-02-28,80,0
11156,2010-03-31,80,0
11156,2010-04-30,80,6
11156,2010-05-31,80,0
11156,2010-06-30,80,3
11156,2010-07-31,80,1
11156,2010-08-31,80,7
11156,2010-09-30,80,5
11156,2010-10-31,80,2
11156,2010-11-30,80,23
11156,2010-12-31,91,129
11156,2011-01-31,91,116
11156,2011-02-28,91,141
11156,2011-03-31,92,202
11156,2011-04-30,102,113
11156,2011-05-31,112,155
11156,2011-06-30,118,98
11156,2011-07-31,125,149
11156,2011-08-31,128,86
11156,2011-09-30,128,49
11156,2011-10-31,133,182
11156,2011-11-30,141,191
11156,2011-12-31,150,203
11156,2012-01-31,153,159
11157,2009-06-30,33,105
11157,2009-07-31,73,162
11157,2009-08-31,106,146
11157,2009-09-30,137,140
11157,2009-10-31,154,105
11157,2009-11-30,166,54
11157,2009-12-31,172,28
11157,2010-01-31,172,3
11157,2010-02-28,173,4
11157,2010-03-31,187,139
11157,2010-04-30,198,66
11157,2010-05-31,200,53
11157,2010-06-30,210,75
11157,2010-07-31,217,76
11157,2010-08-31,221,63
11157,2010-09-30,229,94
11157,2010-10-31,238,118
11157,2010-11-30,243,98
11157,2010-12-31,254,123
11157,2011-01-31,275,196
11157,2011-02-28,284,178
11157,2011-03-31,306,227
11157,2011-04-30,334,289
11157,2011-05-31,345,215
11157,2011-06-30,360,273
11157,2011-07-31,377,324
11157,2011-08-31,382,203
11157,2011-09-30,391,160
11157,2011-10-31,412,336
11157,2011-11-30,426,268
11157,2011-12-31,449,335
11157,2012-01-31,450,330
11208,2006-01-31,669,508
11208,2006-03-31,757,551
11208,2006-04-30,812,421
11208,2006-06-30,931,540
11208,2006-07-31,993,580
11208,2006-09-30,1073,459
11208,2006-10-31,1130,628
11208,2006-12-31,1269,989
11208,2007-01-31,1352,896
11208,2007-03-31,1500,1035
11208,2007-04-30,1586,1064
11208,2007-06-30,1748,835
11208,2007-07-31,1844,1316
11208,2007-09-30,2035,1632
11208,2007-10-31,2127,1554
11208,2007-12-31,2273,1343
11208,2008-01-31,2343,1144
11208,2008-03-31,2480,1044
11208,2008-04-30,2557,1320
11208,2008-06-30,2668,1223
11208,2008-07-31,2736,1528
11208,2008-09-30,2879,1312
11208,2008-10-31,2962,1266
11208,2008-12-31,3080,1320
11208,2009-01-31,3105,753
11208,2009-03-31,3231,1581
11208,2009-04-30,3288,1517
11208,2009-05-31,3351,1200
11208,2009-06-30,3409,1612
11208,2009-07-31,3485,1983
11208,2009-08-31,3561,1628
11208,2009-09-30,3632,1709
11208,2009-10-31,3693,1321
11208,2009-11-30,3755,1454
11208,2009-12-31,3802,1713
11208,2010-01-31,3824,437
11208,2010-02-28,3868,657
11208,2010-03-31,3939,1422
11208,2010-04-30,3999,1249
11208,2010-05-31,4055,1374
11208,2010-06-30,4101,1300
11208,2010-07-31,4141,1447
11208,2010-08-31,4191,1702
11208,2010-09-30,4227,1767
11208,2010-10-31,4276,1788
11208,2010-11-30,4311,1526
11208,2010-12-31,4346,1684
11208,2011-01-31,4391,2099
11208,2011-02-28,4432,2082
11208,2011-03-31,4483,2362
11208,2011-04-30,4530,2499
11208,2011-05-31,4582,2855
11208,2011-06-30,4633,2498
11208,2011-07-31,4676,2169
11208,2011-08-31,4737,2666
11208,2011-09-30,4806,2488
11208,2011-10-31,4845,2423
11208,2011-11-30,4895,2410
11208,2011-12-31,4937,2635
11208,2012-01-31,5005,2985
11217,2006-01-31,12,1
11217,2006-03-31,14,0
11217,2006-04-30,13,0
11217,2006-06-30,14,0
11217,2006-07-31,13,0
11217,2006-09-30,14,0
11217,2006-10-31,13,0
11217,2006-12-31,14,0
11217,2007-01-31,14,1
11217,2007-03-31,15,1
11217,2007-04-30,16,2
11217,2007-06-30,17,1
11217,2007-07-31,17,0
11217,2007-09-30,41,35
11217,2007-10-31,56,65
11217,2007-12-31,80,100
11217,2008-01-31,99,80
11217,2008-03-31,133,217
11217,2008-04-30,150,276
11217,2008-06-30,208,506
11217,2008-07-31,235,443
11217,2008-09-30,276,464
11217,2008-10-31,300,523
11217,2008-12-31,397,917
11217,2009-01-31,606,1720
11217,2009-03-31,793,1520
11217,2009-04-30,848,1616
11217,2009-05-31,888,1639
11217,2009-06-30,945,1717
11217,2009-07-31,983,1580
11217,2009-08-31,1018,1450
11217,2009-09-30,1069,1749
11217,2009-10-31,1100,1475
11217,2009-11-30,1135,1879
11217,2009-12-31,1175,1644
11217,2010-01-31,1187,980
11217,2010-02-28,1207,1173
11217,2010-03-31,1232,2015
11217,2010-04-30,1265,1761
11217,2010-05-31,1303,1719
11217,2010-06-30,1327,1486
11217,2010-07-31,1358,1671
11217,2010-08-31,1382,1772
11217,2010-09-30,1424,1796
11217,2010-10-31,1445,1390
11217,2010-11-30,1457,1026
11217,2010-12-31,1483,1210
11217,2011-01-31,1523,1927
11217,2011-02-28,1546,1922
11217,2011-03-31,1566,1361
11217,2011-04-30,1587,1457
11217,2011-05-31,1628,3551
11217,2011-06-30,1674,4728
11217,2011-07-31,1705,4114
11217,2011-08-31,1748,3939
11217,2011-09-30,1781,3254
11217,2011-10-31,1829,3066
11217,2011-11-30,1846,2329
11217,2011-12-31,1883,2164
11217,2012-01-31,1910,2399
11221,2006-01-31,22,0
11221,2006-03-31,21,0
11221,2006-04-30,24,1
11221,2006-06-30,24,2
11221,2006-07-31,26,0
11221,2006-09-30,28,0
11221,2006-10-31,28,0
11221,2006-12-31,26,0
11221,2007-01-31,31,4
11221,2007-03-31,33,1
11221,2007-04-30,38,3
11221,2007-06-30,79,64
11221,2007-07-31,109,128
11221,2007-09-30,178,235
11221,2007-10-31,222,341
11221,2007-12-31,272,456
11221,2008-01-31,320,518
11221,2008-03-31,418,692
11221,2008-04-30,472,877
11221,2008-06-30,596,1414
11221,2008-07-31,669,1334
11221,2008-09-30,800,1168
11221,2008-10-31,850,1533
11221,2008-12-31,941,1543
11221,2009-01-31,1004,1669
11221,2009-03-31,1110,2023
11221,2009-04-30,1170,1874
11221,2009-05-31,1218,1916
11221,2009-06-30,1275,1990
11221,2009-07-31,1353,2223
11221,2009-08-31,1402,2084
11221,2009-09-30,1465,2550
11221,2009-10-31,1523,2521
11221,2009-11-30,1561,2196
11221,2009-12-31,1614,2263
11221,2010-01-31,1639,1013
11221,2010-02-28,1655,1077
11221,2010-03-31,1701,2458
11221,2010-04-30,1739,2265
11221,2010-05-31,1766,2164
11221,2010-06-30,1812,2161
11221,2010-07-31,1857,2325
11221,2010-08-31,1902,2434
11221,2010-09-30,1959,2447
11221,2010-10-31,2017,2711
11221,2010-11-30,2056,2354
11221,2010-12-31,2082,2289
11221,2011-01-31,2124,2590
11221,2011-02-28,2170,2589
11221,2011-03-31,2208,3300
11221,2011-04-30,2259,3264
11221,2011-05-31,2317,3790
11221,2011-06-30,2393,3492
11221,2011-07-31,2450,3765
11221,2011-08-31,2515,3660
11221,2011-09-30,2591,3875
11221,2011-10-31,2659,4166
11221,2011-11-30,2717,3604
11221,2011-12-31,2777,4193
11221,2012-01-31,2838,3728
11228,2006-01-31,18,5
11228,2006-03-31,23,0
11228,2006-04-30,21,0
11228,2006-06-30,25,4
11228,2006-07-31,24,2
11228,2006-09-30,46,75
11228,2006-10-31,56,120
11228,2006-12-31,84,143
11228,2007-01-31,98,257
11228,2007-03-31,166,399
11228,2007-04-30,203,580
11228,2007-06-30,312,724
11228,2007-07-31,363,680
11228,2007-09-30,433,567
11228,2007-10-31,452,574
11228,2007-12-31,539,722
11228,2008-01-31,597,774
11228,2008-03-31,698,1045
11228,2008-04-30,744,1094
11228,2008-06-30,912,1123
11228,2008-07-31,978,1248
11228,2008-09-30,1106,1354
11228,2008-10-31,1141,1338
11228,2008-12-31,1213,899
11228,2009-01-31,1253,1317
11228,2009-03-31,1332,967
11228,2009-04-30,1354,753
11228,2009-05-31,1373,987
11228,2009-06-30,1408,1386
11228,2009-07-31,1436,1074
11228,2009-08-31,1457,602
11228,2009-09-30,1483,559
11228,2009-10-31,1524,845
11228,2009-11-30,1545,1144
11228,2009-12-31,1556,1041
11228,2010-01-31,1561,242
11228,2010-02-28,1564,518
11228,2010-03-31,1569,356
11228,2010-04-30,1585,536
11228,2010-05-31,1611,711
11228,2010-06-30,1638,912
11228,2010-07-31,1664,1000
11228,2010-08-31,1688,809
11228,2010-09-30,1755,900
11228,2010-10-31,1808,1029
11228,2010-11-30,1846,1031
11228,2010-12-31,1881,1128
11228,2011-01-31,1940,1549
11228,2011-02-28,1972,1447
11228,2011-03-31,2000,1819
11228,2011-04-30,2035,1729
11228,2011-05-31,2096,1657
11228,2011-06-30,2154,1868
11228,2011-07-31,2209,2241
11228,2011-08-31,2253,1858
11228,2011-09-30,2329,2105
11228,2011-10-31,2364,1807
11228,2011-11-30,2409,2123
11228,2011-12-31,2438,1701
11228,2012-01-31,2471,1862
11234,2009-06-30,1,6
11234,2009-07-31,2,4
11234,2009-08-31,2,3
11234,2009-09-30,4,13
11234,2009-10-31,6,10
11234,2009-11-30,8,10
11234,2009-12-31,8,2
11234,2010-01-31,8,2
11234,2010-02-28,8,0
11234,2010-03-31,9,2
11234,2010-04-30,9,2
11234,2010-05-31,9,0
11234,2010-06-30,11,5
11234,2010-07-31,11,1
11234,2010-08-31,18,43
11234,2010-09-30,20,11
11234,2010-10-31,20,4
11234,2010-11-30,22,20
11234,2010-12-31,23,14
11234,2011-01-31,26,27
11234,2011-02-28,28,24
11234,2011-03-31,28,30
11234,2011-04-30,31,32
11234,2011-05-31,36,37
11234,2011-06-30,37,33
11234,2011-07-31,37,19
11234,2011-08-31,38,13
11234,2011-09-30,40,25
11234,2011-10-31,41,24
11234,2011-11-30,42,21
11234,2011-12-31,42,5
11234,2012-01-31,44,20
11240,2010-06-30,2,5
11240,2010-07-31,2,0
11240,2010-08-31,3,2
11240,2010-09-30,4,2
11240,2010-10-31,4,0
11240,2010-11-30,4,1
11240,2010-12-31,5,3
11240,2011-01-31,8,6
11240,2011-02-28,8,0
11240,2011-03-31,8,0
11240,2011-04-30,10,4
11240,2011-05-31,13,6
11240,2011-06-30,14,7
11240,2011-07-31,14,5
11240,2011-08-31,15,3
11240,2011-09-30,17,12
11240,2011-10-31,17,13
11240,2011-11-30,18,9
11240,2011-12-31,19,11
11240,2012-01-31,20,13
11303,2006-01-31,16,6
11303,2006-03-31,34,53
11303,2006-04-30,46,31
11303,2006-06-30,75,71
11303,2006-07-31,86,46
11303,2006-09-30,108,49
11303,2006-10-31,122,71
11303,2006-12-31,149,92
11303,2007-01-31,158,51
11303,2007-03-31,177,136
11303,2007-04-30,186,105
11303,2007-06-30,192,2
11303,2007-07-31,201,103
11303,2007-09-30,223,119
11303,2007-10-31,243,195
11303,2007-12-31,285,213
11303,2008-01-31,311,253
11303,2008-03-31,353,275
11303,2008-04-30,379,277
11303,2008-06-30,416,258
11303,2008-07-31,441,239
11303,2008-09-30,482,295
11303,2008-10-31,500,360
11303,2008-12-31,539,304
11303,2009-01-31,569,389
11303,2009-03-31,605,428
11303,2009-04-30,627,393
11303,2009-05-31,647,338
11303,2009-06-30,669,408
11303,2009-07-31,691,455
11303,2009-08-31,717,444
11303,2009-09-30,749,498
11303,2009-10-31,775,403
11303,2009-11-30,800,464
11303,2009-12-31,826,466
11303,2010-01-31,840,292
11303,2010-02-28,858,355
11303,2010-03-31,882,520
11303,2010-04-30,906,470
11303,2010-05-31,916,440
11303,2010-06-30,931,619
11303,2010-07-31,945,671
11303,2010-08-31,962,677
11303,2010-09-30,1000,764
11303,2010-10-31,1033,724
11303,2010-11-30,1061,709
11303,2010-12-31,1075,785
11303,2011-01-31,1102,776
11303,2011-02-28,1127,609
11303,2011-03-31,1159,770
11303,2011-04-30,1181,1108
11303,2011-05-31,1205,973
11303,2011-06-30,1219,755
11303,2011-07-31,1231,863
11303,2011-08-31,1249,659
11303,2011-09-30,1261,809
11303,2011-10-31,1273,978
11303,2011-11-30,1289,697
11303,2011-12-31,1293,567
11303,2012-01-31,1305,736
11306,2006-01-31,1,0
11306,2006-03-31,1,0
11306,2006-04-30,1,0
11306,2006-06-30,1,0
11306,2006-07-31,1,0
11306,2006-09-30,1,0
11306,2006-10-31,1,0
11306,2006-12-31,1,0
11306,2007-01-31,1,0
11306,2007-03-31,1,0
11306,2007-04-30,1,0
11306,2007-06-30,1,0
11306,2007-07-31,1,0
11306,2007-09-30,7,8
11306,2007-10-31,9,9
11306,2007-12-31,11,11
11306,2008-01-31,12,11
11306,2008-03-31,16,11
11306,2008-04-30,17,20
11306,2008-06-30,18,13
11306,2008-07-31,21,30
11306,2008-09-30,23,22
11306,2008-10-31,22,12
11306,2008-12-31,24,19
11306,2009-01-31,24,18
11306,2009-03-31,27,24
11306,2009-04-30,27,30
11306,2009-05-31,29,30
11306,2009-06-30,31,26
11306,2009-07-31,31,35
11306,2009-08-31,40,63
11306,2009-09-30,42,35
11306,2009-10-31,47,40
11306,2009-11-30,52,23
11306,2009-12-31,56,56
11306,2010-01-31,59,24
11306,2010-02-28,59,16
11306,2010-03-31,64,43
11306,2010-04-30,69,56
11306,2010-05-31,71,46
11306,2010-06-30,74,46
11306,2010-07-31,74,38
11306,2010-08-31,75,32
11306,2010-09-30,77,42
11306,2010-10-31,77,33
11306,2010-11-30,78,15
11306,2010-12-31,81,20
11306,2011-01-31,81,13
11306,2011-02-28,81,5
11306,2011-03-31,82,8
11306,2011-04-30,83,8
11306,2011-05-31,83,1
11306,2011-06-30,83,0
11306,2011-07-31,83,1
11306,2011-08-31,83,0
11306,2011-09-30,83,0
11306,2011-10-31,84,5
11306,2011-11-30,85,6
11306,2011-12-31,85,2
11306,2012-01-31,85,0
11316,2006-01-31,47,27
11316,2006-03-31,97,180
11316,2006-04-30,141,351
11316,2006-06-30,197,401
11316,2006-07-31,225,475
11316,2006-09-30,299,555
11316,2006-10-31,320,634
11316,2006-12-31,361,579
11316,2007-01-31,385,675
11316,2007-03-31,435,774
11316,2007-04-30,462,888
11316,2007-06-30,499,804
11316,2007-07-31,514,899
11316,2007-09-30,555,749
11316,2007-10-31,559,817
11316,2007-12-31,595,562
11316,2008-01-31,615,872
11316,2008-03-31,645,978
11316,2008-04-30,655,861
11316,2008-06-30,711,624
11316,2008-07-31,733,517
11316,2008-09-30,802,397
11316,2008-10-31,840,489
11316,2008-12-31,913,616
11316,2009-01-31,943,819
11316,2009-03-31,986,763
11316,2009-04-30,1002,969
11316,2009-05-31,1012,1059
11316,2009-06-30,1031,1179
11316,2009-07-31,1058,1267
11316,2009-08-31,1071,992
11316,2009-09-30,1099,1306
11316,2009-10-31,1128,1359
11316,2009-11-30,1145,1381
11316,2009-12-31,1159,1255
11316,2010-01-31,1170,549
11316,2010-02-28,1171,110
11316,2010-03-31,1178,164
11316,2010-04-30,1184,321
11316,2010-05-31,1195,105
11316,2010-06-30,1210,280
11316,2010-07-31,1223,295
11316,2010-08-31,1234,480
11316,2010-09-30,1245,1160
11316,2010-10-31,1257,1060
11316,2010-11-30,1271,758
11316,2010-12-31,1280,326
11316,2011-01-31,1293,503
11316,2011-02-28,1303,566
11316,2011-03-31,1311,753
11316,2011-04-30,1324,765
11316,2011-05-31,1333,918
11316,2011-06-30,1344,748
11316,2011-07-31,1361,733
11316,2011-08-31,1373,661
11316,2011-09-30,1382,912
11316,2011-10-31,1395,1018
11316,2011-11-30,1401,1059
11316,2011-12-31,1413,1136
11316,2012-01-31,1424,1189
11404,2006-01-31,8,0
11404,2006-03-31,9,2
11404,2006-04-30,12,2
11404,2006-06-30,11,1
11404,2006-07-31,15,3
11404,2006-09-30,20,12
11404,2006-10-31,36,23
11404,2006-12-31,65,40
11404,2007-01-31,86,52
11404,2007-03-31,124,85
11404,2007-04-30,137,47
11404,2007-06-30,167,78
11404,2007-07-31,183,84
11404,2007-09-30,210,56
11404,2007-10-31,235,63
11404,2007-12-31,273,111
11404,2008-01-31,282,103
11404,2008-03-31,304,85
11404,2008-04-30,319,108
11404,2008-06-30,350,124
11404,2008-07-31,368,102
11404,2008-09-30,388,68
11404,2008-10-31,403,87
11404,2008-12-31,423,93
11404,2009-01-31,430,149
11404,2009-03-31,445,167
11404,2009-04-30,453,177
11404,2009-05-31,463,166
11404,2009-06-30,469,161
11404,2009-07-31,494,199
11404,2009-08-31,526,233
11404,2009-09-30,553,204
11404,2009-10-31,567,147
11404,2009-11-30,577,118
11404,2009-12-31,589,124
11404,2010-01-31,598,92
11404,2010-02-28,604,119
11404,2010-03-31,607,140
11404,2010-04-30,625,182
11404,2010-05-31,647,182
11404,2010-06-30,655,165
11404,2010-07-31,659,571
11404,2010-08-31,668,628
11404,2010-09-30,675,314
11404,2010-10-31,688,289
11404,2010-11-30,692,445
11404,2010-12-31,697,590
11404,2011-01-31,704,584
11404,2011-02-28,715,598
11404,2011-03-31,726,434
11404,2011-04-30,730,64
11404,2011-05-31,746,679
11404,2011-06-30,757,579
11404,2011-07-31,765,337
11404,2011-08-31,785,646
11404,2011-09-30,797,701
11404,2011-10-31,812,810
11404,2011-11-30,830,810
11404,2011-12-31,840,728
11404,2012-01-31,848,747
11405,2006-03-31,1,0
11405,2006-06-30,1,0
11405,2006-12-31,1,0
11405,2007-03-31,1,0
11405,2007-12-31,5,5
11405,2008-01-31,8,6
11405,2008-03-31,18,11
11405,2008-04-30,22,6
11405,2008-06-30,29,9
11405,2008-07-31,33,16
11405,2008-09-30,37,5
11405,2008-10-31,45,67
11405,2008-12-31,60,169
11405,2009-01-31,69,209
11405,2009-03-31,91,229
11405,2009-04-30,100,194
11405,2009-05-31,114,239
11405,2009-06-30,122,239
11405,2009-07-31,131,260
11405,2009-08-31,150,292
11405,2009-09-30,165,369
11405,2009-10-31,185,373
11405,2009-11-30,193,309
11405,2009-12-31,209,423
11405,2010-01-31,241,232
11405,2010-02-28,260,347
11405,2010-03-31,273,458
11405,2010-04-30,294,490
11405,2010-05-31,307,488
11405,2010-06-30,321,488
11405,2010-07-31,339,547
11405,2010-08-31,356,507
11405,2010-09-30,376,539
11405,2010-10-31,396,619
11405,2010-11-30,406,575
11405,2010-12-31,415,588
11405,2011-01-31,440,731
11405,2011-02-28,457,651
11405,2011-03-31,471,729
11405,2011-04-30,482,753
11405,2011-05-31,496,832
11405,2011-06-30,513,881
11405,2011-07-31,536,883
11405,2011-08-31,548,881
11405,2011-09-30,555,779
11405,2011-10-31,563,823
11405,2011-11-30,575,804
11405,2011-12-31,587,816
11405,2012-01-31,598,546
11412,2006-01-31,64,141
11412,2006-03-31,79,267
11412,2006-04-30,87,187
11412,2006-06-30,96,214
11412,2006-07-31,106,244
11412,2006-09-30,112,225
11412,2006-10-31,118,269
11412,2006-12-31,137,293
11412,2007-01-31,146,359
11412,2007-03-31,173,502
11412,2007-04-30,188,402
11412,2007-06-30,217,521
11412,2007-07-31,239,593
11412,2007-09-30,270,550
11412,2007-10-31,284,561
11412,2007-12-31,313,650
11412,2008-01-31,327,679
11412,2008-03-31,363,768
11412,2008-04-30,375,681
11412,2008-06-30,402,756
11412,2008-07-31,415,773
11412,2008-09-30,451,806
11412,2008-10-31,471,814
11412,2008-12-31,504,783
11412,2009-01-31,529,749
11412,2009-03-31,566,859
11412,2009-04-30,586,828
11412,2009-05-31,602,814
11412,2009-06-30,638,1102
11412,2009-07-31,670,1485
11412,2009-08-31,682,1154
11412,2009-09-30,702,1346
11412,2009-10-31,719,1261
11412,2009-11-30,738,1170
11412,2009-12-31,756,1305
11412,2010-01-31,768,895
11412,2010-02-28,779,952
11412,2010-03-31,791,1093
11412,2010-04-30,799,996
11412,2010-05-31,804,1105
11412,2010-06-30,818,1103
11412,2010-07-31,828,1016
11412,2010-08-31,840,1122
11412,2010-09-30,862,1134
11412,2010-10-31,879,1156
11412,2010-11-30,892,1040
11412,2010-12-31,904,1057
11412,2011-01-31,921,1097
11412,2011-02-28,949,1087
11412,2011-03-31,975,1206
11412,2011-04-30,1000,1303
11412,2011-05-31,1026,1399
11412,2011-06-30,1048,1343
11412,2011-07-31,1061,1328
11412,2011-08-31,1082,1411
11412,2011-09-30,1123,1449
11412,2011-10-31,1156,1491
11412,2011-11-30,1190,1482
11412,2011-12-31,1223,1676
11412,2012-01-31,1253,1743
11423,2008-10-31,6,13
11423,2008-12-31,8,2
11423,2009-01-31,8,0
11423,2009-03-31,10,2
11423,2009-04-30,12,2
11423,2009-05-31,13,2
11423,2009-06-30,19,12
11423,2009-07-31,26,32
11423,2009-08-31,34,35
11423,2009-09-30,42,49
11423,2009-10-31,69,170
11423,2009-11-30,78,104
11423,2009-12-31,86,76
11423,2010-01-31,89,35
11423,2010-02-28,89,0
11423,2010-03-31,90,48
11423,2010-04-30,97,95
11423,2010-05-31,97,30
11423,2010-06-30,101,43
11423,2010-07-31,108,81
11423,2010-08-31,112,63
11423,2010-09-30,120,82
11423,2010-10-31,126,71
11423,2010-11-30,127,44
11423,2010-12-31,132,71
11423,2011-01-31,137,94
11423,2011-02-28,142,87
11423,2011-03-31,149,97
11423,2011-04-30,154,81
11423,2011-05-31,164,99
11423,2011-06-30,167,76
11423,2011-07-31,168,57
11423,2011-08-31,169,46
11423,2011-09-30,170,32
11423,2011-10-31,170,60
11423,2011-11-30,177,99
11423,2011-12-31,179,70
11423,2012-01-31,187,93
11503,2006-01-31,16,0
11503,2006-03-31,16,0
11503,2006-04-30,16,0
11503,2006-06-30,16,0
11503,2006-07-31,16,0
11503,2006-09-30,17,1
11503,2006-10-31,17,0
11503,2006-12-31,20,8
11503,2007-01-31,27,13
11503,2007-03-31,72,49
11503,2007-04-30,90,75
11503,2007-06-30,117,143
11503,2007-07-31,131,171
11503,2007-09-30,155,243
11503,2007-10-31,162,228
11503,2007-12-31,172,111
11503,2008-01-31,180,185
11503,2008-03-31,193,194
11503,2008-04-30,198,217
11503,2008-06-30,215,194
11503,2008-07-31,221,224
11503,2008-09-30,250,304
11503,2008-10-31,265,397
11503,2008-12-31,284,234
11503,2009-01-31,304,365
11503,2009-03-31,324,339
11503,2009-04-30,344,342
11503,2009-05-31,352,412
11503,2009-06-30,368,424
11503,2009-07-31,392,461
11503,2009-08-31,405,387
11503,2009-09-30,412,461
11503,2009-10-31,432,626
11503,2009-11-30,439,488
11503,2009-12-31,444,429
11503,2010-01-31,450,221
11503,2010-02-28,454,324
11503,2010-03-31,465,569
11503,2010-04-30,477,576
11503,2010-05-31,485,480
11503,2010-06-30,497,603
11503,2010-07-31,514,611
11503,2010-08-31,519,496
11503,2010-09-30,532,477
11503,2010-10-31,549,436
11503,2010-11-30,558,421
11503,2010-12-31,561,411
11503,2011-01-31,578,439
11503,2011-02-28,586,494
11503,2011-03-31,597,572
11503,2011-04-30,605,487
11503,2011-05-31,621,603
11503,2011-06-30,629,584
11503,2011-07-31,643,600
11503,2011-08-31,651,620
11503,2011-09-30,661,571
11503,2011-10-31,670,690
11503,2011-11-30,681,643
11503,2011-12-31,687,681
11503,2012-01-31,699,659
12107,2006-03-31,4,0
12107,2006-06-30,4,0
12107,2006-09-30,4,0
12107,2006-12-31,5,0
12107,2007-03-31,5,1
12107,2007-09-30,6,2
12107,2008-09-30,11,41
12107,2009-05-31,13,57
12107,2009-06-30,29,78
12107,2009-07-31,44,121
12107,2009-08-31,52,144
12107,2009-09-30,68,192
12107,2009-10-31,74,219
12107,2009-11-30,97,176
12107,2009-12-31,119,173
12107,2010-01-31,133,82
12107,2010-02-28,142,64
12107,2010-03-31,159,316
12107,2010-04-30,191,377
12107,2010-05-31,212,489
12107,2010-06-30,236,513
12107,2010-07-31,258,463
12107,2010-08-31,271,518
12107,2010-09-30,286,450
12107,2010-10-31,310,531
12107,2010-11-30,317,343
12107,2010-12-31,324,337
12107,2011-01-31,339,425
12107,2011-02-28,348,395
12107,2011-03-31,361,431
12107,2011-04-30,373,476
12107,2011-05-31,393,457
12107,2011-06-30,406,270
12107,2011-07-31,412,246
12107,2011-08-31,421,343
12107,2011-09-30,424,320
12107,2011-10-31,439,534
12107,2011-11-30,445,575
12107,2011-12-31,446,539
12107,2012-01-31,446,410
12108,2006-01-31,5,2
12108,2006-03-31,7,2
12108,2006-04-30,7,0
12108,2006-06-30,10,8
12108,2006-07-31,11,5
12108,2006-09-30,11,5
12108,2006-10-31,12,3
12108,2006-12-31,19,21
12108,2007-01-31,21,5
12108,2007-03-31,22,9
12108,2007-04-30,24,9
12108,2007-06-30,26,27
12108,2007-07-31,26,40
12108,2007-09-30,26,4
12108,2007-10-31,26,4
12108,2007-12-31,26,2
12108,2008-01-31,26,0
12108,2008-03-31,26,0
12108,2008-04-30,26,0
12108,2008-06-30,26,0
12108,2008-07-31,26,0
12108,2008-09-30,26,0
12108,2008-10-31,26,0
12108,2008-12-31,26,0
12108,2009-01-31,26,0
12108,2009-03-31,26,0
12108,2009-04-30,26,0
12108,2009-05-31,26,0
12108,2009-06-30,26,0
12108,2009-07-31,26,0
12108,2009-08-31,26,0
12108,2009-09-30,26,0
12108,2009-10-31,26,0
12108,2009-11-30,26,0
12108,2009-12-31,26,0
12108,2010-01-31,26,0
12108,2010-02-28,26,0
12108,2010-03-31,26,0
12108,2010-04-30,26,0
12108,2010-05-31,26,0
12108,2010-06-30,26,0
12108,2010-07-31,26,0
12108,2010-08-31,26,0
12108,2010-09-30,26,0
12108,2010-10-31,26,0
12108,2010-11-30,26,0
12108,2010-12-31,26,0
12108,2011-01-31,26,0
12108,2011-02-28,26,0
12108,2011-03-31,26,0
12108,2011-04-30,26,0
12108,2011-05-31,26,0
12108,2011-06-30,26,0
12108,2011-07-31,26,0
12108,2011-08-31,26,0
12108,2011-09-30,26,0
12108,2011-10-31,26,0
12108,2011-11-30,26,0
12108,2011-12-31,26,0
12108,2012-01-31,26,0
12201,2006-03-31,9,6
12201,2006-06-30,27,32
12201,2006-09-30,54,2
12201,2006-12-31,77,48
12201,2007-03-31,113,41
12201,2007-09-30,154,34
12201,2008-09-30,255,119
12201,2009-06-30,400,259
12201,2009-07-31,418,318
12201,2009-08-31,429,256
12201,2009-09-30,450,236
12201,2009-10-31,461,404
12201,2009-11-30,473,400
12201,2009-12-31,487,391
12201,2010-01-31,487,97
12201,2010-02-28,490,12
12201,2010-03-31,493,14
12201,2010-04-30,497,33
12201,2010-05-31,498,10
12201,2010-06-30,499,10
12201,2010-07-31,499,6
12201,2010-08-31,503,21
12201,2010-09-30,506,19
12201,2010-10-31,506,18
12201,2010-11-30,507,13
12201,2010-12-31,507,16
12201,2011-01-31,508,34
12201,2011-02-28,509,17
12201,2011-03-31,516,28
12201,2011-04-30,530,68
12201,2011-05-31,538,44
12201,2011-06-30,549,54
12201,2011-07-31,562,57
12201,2011-08-31,574,68
12201,2011-09-30,584,137
12201,2011-10-31,593,351
12201,2011-11-30,606,515
12201,2011-12-31,607,74
12201,2012-01-31,607,2
13103,2006-03-31,1,0
13103,2006-06-30,1,0
13103,2006-09-30,1,0
13103,2006-12-31,1,0
13103,2007-03-31,1,0
13103,2007-09-30,1,0
13103,2008-09-30,1,0
13103,2008-12-31,20,61
13103,2009-01-31,30,52
13103,2009-03-31,30,10
13103,2009-04-30,30,9
13103,2009-05-31,31,11
13103,2009-06-30,31,13
13103,2009-07-31,31,3
13103,2009-08-31,31,10
13103,2009-09-30,31,8
13103,2009-10-31,40,6
13103,2009-11-30,46,9
13103,2009-12-31,48,3
13103,2010-01-31,48,1
13103,2010-02-28,49,4
13103,2010-03-31,50,1
13103,2010-04-30,52,6
13103,2010-05-31,55,11
13103,2010-06-30,58,12
13103,2010-07-31,60,13
13103,2010-08-31,60,6
13103,2010-09-30,67,28
13103,2010-10-31,75,29
13103,2010-11-30,82,25
13103,2010-12-31,85,15
13103,2011-01-31,92,20
13103,2011-02-28,100,48
13103,2011-03-31,111,39
13103,2011-04-30,118,29
13103,2011-05-31,126,30
13103,2011-06-30,137,46
13103,2011-07-31,142,51
13103,2011-08-31,148,36
13103,2011-09-30,157,50
13103,2011-10-31,172,96
13103,2011-11-30,206,277
13103,2011-12-31,236,241
13103,2012-01-31,256,290
13109,2009-10-31,1,0
13109,2009-11-30,4,0
13109,2009-12-31,4,0
13109,2010-01-31,4,0
13109,2010-02-28,4,0
13109,2010-03-31,4,0
13109,2010-04-30,4,0
13109,2010-05-31,4,0
13109,2010-06-30,4,0
13109,2010-07-31,4,0
13109,2010-08-31,4,0
13109,2010-09-30,4,0
13109,2010-10-31,4,0
13109,2010-11-30,4,0
13109,2010-12-31,4,0
13109,2011-01-31,6,2
13109,2011-02-28,11,11
13109,2011-03-31,69,280
13109,2011-04-30,85,161
13109,2011-05-31,113,227
13109,2011-06-30,134,144
13109,2011-07-31,159,192
13109,2011-08-31,175,144
13109,2011-09-30,193,146
13109,2011-10-31,209,249
13109,2011-11-30,212,346
13109,2011-12-31,214,179
13109,2012-01-31,214,0
13114,2009-06-30,3,10
13114,2009-07-31,5,13
13114,2009-08-31,7,17
13114,2009-09-30,12,48
13114,2009-10-31,14,48
13114,2009-11-30,15,56
13114,2009-12-31,16,45
13114,2010-01-31,16,20
13114,2010-02-28,16,9
13114,2010-03-31,17,41
13114,2010-04-30,17,36
13114,2010-05-31,18,36
13114,2010-06-30,20,29
13114,2010-07-31,21,34
13114,2010-08-31,23,34
13114,2010-09-30,24,43
13114,2010-10-31,24,27
13114,2010-11-30,24,28
13114,2010-12-31,24,32
13114,2011-01-31,24,49
13114,2011-02-28,24,24
13114,2011-03-31,24,36
13114,2011-04-30,24,27
13114,2011-05-31,24,37
13114,2011-06-30,24,26
13114,2011-07-31,24,22
13114,2011-08-31,25,39
13114,2011-09-30,25,20
13114,2011-10-31,25,34
13114,2011-11-30,25,37
13114,2011-12-31,26,30
13114,2012-01-31,28,45
14103,2006-04-30,1,1
14103,2006-06-30,1,0
14103,2006-07-31,1,0
14103,2006-09-30,1,0
14103,2006-10-31,1,0
14103,2006-12-31,1,0
14103,2007-01-31,1,0
14103,2007-03-31,1,0
14103,2007-04-30,2,1
14103,2007-06-30,3,0
14103,2007-07-31,3,0
14103,2007-09-30,15,3
14103,2007-10-31,16,2
14103,2007-12-31,16,0
14103,2008-01-31,16,0
14103,2008-03-31,22,4
14103,2008-04-30,29,21
14103,2008-06-30,42,38
14103,2008-07-31,48,24
14103,2008-09-30,72,35
14103,2008-10-31,84,22
14103,2008-12-31,93,14
14103,2009-01-31,98,12
14103,2009-03-31,113,17
14103,2009-04-30,135,31
14103,2009-05-31,138,13
14103,2009-06-30,138,6
14103,2009-07-31,139,17
14103,2009-08-31,149,17
14103,2009-09-30,157,51
14103,2009-10-31,158,16
14103,2009-11-30,164,24
14103,2009-12-31,167,21
14103,2010-01-31,168,11
14103,2010-02-28,169,11
14103,2010-03-31,169,12
14103,2010-04-30,170,23
14103,2010-05-31,170,21
14103,2010-06-30,170,14
14103,2010-07-31,170,17
14103,2010-08-31,171,13
14103,2010-09-30,171,9
14103,2010-10-31,171,6
14103,2010-11-30,171,9
14103,2010-12-31,171,4
14103,2011-01-31,171,10
14103,2011-02-28,171,5
14103,2011-03-31,181,45
14103,2011-04-30,186,21
14103,2011-05-31,189,15
14103,2011-06-30,199,44
14103,2011-07-31,211,63
14103,2011-08-31,213,32
14103,2011-09-30,219,40
14103,2011-10-31,222,19
14103,2011-11-30,224,25
14103,2011-12-31,224,44
14103,2012-01-31,232,79
14106,2008-06-30,1,4
14106,2008-07-31,1,1
14106,2008-09-30,1,0
14106,2008-10-31,1,0
14106,2008-12-31,2,2
14106,2009-01-31,2,1
14106,2009-03-31,2,1
14106,2009-04-30,2,1
14106,2009-05-31,2,2
14106,2009-06-30,3,6
14106,2009-07-31,3,4
14106,2009-08-31,3,1
14106,2009-09-30,3,2
14106,2009-10-31,3,2
14106,2009-11-30,4,6
14106,2009-12-31,4,2
14106,2010-01-31,5,0
14106,2010-02-28,5,2
14106,2010-03-31,8,14
14106,2010-04-30,10,10
14106,2010-05-31,10,0
14106,2010-06-30,11,4
14106,2010-07-31,11,0
14106,2010-08-31,11,0
14106,2010-09-30,11,0
14106,2010-10-31,11,2
14106,2010-11-30,11,2
14106,2010-12-31,11,2
14106,2011-01-31,11,0
14106,2011-02-28,11,0
14106,2011-03-31,11,0
14106,2011-04-30,11,1
14106,2011-05-31,11,0
14106,2011-06-30,11,0
14106,2011-07-31,11,0
14106,2011-08-31,11,0
14106,2011-09-30,13,4
14106,2011-10-31,13,0
14106,2011-11-30,13,1
14106,2011-12-31,13,1
14106,2012-01-31,13,2
15103,2007-03-31,12,31
15103,2007-04-30,16,30
15103,2007-06-30,37,50
15103,2007-07-31,52,99
15103,2007-09-30,73,121
15103,2007-10-31,78,158
15103,2007-12-31,101,163
15103,2008-01-31,111,169
15103,2008-03-31,136,181
15103,2008-04-30,145,221
15103,2008-06-30,161,252
15103,2008-07-31,168,286
15103,2008-09-30,188,321
15103,2008-10-31,198,423
15103,2008-12-31,220,395
15103,2009-01-31,234,407
15103,2009-03-31,253,419
15103,2009-04-30,264,452
15103,2009-05-31,267,375
15103,2009-06-30,273,447
15103,2009-07-31,298,541
15103,2009-08-31,305,629
15103,2009-09-30,315,658
15103,2009-10-31,321,716
15103,2009-11-30,329,626
15103,2009-12-31,341,646
15103,2010-01-31,342,523
15103,2010-02-28,348,529
15103,2010-03-31,357,534
15103,2010-04-30,368,635
15103,2010-05-31,372,602
15103,2010-06-30,381,560
15103,2010-07-31,386,573
15103,2010-08-31,390,589
15103,2010-09-30,395,580
15103,2010-10-31,401,529
15103,2010-11-30,407,623
15103,2010-12-31,411,613
15103,2011-01-31,420,653
15103,2011-02-28,428,649
15103,2011-03-31,441,765
15103,2011-04-30,455,719
15103,2011-05-31,461,712
15103,2011-06-30,466,688
15103,2011-07-31,478,778
15103,2011-08-31,485,778
15103,2011-09-30,490,519
15103,2011-10-31,496,712
15103,2011-11-30,502,521
15103,2011-12-31,509,665
15103,2012-01-31,518,518
21100,2006-01-31,291,285
21100,2006-03-31,325,249
21100,2006-04-30,345,318
21100,2006-06-30,398,467
21100,2006-07-31,417,349
21100,2006-09-30,458,336
21100,2006-10-31,483,497
21100,2006-12-31,534,425
21100,2007-01-31,572,604
21100,2007-03-31,656,883
21100,2007-04-30,706,780
21100,2007-06-30,774,725
21100,2007-07-31,812,835
21100,2007-09-30,891,720
21100,2007-10-31,913,813
21100,2007-12-31,963,756
21100,2008-01-31,984,887
21100,2008-03-31,1031,781
21100,2008-04-30,1055,816
21100,2008-06-30,1106,911
21100,2008-07-31,1140,1010
21100,2008-09-30,1178,911
21100,2008-10-31,1216,931
21100,2008-12-31,1276,1392
21100,2009-01-31,1311,1336
21100,2009-03-31,1384,1665
21100,2009-04-30,1408,1584
21100,2009-05-31,1448,1508
21100,2009-06-30,1500,1759
21100,2009-07-31,1536,2005
21100,2009-08-31,1566,1745
21100,2009-09-30,1593,1819
21100,2009-10-31,1628,1971
21100,2009-11-30,1651,1636
21100,2009-12-31,1680,1607
21100,2010-01-31,1696,1168
21100,2010-02-28,1705,1220
21100,2010-03-31,1745,1800
21100,2010-04-30,1768,1845
21100,2010-05-31,1795,1725
21100,2010-06-30,1813,1747
21100,2010-07-31,1838,1980
21100,2010-08-31,1871,2188
21100,2010-09-30,1893,2042
21100,2010-10-31,1918,2148
21100,2010-11-30,1942,1991
21100,2010-12-31,1971,1992
21100,2011-01-31,1997,2985
21100,2011-02-28,2032,2498
21100,2011-03-31,2058,2386
21100,2011-04-30,2080,2245
21100,2011-05-31,2107,2484
21100,2011-06-30,2135,2442
21100,2011-07-31,2167,2609
21100,2011-08-31,2188,2662
21100,2011-09-30,2219,2660
21100,2011-10-31,2236,1945
21100,2011-11-30,2265,2864
21100,2011-12-31,2281,2569
21100,2012-01-31,2311,2926
21201,2006-01-31,2,0
21201,2006-03-31,2,0
21201,2006-04-30,2,0
21201,2006-06-30,2,0
21201,2006-07-31,2,0
21201,2006-09-30,2,0
21201,2006-10-31,2,0
21201,2006-12-31,2,0
21201,2007-01-31,2,0
21201,2007-03-31,2,0
21201,2007-04-30,2,0
21201,2007-06-30,2,0
21201,2007-07-31,2,1
21201,2007-09-30,2,0
21201,2007-10-31,2,0
21201,2007-12-31,3,3
21201,2008-01-31,8,27
21201,2008-03-31,15,37
21201,2008-04-30,16,14
21201,2008-06-30,19,12
21201,2008-07-31,22,23
21201,2008-09-30,26,16
21201,2008-10-31,29,20
21201,2008-12-31,36,23
21201,2009-01-31,39,33
21201,2009-03-31,42,32
21201,2009-04-30,42,15
21201,2009-05-31,48,53
21201,2009-06-30,49,28
21201,2009-07-31,52,35
21201,2009-08-31,56,37
21201,2009-09-30,60,39
21201,2009-10-31,67,57
21201,2009-11-30,67,30
21201,2009-12-31,70,41
21201,2010-01-31,72,28
21201,2010-02-28,73,16
21201,2010-03-31,75,26
21201,2010-04-30,76,16
21201,2010-05-31,80,27
21201,2010-06-30,86,37
21201,2010-07-31,88,19
21201,2010-08-31,94,41
21201,2010-09-30,97,38
21201,2010-10-31,104,59
21201,2010-11-30,111,48
21201,2010-12-31,114,51
21201,2011-01-31,122,131
21201,2011-02-28,125,78
21201,2011-03-31,128,93
21201,2011-04-30,134,91
21201,2011-05-31,137,89
21201,2011-06-30,140,84
21201,2011-07-31,148,101
21201,2011-08-31,151,121
21201,2011-09-30,154,189
21201,2011-10-31,154,442
21201,2011-11-30,161,528
21201,2011-12-31,163,481
21201,2012-01-31,166,729
21401,2007-10-31,2,23
21401,2007-12-31,7,13
21401,2008-01-31,10,17
21401,2008-03-31,18,31
21401,2008-04-30,23,39
21401,2008-06-30,33,85
21401,2008-07-31,35,75
21401,2008-09-30,37,52
21401,2008-10-31,43,83
21401,2008-12-31,52,57
21401,2009-01-31,57,79
21401,2009-03-31,62,49
21401,2009-04-30,68,87
21401,2009-05-31,71,77
21401,2009-06-30,73,64
21401,2009-07-31,74,53
21401,2009-08-31,76,59
21401,2009-09-30,79,65
21401,2009-10-31,85,61
21401,2009-11-30,88,76
21401,2009-12-31,91,67
21401,2010-01-31,93,62
21401,2010-02-28,98,95
21401,2010-03-31,101,107
21401,2010-04-30,102,73
21401,2010-05-31,104,54
21401,2010-06-30,109,61
21401,2010-07-31,111,66
21401,2010-08-31,113,66
21401,2010-09-30,114,66
21401,2010-10-31,117,91
21401,2010-11-30,120,82
21401,2010-12-31,121,86
21401,2011-01-31,121,78
21401,2011-02-28,122,75
21401,2011-03-31,122,91
21401,2011-04-30,125,86
21401,2011-05-31,125,73
21401,2011-06-30,128,73
21401,2011-07-31,130,68
21401,2011-08-31,133,152
21401,2011-09-30,133,444
21401,2011-10-31,133,0
21401,2011-11-30,133,0
21401,2011-12-31,133,0
21401,2012-01-31,133,0
22101,2006-01-31,1,0
22101,2006-03-31,1,0
22101,2006-04-30,1,0
22101,2006-06-30,1,0
22101,2006-07-31,1,0
22101,2006-10-31,1,0
22101,2006-12-31,1,0
22101,2007-01-31,1,0
22101,2007-03-31,1,0
22101,2007-04-30,1,0
22101,2007-06-30,1,0
22101,2007-07-31,1,0
22101,2007-09-30,12,48
22101,2007-10-31,14,15
22101,2007-12-31,23,57
22101,2008-01-31,28,48
22101,2008-03-31,33,42
22101,2008-04-30,36,45
22101,2008-06-30,46,69
22101,2008-07-31,55,107
22101,2008-09-30,63,55
22101,2008-10-31,69,47
22101,2008-12-31,73,69
22101,2009-01-31,74,69
22101,2009-03-31,79,62
22101,2009-04-30,82,51
22101,2009-05-31,83,38
22101,2009-06-30,85,24
22101,2009-07-31,90,53
22101,2009-08-31,92,31
22101,2009-09-30,95,35
22101,2009-10-31,102,57
22101,2009-11-30,103,33
22101,2009-12-31,103,22
22101,2010-01-31,104,20
22101,2010-02-28,106,30
22101,2010-03-31,109,40
22101,2010-04-30,111,31
22101,2010-05-31,115,34
22101,2010-06-30,117,34
22101,2010-07-31,120,39
22101,2010-08-31,125,49
22101,2010-09-30,128,34
22101,2010-10-31,133,61
22101,2010-11-30,136,58
22101,2010-12-31,137,57
22101,2011-01-31,145,90
22101,2011-02-28,147,119
22101,2011-03-31,148,120
22101,2011-04-30,150,73
22101,2011-05-31,156,143
22101,2011-06-30,159,140
22101,2011-07-31,165,177
22101,2011-08-31,167,200
22101,2011-09-30,167,310
22101,2011-10-31,170,315
22101,2011-11-30,174,365
22101,2011-12-31,178,339
22101,2012-01-31,181,181
31100,2006-01-31,726,994
31100,2006-03-31,860,735
31100,2006-04-30,911,572
31100,2006-06-30,1079,1239
31100,2006-07-31,1154,1240
31100,2006-09-30,1307,1270
31100,2006-10-31,1361,813
31100,2006-12-31,1491,1419
31100,2007-01-31,1578,1493
31100,2007-03-31,1766,1765
31100,2007-04-30,1860,1587
31100,2007-06-30,2030,1455
31100,2007-07-31,2125,1574
31100,2007-09-30,2246,1050
31100,2007-10-31,2306,1300
31100,2007-12-31,2398,659
31100,2008-01-31,2462,1327
31100,2008-03-31,2588,1270
31100,2008-04-30,2639,1418
31100,2008-06-30,2777,2057
31100,2008-07-31,2854,1615
31100,2008-09-30,2969,1597
31100,2008-10-31,3036,1720
31100,2008-12-31,3119,1969
31100,2009-01-31,3186,1470
31100,2009-03-31,3322,2453
31100,2009-04-30,3413,2945
31100,2009-05-31,3460,2266
31100,2009-06-30,3528,2565
31100,2009-07-31,3598,2732
31100,2009-08-31,3634,2279
31100,2009-09-30,3708,2379
31100,2009-10-31,3777,3446
31100,2009-11-30,3845,3625
31100,2009-12-31,3919,3903
31100,2010-01-31,3980,3410
31100,2010-02-28,4034,3501
31100,2010-03-31,4110,4644
31100,2010-04-30,4187,4334
31100,2010-05-31,4257,4192
31100,2010-06-30,4302,3888
31100,2010-07-31,4370,4387
31100,2010-08-31,4427,4516
31100,2010-09-30,4480,4482
31100,2010-10-31,4514,3921
31100,2010-11-30,4543,3299
31100,2010-12-31,4581,3155
31100,2011-01-31,4639,2695
31100,2011-02-28,4688,1316
31100,2011-03-31,4746,3886
31100,2011-04-30,4792,3784
31100,2011-05-31,4842,4432
31100,2011-06-30,4896,3956
31100,2011-07-31,4952,4304
31100,2011-08-31,4983,3930
31100,2011-09-30,5002,1716
31100,2011-10-31,5038,3710
31100,2011-11-30,5087,4395
31100,2011-12-31,5123,4401
31100,2012-01-31,5161,4664
31101,2006-01-31,3,1
31101,2006-03-31,4,0
31101,2006-04-30,4,0
31101,2006-06-30,4,0
31101,2006-07-31,4,0
31101,2006-09-30,4,0
31101,2006-10-31,4,0
31101,2006-12-31,4,0
31101,2007-01-31,5,1
31101,2007-03-31,6,0
31101,2007-04-30,6,0
31101,2007-06-30,46,123
31101,2007-07-31,81,182
31101,2007-09-30,110,51
31101,2007-10-31,126,116
31101,2007-12-31,154,83
31101,2008-01-31,174,120
31101,2008-03-31,206,164
31101,2008-04-30,227,178
31101,2008-06-30,265,279
31101,2008-07-31,292,222
31101,2008-09-30,341,210
31101,2008-10-31,364,286
31101,2008-12-31,398,271
31101,2009-01-31,424,302
31101,2009-03-31,463,404
31101,2009-04-30,487,332
31101,2009-05-31,501,224
31101,2009-06-30,518,328
31101,2009-07-31,532,238
31101,2009-08-31,547,261
31101,2009-09-30,564,335
31101,2009-10-31,577,240
31101,2009-11-30,585,217
31101,2009-12-31,597,197
31101,2010-01-31,606,157
31101,2010-02-28,617,161
31101,2010-03-31,642,429
31101,2010-04-30,655,253
31101,2010-05-31,674,268
31101,2010-06-30,695,262
31101,2010-07-31,714,275
31101,2010-08-31,736,277
31101,2010-09-30,752,306
31101,2010-10-31,761,269
31101,2010-11-30,768,199
31101,2010-12-31,775,235
31101,2011-01-31,787,255
31101,2011-02-28,800,160
31101,2011-03-31,822,270
31101,2011-04-30,840,182
31101,2011-05-31,861,282
31101,2011-06-30,879,244
31101,2011-07-31,891,225
31101,2011-08-31,908,244
31101,2011-09-30,931,355
31101,2011-10-31,954,278
31101,2011-11-30,969,193
31101,2011-12-31,977,176
31101,2012-01-31,989,221
31102,2006-09-30,4,0
31102,2007-03-31,1,1
31102,2007-04-30,1,0
31102,2007-06-30,20,66
31102,2007-07-31,30,45
31102,2007-09-30,62,90
31102,2007-10-31,62,113
31102,2007-12-31,79,85
31102,2008-01-31,100,132
31102,2008-03-31,116,111
31102,2008-04-30,130,144
31102,2008-06-30,172,185
31102,2008-07-31,184,143
31102,2008-09-30,265,161
31102,2008-10-31,225,142
31102,2008-12-31,264,230
31102,2009-01-31,267,167
31102,2009-03-31,300,268
31102,2009-04-30,325,299
31102,2009-05-31,335,208
31102,2009-06-30,355,245
31102,2009-07-31,372,178
31102,2009-08-31,380,212
31102,2009-09-30,438,142
31102,2009-10-31,455,188
31102,2009-11-30,468,226
31102,2009-12-31,483,168
31102,2010-01-31,500,159
31102,2010-02-28,518,189
31102,2010-03-31,550,279
31102,2010-04-30,571,204
31102,2010-05-31,590,250
31102,2010-06-30,607,229
31102,2010-07-31,625,157
31102,2010-08-31,646,222
31102,2010-09-30,669,209
31102,2010-10-31,686,246
31102,2010-11-30,698,183
31102,2010-12-31,708,211
31102,2011-01-31,719,255
31102,2011-02-28,735,266
31102,2011-03-31,755,306
31102,2011-04-30,773,298
31102,2011-05-31,796,453
31102,2011-06-30,816,366
31102,2011-07-31,846,457
31102,2011-08-31,872,556
31102,2011-09-30,906,516
31102,2011-10-31,938,541
31102,2011-11-30,962,584
31102,2011-12-31,981,461
31102,2012-01-31,995,402
32205,2006-01-31,1,0
32205,2006-03-31,1,0
32205,2006-04-30,1,0
32205,2006-06-30,1,0
32205,2006-07-31,1,0
32205,2006-09-30,1,0
32205,2006-10-31,1,0
32205,2006-12-31,1,0
32205,2007-01-31,1,1
32205,2007-03-31,1,0
32205,2007-04-30,1,0
32205,2007-06-30,1,0
32205,2007-07-31,1,0
32205,2007-09-30,1,0
32205,2007-10-31,4,11
32205,2007-12-31,29,42
32205,2008-01-31,42,49
32205,2008-03-31,60,51
32205,2008-04-30,79,92
32205,2008-06-30,105,64
32205,2008-07-31,122,100
32205,2008-09-30,143,94
32205,2008-10-31,157,80
32205,2008-12-31,189,36
32205,2009-01-31,211,56
32205,2009-03-31,252,79
32205,2009-04-30,277,68
32205,2009-05-31,296,58
32205,2009-06-30,309,53
32205,2009-07-31,340,118
32205,2009-08-31,362,78
32205,2009-09-30,380,69
32205,2009-10-31,397,82
32205,2009-11-30,419,131
32205,2009-12-31,438,105
32205,2010-01-31,445,49
32205,2010-02-28,456,84
32205,2010-03-31,475,184
32205,2010-04-30,484,166
32205,2010-05-31,493,50
32205,2010-06-30,499,40
32205,2010-07-31,502,19
32205,2010-08-31,506,16
32205,2010-09-30,508,9
32205,2010-10-31,510,14
32205,2010-11-30,514,23
32205,2010-12-31,519,34
32205,2011-01-31,532,61
32205,2011-02-28,535,45
32205,2011-03-31,543,110
32205,2011-04-30,545,43
32205,2011-05-31,549,79
32205,2011-06-30,555,94
32205,2011-07-31,559,126
32205,2011-08-31,562,100
32205,2011-09-30,566,124
32205,2011-10-31,586,237
32205,2011-11-30,598,375
32205,2011-12-31,598,344
32205,2012-01-31,598,395
32207,2007-03-31,1,0
32207,2007-04-30,1,0
32207,2007-06-30,1,0
32207,2007-07-31,1,0
32207,2007-09-30,1,0
32207,2007-10-31,1,0
32207,2007-12-31,1,0
32207,2008-01-31,3,2
32207,2008-03-31,11,16
32207,2008-04-30,27,45
32207,2008-06-30,53,68
32207,2008-07-31,63,58
32207,2008-09-30,67,41
32207,2008-10-31,76,20
32207,2008-12-31,88,55
32207,2009-01-31,90,51
32207,2009-03-31,103,66
32207,2009-04-30,111,66
32207,2009-05-31,120,91
32207,2009-06-30,122,56
32207,2009-07-31,135,118
32207,2009-08-31,143,90
32207,2009-09-30,146,108
32207,2009-10-31,153,122
32207,2009-11-30,159,56
32207,2009-12-31,168,102
32207,2010-01-31,174,78
32207,2010-02-28,180,110
32207,2010-03-31,189,146
32207,2010-04-30,195,103
32207,2010-05-31,200,122
32207,2010-06-30,206,144
32207,2010-07-31,214,118
32207,2010-08-31,221,129
32207,2010-09-30,231,114
32207,2010-10-31,235,91
32207,2010-11-30,237,83
32207,2010-12-31,238,96
32207,2011-01-31,242,121
32207,2011-02-28,245,123
32207,2011-03-31,253,131
32207,2011-04-30,261,111
32207,2011-05-31,272,101
32207,2011-06-30,280,115
32207,2011-07-31,287,101
32207,2011-08-31,294,103
32207,2011-09-30,300,88
32207,2011-10-31,308,90
32207,2011-11-30,315,127
32207,2011-12-31,318,67
32207,2012-01-31,323,100
32301,2006-01-31,207,203
32301,2006-03-31,291,299
32301,2006-04-30,320,201
32301,2006-06-30,395,251
32301,2006-07-31,445,426
32301,2006-09-30,514,436
32301,2006-10-31,560,444
32301,2006-12-31,615,395
32301,2007-01-31,640,437
32301,2007-03-31,693,518
32301,2007-04-30,708,676
32301,2007-06-30,755,469
32301,2007-07-31,791,538
32301,2007-09-30,835,491
32301,2007-10-31,856,632
32301,2007-12-31,920,668
32301,2008-01-31,946,639
32301,2008-03-31,994,655
32301,2008-04-30,1017,751
32301,2008-06-30,1080,1079
32301,2008-07-31,1107,1007
32301,2008-09-30,1159,948
32301,2008-10-31,1204,1124
32301,2008-12-31,1280,819
32301,2009-01-31,1307,995
32301,2009-03-31,1350,944
32301,2009-04-30,1373,1139
32301,2009-05-31,1398,1078
32301,2009-06-30,1426,1073
32301,2009-07-31,1449,1160
32301,2009-08-31,1485,1125
32301,2009-09-30,1516,870
32301,2009-10-31,1541,790
32301,2009-11-30,1566,710
32301,2009-12-31,1587,611
32301,2010-01-31,1618,566
32301,2010-02-28,1641,600
32301,2010-03-31,1667,802
32301,2010-04-30,1704,991
32301,2010-05-31,1721,1061
32301,2010-06-30,1753,1002
32301,2010-07-31,1774,1038
32301,2010-08-31,1797,981
32301,2010-09-30,1826,1120
32301,2010-10-31,1850,1442
32301,2010-11-30,1868,1037
32301,2010-12-31,1888,1262
32301,2011-01-31,1911,1211
32301,2011-02-28,1936,1203
32301,2011-03-31,1955,1292
32301,2011-04-30,1970,1182
32301,2011-05-31,1991,1220
32301,2011-06-30,2009,1208
32301,2011-07-31,2027,1546
32301,2011-08-31,2038,1989
32301,2011-09-30,2058,1479
32301,2011-10-31,2092,1548
32301,2011-11-30,2105,1657
32301,2011-12-31,2109,512
32301,2012-01-31,2109,0
33101,2006-01-31,1,0
33101,2006-03-31,1,0
33101,2006-04-30,1,0
33101,2006-06-30,2,0
33101,2006-07-31,2,0
33101,2006-09-30,2,0
33101,2006-10-31,2,0
33101,2006-12-31,2,0
33101,2007-01-31,2,0
33101,2007-03-31,5,1
33101,2007-04-30,4,0
33101,2007-06-30,39,86
33101,2007-07-31,58,71
33101,2007-09-30,85,85
33101,2007-10-31,95,83
33101,2007-12-31,120,85
33101,2008-01-31,126,82
33101,2008-03-31,150,196
33101,2008-04-30,156,140
33101,2008-06-30,173,126
33101,2008-07-31,180,126
33101,2008-09-30,206,147
33101,2008-10-31,219,145
33101,2008-12-31,231,139
33101,2009-01-31,247,195
33101,2009-03-31,270,181
33101,2009-04-30,287,200
33101,2009-05-31,308,286
33101,2009-06-30,326,290
33101,2009-07-31,349,278
33101,2009-08-31,383,294
33101,2009-09-30,401,296
33101,2009-10-31,408,218
33101,2009-11-30,425,263
33101,2009-12-31,428,151
33101,2010-01-31,439,223
33101,2010-02-28,450,207
33101,2010-03-31,466,326
33101,2010-04-30,475,283
33101,2010-05-31,491,254
33101,2010-06-30,505,236
33101,2010-07-31,516,109
33101,2010-08-31,524,117
33101,2010-09-30,543,151
33101,2010-10-31,555,174
33101,2010-11-30,564,157
33101,2010-12-31,569,121
33101,2011-01-31,578,241
33101,2011-02-28,591,218
33101,2011-03-31,610,332
33101,2011-04-30,626,217
33101,2011-05-31,640,281
33101,2011-06-30,654,221
33101,2011-07-31,669,266
33101,2011-08-31,689,458
33101,2011-09-30,711,539
33101,2011-10-31,733,547
33101,2011-11-30,744,469
33101,2011-12-31,752,475
33101,2012-01-31,764,560
34401,2007-03-31,1,2
34401,2007-04-30,1,0
34401,2007-06-30,1,0
34401,2007-07-31,1,0
34401,2007-09-30,1,0
34401,2007-10-31,1,0
34401,2007-12-31,1,0
34401,2008-01-31,1,0
34401,2008-03-31,1,1
34401,2008-04-30,1,0
34401,2008-06-30,1,0
34401,2008-07-31,1,2
34401,2008-09-30,2,5
34401,2008-10-31,2,1
34401,2008-12-31,2,0
34401,2009-01-31,2,2
34401,2009-03-31,4,7
34401,2009-04-30,10,21
34401,2009-05-31,13,20
34401,2009-06-30,13,11
34401,2009-07-31,13,4
34401,2009-08-31,15,22
34401,2009-09-30,17,16
34401,2009-10-31,20,29
34401,2009-11-30,22,16
34401,2009-12-31,23,10
34401,2010-01-31,23,2
34401,2010-02-28,25,9
34401,2010-03-31,25,0
34401,2010-04-30,28,20
34401,2010-05-31,28,1
34401,2010-06-30,28,1
34401,2010-07-31,28,0
34401,2010-08-31,28,0
34401,2010-09-30,29,2
34401,2010-10-31,30,5
34401,2010-11-30,30,2
34401,2010-12-31,30,1
34401,2011-01-31,30,1
34401,2011-02-28,33,9
34401,2011-03-31,35,8
34401,2011-04-30,37,10
34401,2011-05-31,38,10
34401,2011-06-30,40,12
34401,2011-07-31,40,0
34401,2011-08-31,40,1
34401,2011-09-30,41,10
34401,2011-10-31,41,0
34401,2011-11-30,41,0
34401,2011-12-31,41,0
34401,2012-01-31,41,0
35101,2006-01-31,1,0
35101,2006-03-31,1,0
35101,2006-04-30,1,0
35101,2006-06-30,1,0
35101,2006-07-31,1,0
35101,2006-09-30,1,0
35101,2006-10-31,1,0
35101,2006-12-31,1,0
35101,2007-01-31,1,0
35101,2007-03-31,1,0
35101,2007-04-30,1,0
35101,2007-06-30,1,0
35101,2007-07-31,1,0
35101,2007-09-30,1,0
35101,2007-10-31,1,0
35101,2007-12-31,13,47
35101,2008-01-31,33,84
35101,2008-03-31,69,98
35101,2008-04-30,78,93
35101,2008-06-30,109,102
35101,2008-07-31,142,190
35101,2008-09-30,175,126
35101,2008-10-31,188,115
35101,2008-12-31,218,122
35101,2009-01-31,230,181
35101,2009-03-31,256,200
35101,2009-04-30,266,172
35101,2009-05-31,280,177
35101,2009-06-30,287,252
35101,2009-07-31,305,304
35101,2009-08-31,321,306
35101,2009-09-30,332,313
35101,2009-10-31,336,268
35101,2009-11-30,340,227
35101,2009-12-31,345,229
35101,2010-01-31,353,266
35101,2010-02-28,358,181
35101,2010-03-31,373,319
35101,2010-04-30,377,253
35101,2010-05-31,388,294
35101,2010-06-30,402,287
35101,2010-07-31,414,322
35101,2010-08-31,421,273
35101,2010-09-30,441,318
35101,2010-10-31,451,216
35101,2010-11-30,453,102
35101,2010-12-31,461,215
35101,2011-01-31,469,220
35101,2011-02-28,476,166
35101,2011-03-31,486,231
35101,2011-04-30,494,265
35101,2011-05-31,500,200
35101,2011-06-30,508,184
35101,2011-07-31,516,216
35101,2011-08-31,529,336
35101,2011-09-30,542,380
35101,2011-10-31,557,310
35101,2011-11-30,564,251
35101,2011-12-31,572,345
35101,2012-01-31,585,333
36101,2006-01-31,2,0
36101,2006-03-31,10,0
36101,2006-04-30,2,0
36101,2006-06-30,10,0
36101,2006-07-31,2,0
36101,2006-09-30,11,0
36101,2006-10-31,2,0
36101,2006-12-31,10,0
36101,2007-01-31,2,1
36101,2007-03-31,10,0
36101,2007-04-30,2,1
36101,2007-06-30,3,0
36101,2007-07-31,3,0
36101,2007-09-30,28,65
36101,2007-10-31,35,197
36101,2007-12-31,72,130
36101,2008-01-31,90,206
36101,2008-03-31,128,191
36101,2008-04-30,152,256
36101,2008-06-30,178,185
36101,2008-07-31,210,263
36101,2008-09-30,294,170
36101,2008-10-31,257,212
36101,2008-12-31,269,82
36101,2009-01-31,287,243
36101,2009-03-31,317,207
36101,2009-04-30,339,266
36101,2009-05-31,361,296
36101,2009-06-30,449,255
36101,2009-07-31,470,314
36101,2009-08-31,490,256
36101,2009-09-30,508,560
36101,2009-10-31,520,603
36101,2009-11-30,538,540
36101,2009-12-31,584,592
36101,2010-01-31,626,584
36101,2010-02-28,656,708
36101,2010-03-31,684,821
36101,2010-04-30,724,838
36101,2010-05-31,751,944
36101,2010-06-30,784,985
36101,2010-07-31,810,1247
36101,2010-08-31,847,1182
36101,2010-09-30,882,1295
36101,2010-10-31,913,1163
36101,2010-11-30,934,1006
36101,2010-12-31,956,1153
36101,2011-01-31,980,1225
36101,2011-02-28,989,966
36101,2011-03-31,1005,1275
36101,2011-04-30,1041,1293
36101,2011-05-31,1075,1299
36101,2011-06-30,1104,1337
36101,2011-07-31,1136,1810
36101,2011-08-31,1159,1548
36101,2011-09-30,1183,1426
36101,2011-10-31,1221,1653
36101,2011-11-30,1258,1701
36101,2011-12-31,1269,1458
36101,2012-01-31,1294,1681
37201,2006-01-31,82,116
37201,2006-03-31,140,343
37201,2006-04-30,164,274
37201,2006-06-30,203,293
37201,2006-07-31,230,421
37201,2006-09-30,258,485
37201,2006-10-31,281,428
37201,2006-12-31,323,524
37201,2007-01-31,346,568
37201,2007-03-31,390,576
37201,2007-04-30,409,631
37201,2007-06-30,451,638
37201,2007-07-31,492,840
37201,2007-09-30,532,688
37201,2007-10-31,562,666
37201,2007-12-31,598,649
37201,2008-01-31,618,743
37201,2008-03-31,652,781
37201,2008-04-30,670,912
37201,2008-06-30,690,815
37201,2008-07-31,704,801
37201,2008-09-30,707,684
37201,2008-10-31,748,682
37201,2008-12-31,773,874
37201,2009-01-31,787,905
37201,2009-03-31,809,912
37201,2009-04-30,826,943
37201,2009-05-31,847,1092
37201,2009-06-30,855,1116
37201,2009-07-31,867,1268
37201,2009-08-31,877,1121
37201,2009-09-30,866,1032
37201,2009-10-31,879,971
37201,2009-11-30,873,1071
37201,2009-12-31,916,977
37201,2010-01-31,927,1138
37201,2010-02-28,937,1074
37201,2010-03-31,956,1346
37201,2010-04-30,966,1144
37201,2010-05-31,977,1194
37201,2010-06-30,989,1148
37201,2010-07-31,1004,1228
37201,2010-08-31,1015,1248
37201,2010-09-30,1027,1380
37201,2010-10-31,1035,1211
37201,2010-11-30,1043,909
37201,2010-12-31,1051,1050
37201,2011-01-31,1059,1098
37201,2011-02-28,1074,1119
37201,2011-03-31,1088,1483
37201,2011-04-30,1096,1119
37201,2011-05-31,1105,1328
37201,2011-06-30,1108,1181
37201,2011-07-31,1120,1348
37201,2011-08-31,1128,1177
37201,2011-09-30,1141,1312
37201,2011-10-31,1159,1445
37201,2011-11-30,1167,1364
37201,2011-12-31,1180,1214
37201,2012-01-31,1191,1511
41100,2006-01-31,22,1
41100,2006-03-31,23,0
41100,2006-04-30,22,0
41100,2006-06-30,24,0
41100,2006-07-31,23,0
41100,2006-09-30,26,1
41100,2006-10-31,24,0
41100,2006-12-31,25,0
41100,2007-01-31,33,11
41100,2007-03-31,60,87
41100,2007-04-30,70,119
41100,2007-06-30,158,426
41100,2007-07-31,185,371
41100,2007-09-30,249,400
41100,2007-10-31,270,417
41100,2007-12-31,326,376
41100,2008-01-31,353,487
41100,2008-03-31,405,537
41100,2008-04-30,427,488
41100,2008-06-30,481,543
41100,2008-07-31,520,672
41100,2008-09-30,589,622
41100,2008-10-31,611,552
41100,2008-12-31,674,679
41100,2009-01-31,708,600
41100,2009-03-31,762,665
41100,2009-04-30,789,795
41100,2009-05-31,805,584
41100,2009-06-30,842,581
41100,2009-07-31,876,734
41100,2009-08-31,915,748
41100,2009-09-30,937,714
41100,2009-10-31,945,712
41100,2009-11-30,961,763
41100,2009-12-31,974,347
41100,2010-01-31,990,179
41100,2010-02-28,998,178
41100,2010-03-31,1012,278
41100,2010-04-30,1036,243
41100,2010-05-31,1059,371
41100,2010-06-30,1075,364
41100,2010-07-31,1099,403
41100,2010-08-31,1118,311
41100,2010-09-30,1145,331
41100,2010-10-31,1161,176
41100,2010-11-30,1177,116
41100,2010-12-31,1187,91
41100,2011-01-31,1207,191
41100,2011-02-28,1233,257
41100,2011-03-31,1257,247
41100,2011-04-30,1283,271
41100,2011-05-31,1308,300
41100,2011-06-30,1329,233
41100,2011-07-31,1347,216
41100,2011-08-31,1371,748
41100,2011-09-30,1388,603
41100,2011-10-31,1405,566
41100,2011-11-30,1426,501
41100,2011-12-31,1443,749
41100,2012-01-31,1444,538
41201,2006-01-31,3,0
41201,2006-03-31,3,0
41201,2006-04-30,3,0
41201,2006-06-30,3,0
41201,2006-07-31,3,0
41201,2006-09-30,3,0
41201,2006-10-31,3,0
41201,2006-12-31,3,0
41201,2007-01-31,4,2
41201,2007-03-31,4,0
41201,2007-04-30,4,0
41201,2007-06-30,5,3
41201,2007-07-31,26,66
41201,2007-09-30,54,3
41201,2007-10-31,67,53
41201,2007-12-31,95,56
41201,2008-01-31,105,98
41201,2008-03-31,112,60
41201,2008-04-30,122,112
41201,2008-06-30,163,161
41201,2008-07-31,175,167
41201,2008-09-30,196,171
41201,2008-10-31,207,141
41201,2008-12-31,236,264
41201,2009-01-31,244,186
41201,2009-03-31,258,162
41201,2009-04-30,268,149
41201,2009-05-31,273,196
41201,2009-06-30,277,150
41201,2009-07-31,288,134
41201,2009-08-31,298,109
41201,2009-09-30,311,147
41201,2009-10-31,320,138
41201,2009-11-30,327,120
41201,2009-12-31,332,152
41201,2010-01-31,353,79
41201,2010-02-28,356,62
41201,2010-03-31,356,85
41201,2010-04-30,360,64
41201,2010-05-31,363,51
41201,2010-06-30,365,59
41201,2010-07-31,369,65
41201,2010-08-31,370,40
41201,2010-09-30,375,31
41201,2010-10-31,380,27
41201,2010-11-30,383,19
41201,2010-12-31,386,32
41201,2011-01-31,387,13
41201,2011-02-28,387,9
41201,2011-03-31,392,24
41201,2011-04-30,397,32
41201,2011-05-31,401,26
41201,2011-06-30,405,23
41201,2011-07-31,407,17
41201,2011-08-31,412,14
41201,2011-09-30,415,10
41201,2011-10-31,421,14
41201,2011-11-30,431,19
41201,2011-12-31,437,19
41201,2012-01-31,439,6
42301,2006-03-31,1,0
42301,2006-06-30,1,0
42301,2006-09-30,1,0
42301,2006-12-31,1,0
42301,2007-03-31,1,0
42301,2007-07-31,2,4
42301,2007-09-30,9,9
42301,2007-10-31,11,8
42301,2007-12-31,14,0
42301,2008-01-31,16,11
42301,2008-03-31,19,8
42301,2008-04-30,19,9
42301,2008-06-30,22,8
42301,2008-07-31,27,21
42301,2008-09-30,51,54
42301,2008-10-31,35,27
42301,2008-12-31,39,39
42301,2009-01-31,39,29
42301,2009-03-31,41,36
42301,2009-04-30,42,26
42301,2009-05-31,73,47
42301,2009-06-30,75,42
42301,2009-07-31,79,32
42301,2009-08-31,80,14
42301,2009-09-30,85,43
42301,2009-10-31,90,51
42301,2009-11-30,92,37
42301,2009-12-31,92,23
42301,2010-01-31,95,40
42301,2010-02-28,96,52
42301,2010-03-31,101,114
42301,2010-04-30,103,66
42301,2010-05-31,106,101
42301,2010-06-30,111,113
42301,2010-07-31,116,118
42301,2010-08-31,118,106
42301,2010-09-30,123,125
42301,2010-10-31,125,111
42301,2010-11-30,129,113
42301,2010-12-31,132,94
42301,2011-01-31,133,91
42301,2011-02-28,135,87
42301,2011-03-31,136,105
42301,2011-04-30,137,119
42301,2011-05-31,140,120
42301,2011-06-30,142,105
42301,2011-07-31,146,132
42301,2011-08-31,149,121
42301,2011-09-30,149,99
42301,2011-10-31,149,98
42301,2011-11-30,150,73
42301,2011-12-31,152,83
42301,2012-01-31,157,80
51100,2006-01-31,21,3
51100,2006-03-31,25,8
51100,2006-04-30,32,24
51100,2006-06-30,57,49
51100,2006-07-31,89,144
51100,2006-09-30,173,177
51100,2006-10-31,216,304
51100,2006-12-31,297,283
51100,2007-01-31,343,376
51100,2007-03-31,470,634
51100,2007-04-30,530,428
51100,2007-06-30,627,424
51100,2007-07-31,664,472
51100,2007-09-30,770,482
51100,2007-10-31,801,421
51100,2007-12-31,851,371
51100,2008-01-31,889,459
51100,2008-03-31,946,343
51100,2008-04-30,982,474
51100,2008-06-30,1027,387
51100,2008-07-31,1076,711
51100,2008-09-30,1106,8
51100,2008-10-31,1106,5
51100,2008-12-31,1125,43
51100,2009-01-31,1132,35
51100,2009-03-31,1204,467
51100,2009-04-30,1226,618
51100,2009-05-31,1255,650
51100,2009-06-30,1296,675
51100,2009-07-31,1329,797
51100,2009-08-31,1334,547
51100,2009-09-30,1366,774
51100,2009-10-31,1399,846
51100,2009-11-30,1417,789
51100,2009-12-31,1443,866
51100,2010-01-31,1460,739
51100,2010-02-28,1470,705
51100,2010-03-31,1505,1049
51100,2010-04-30,1518,912
51100,2010-05-31,1531,913
51100,2010-06-30,1556,1039
51100,2010-07-31,1578,1010
51100,2010-08-31,1603,1058
51100,2010-09-30,1630,1116
51100,2010-10-31,1668,1272
51100,2010-11-30,1685,1166
51100,2010-12-31,1716,1407
51100,2011-01-31,1723,1143
51100,2011-02-28,1759,1356
51100,2011-03-31,1783,1361
51100,2011-04-30,1811,1244
51100,2011-05-31,1829,1193
51100,2011-06-30,1849,1065
51100,2011-07-31,1875,1247
51100,2011-08-31,1906,1314
51100,2011-09-30,1945,1524
51100,2011-10-31,2005,1686
51100,2011-11-30,2053,1879
51100,2011-12-31,2108,1706
51100,2012-01-31,2141,1605
52101,2006-01-31,31,32
52101,2006-03-31,66,129
52101,2006-04-30,83,100
52101,2006-06-30,128,175
52101,2006-07-31,141,189
52101,2006-09-30,179,249
52101,2006-10-31,205,328
52101,2006-12-31,233,246
52101,2007-01-31,247,384
52101,2007-03-31,272,433
52101,2007-04-30,283,405
52101,2007-06-30,310,441
52101,2007-07-31,331,571
52101,2007-09-30,348,427
52101,2007-10-31,361,543
52101,2007-12-31,386,429
52101,2008-01-31,411,701
52101,2008-03-31,442,712
52101,2008-04-30,455,604
52101,2008-06-30,487,580
52101,2008-07-31,497,624
52101,2008-09-30,514,472
52101,2008-10-31,529,422
52101,2008-12-31,547,513
52101,2009-01-31,569,606
52101,2009-03-31,598,805
52101,2009-04-30,615,764
52101,2009-05-31,625,767
52101,2009-06-30,640,832
52101,2009-07-31,660,958
52101,2009-08-31,677,927
52101,2009-09-30,685,1045
52101,2009-10-31,696,900
52101,2009-11-30,703,947
52101,2009-12-31,711,893
52101,2010-01-31,718,798
52101,2010-02-28,735,874
52101,2010-03-31,744,1132
52101,2010-04-30,763,1062
52101,2010-05-31,783,1175
52101,2010-06-30,784,1178
52101,2010-07-31,795,1229
52101,2010-08-31,813,1320
52101,2010-09-30,833,1292
52101,2010-10-31,852,1272
52101,2010-11-30,863,1216
52101,2010-12-31,875,1154
52101,2011-01-31,884,1471
52101,2011-02-28,898,1328
52101,2011-03-31,912,1568
52101,2011-04-30,927,1375
52101,2011-05-31,940,1504
52101,2011-06-30,951,1477
52101,2011-07-31,963,1393
52101,2011-08-31,973,1721
52101,2011-09-30,984,1549
52101,2011-10-31,996,1662
52101,2011-11-30,1009,1577
52101,2011-12-31,1020,1202
52101,2012-01-31,1046,1610
53108,2006-01-31,1,0
53108,2006-03-31,1,0
53108,2006-04-30,1,0
53108,2006-06-30,1,0
53108,2006-07-31,1,0
53108,2006-09-30,1,0
53108,2006-10-31,1,0
53108,2006-12-31,1,0
53108,2007-01-31,1,0
53108,2007-03-31,1,0
53108,2007-04-30,1,0
53108,2007-06-30,2,3
53108,2007-07-31,2,0
53108,2007-09-30,2,0
53108,2007-10-31,2,0
53108,2007-12-31,7,12
53108,2008-01-31,10,13
53108,2008-03-31,22,44
53108,2008-04-30,31,66
53108,2008-06-30,63,104
53108,2008-07-31,84,154
53108,2008-09-30,104,104
53108,2008-10-31,120,111
53108,2008-12-31,145,69
53108,2009-01-31,161,110
53108,2009-03-31,193,171
53108,2009-04-30,208,109
53108,2009-05-31,218,66
53108,2009-06-30,235,114
53108,2009-07-31,245,83
53108,2009-08-31,251,70
53108,2009-09-30,253,73
53108,2009-10-31,256,47
53108,2009-11-30,259,53
53108,2009-12-31,260,37
53108,2010-01-31,262,10
53108,2010-02-28,263,4
53108,2010-03-31,263,0
53108,2010-04-30,263,0
53108,2010-05-31,263,0
53108,2010-06-30,263,0
53108,2010-07-31,263,0
53108,2010-08-31,263,0
53108,2010-09-30,263,0
53108,2010-10-31,263,0
53108,2010-11-30,263,0
53108,2010-12-31,263,0
53108,2011-01-31,263,0
53108,2011-02-28,263,0
53108,2011-03-31,263,0
53108,2011-04-30,263,0
53108,2011-05-31,263,0
53108,2011-06-30,263,0
53108,2011-07-31,263,0
53108,2011-08-31,263,0
53108,2011-09-30,263,0
53108,2011-10-31,263,0
53108,2011-11-30,263,0
53108,2011-12-31,263,0
53108,2012-01-31,263,0
54101,2006-01-31,1,0
54101,2006-03-31,1,0
54101,2006-04-30,1,0
54101,2006-06-30,1,0
54101,2006-07-31,1,0
54101,2006-09-30,1,0
54101,2006-10-31,1,0
54101,2006-12-31,4,2
54101,2007-01-31,6,4
54101,2007-03-31,7,2
54101,2007-04-30,9,4
54101,2007-06-30,13,1
54101,2007-07-31,15,6
54101,2007-09-30,16,0
54101,2007-10-31,17,2
54101,2007-12-31,17,0
54101,2008-01-31,19,4
54101,2008-03-31,23,4
54101,2008-04-30,24,9
54101,2008-06-30,28,14
54101,2008-07-31,31,20
54101,2008-09-30,37,7
54101,2008-10-31,40,18
54101,2008-12-31,49,12
54101,2009-01-31,51,38
54101,2009-03-31,59,45
54101,2009-04-30,63,58
54101,2009-05-31,68,55
54101,2009-06-30,74,76
54101,2009-07-31,76,58
54101,2009-08-31,77,50
54101,2009-09-30,77,44
54101,2009-10-31,80,37
54101,2009-11-30,80,3
54101,2009-12-31,80,0
54101,2010-01-31,80,0
54101,2010-02-28,80,0
54101,2010-03-31,80,0
54101,2010-04-30,80,0
54101,2010-05-31,80,0
54101,2010-06-30,80,0
54101,2010-07-31,80,0
54101,2010-08-31,80,0
54101,2010-09-30,80,0
54101,2010-10-31,80,0
54101,2010-11-30,80,0
54101,2010-12-31,80,0
54101,2011-01-31,80,0
54101,2011-02-28,80,0
54101,2011-03-31,80,0
54101,2011-04-30,80,0
54101,2011-05-31,80,0
54101,2011-06-30,80,0
54101,2011-07-31,80,0
54101,2011-08-31,80,0
54101,2011-09-30,80,0
54101,2011-10-31,80,0
54101,2011-11-30,80,0
54101,2011-12-31,80,0
54101,2012-01-31,80,0
71100,2006-01-31,483,522
71100,2006-03-31,532,623
71100,2006-04-30,556,639
71100,2006-06-30,626,874
71100,2006-07-31,675,879
71100,2006-09-30,778,968
71100,2006-10-31,841,1231
71100,2006-12-31,937,1194
71100,2007-01-31,1015,1460
71100,2007-03-31,1119,1216
71100,2007-04-30,1196,1346
71100,2007-06-30,1357,1589
71100,2007-07-31,1431,1608
71100,2007-09-30,1573,1560
71100,2007-10-31,1633,1574
71100,2007-12-31,1763,1528
71100,2008-01-31,1869,1912
71100,2008-03-31,2032,1753
71100,2008-04-30,2120,2033
71100,2008-06-30,2295,1984
71100,2008-07-31,2378,1456
71100,2008-09-30,2503,1324
71100,2008-10-31,2573,720
71100,2008-12-31,2720,1903
71100,2009-01-31,2802,1937
71100,2009-03-31,2975,2339
71100,2009-04-30,3055,2157
71100,2009-05-31,3125,2168
71100,2009-06-30,3183,2047
71100,2009-07-31,3267,2506
71100,2009-08-31,3337,2128
71100,2009-09-30,3411,2249
71100,2009-10-31,3472,2556
71100,2009-11-30,3538,2332
71100,2009-12-31,3593,2364
71100,2010-01-31,3641,2012
71100,2010-02-28,3705,2200
71100,2010-03-31,3794,2393
71100,2010-04-30,3864,2674
71100,2010-05-31,3912,2618
71100,2010-06-30,3980,2495
71100,2010-07-31,4029,2579
71100,2010-08-31,4080,2092
71100,2010-09-30,4135,2061
71100,2010-10-31,4184,2591
71100,2010-11-30,4230,2007
71100,2010-12-31,4262,1779
71100,2011-01-31,4307,2514
71100,2011-02-28,4372,2068
71100,2011-03-31,4426,2304
71100,2011-04-30,4482,2126
71100,2011-05-31,4541,2556
71100,2011-06-30,4590,2340
71100,2011-07-31,4642,2664
71100,2011-08-31,4673,2904
71100,2011-09-30,4723,3266
71100,2011-10-31,4766,3070
71100,2011-11-30,4814,3639
71100,2011-12-31,4854,3541
71100,2012-01-31,4893,3194
71104,2006-01-31,42,104
71104,2006-03-31,57,60
71104,2006-04-30,70,83
71104,2006-06-30,95,89
71104,2006-07-31,105,76
71104,2006-09-30,128,76
71104,2006-10-31,136,71
71104,2006-12-31,158,81
71104,2007-01-31,174,85
71104,2007-03-31,197,89
71104,2007-04-30,207,116
71104,2007-06-30,232,99
71104,2007-07-31,242,89
71104,2007-09-30,262,102
71104,2007-10-31,277,126
71104,2007-12-31,305,118
71104,2008-01-31,320,128
71104,2008-03-31,351,132
71104,2008-04-30,362,149
71104,2008-06-30,399,170
71104,2008-07-31,415,187
71104,2008-09-30,447,217
71104,2008-10-31,455,172
71104,2008-12-31,474,155
71104,2009-01-31,487,205
71104,2009-03-31,523,331
71104,2009-04-30,536,214
71104,2009-05-31,554,253
71104,2009-06-30,575,333
71104,2009-07-31,597,303
71104,2009-08-31,601,56
71104,2009-09-30,603,2
71104,2009-10-31,603,0
71104,2009-11-30,604,1
71104,2009-12-31,604,0
71104,2010-01-31,604,0
71104,2010-02-28,605,1
71104,2010-03-31,607,2
71104,2010-04-30,610,9
71104,2010-05-31,621,80
71104,2010-06-30,621,0
71104,2010-07-31,621,0
71104,2010-08-31,621,0
71104,2010-09-30,621,0
71104,2010-10-31,621,0
71104,2010-11-30,621,0
71104,2010-12-31,621,0
71104,2011-01-31,621,0
71104,2011-02-28,621,0
71104,2011-03-31,621,0
71104,2011-04-30,621,0
71104,2011-05-31,621,0
71104,2011-06-30,621,0
71104,2011-07-31,621,0
71104,2011-08-31,621,0
71104,2011-09-30,621,0
71104,2011-10-31,621,0
71104,2011-11-30,621,0
71104,2011-12-31,621,0
71104,2012-01-31,621,0
71107,2009-09-30,8,28
71107,2009-10-31,35,116
71107,2009-11-30,48,65
71107,2009-12-31,69,102
71107,2010-01-31,81,77
71107,2010-02-28,95,77
71107,2010-03-31,111,87
71107,2010-04-30,129,95
71107,2010-05-31,135,40
71107,2010-06-30,146,59
71107,2010-07-31,161,83
71107,2010-08-31,161,0
71107,2010-09-30,170,36
71107,2010-10-31,174,14
71107,2010-11-30,175,8
71107,2010-12-31,177,17
71107,2011-01-31,178,17
71107,2011-02-28,182,23
71107,2011-03-31,189,33
71107,2011-04-30,200,44
71107,2011-05-31,208,33
71107,2011-06-30,220,40
71107,2011-07-31,225,20
71107,2011-08-31,225,0
71107,2011-09-30,236,36
71107,2011-10-31,246,31
71107,2011-11-30,267,66
71107,2011-12-31,275,25
71107,2012-01-31,281,18
71201,2010-09-30,1,2
71201,2010-10-31,1,0
71201,2010-11-30,1,0
71201,2010-12-31,1,0
71201,2011-01-31,1,0
71201,2011-02-28,1,0
71201,2011-03-31,1,0
71201,2011-04-30,1,0
71201,2011-05-31,1,0
71201,2011-06-30,1,0
71201,2011-07-31,1,0
71201,2011-08-31,1,0
71201,2011-09-30,1,0
71201,2011-10-31,1,0
71201,2011-11-30,1,0
71201,2011-12-31,1,0
71201,2012-01-31,1,0
71301,2007-09-30,1,0
71301,2007-10-31,1,0
71301,2007-12-31,2,1
71301,2008-01-31,3,1
71301,2008-03-31,4,0
71301,2008-04-30,4,0
71301,2008-06-30,4,0
71301,2008-07-31,4,1
71301,2008-09-30,5,0
71301,2008-10-31,4,0
71301,2008-12-31,7,6
71301,2009-01-31,11,8
71301,2009-03-31,24,26
71301,2009-04-30,33,20
71301,2009-05-31,35,11
71301,2009-06-30,39,16
71301,2009-07-31,43,15
71301,2009-08-31,46,31
71301,2009-09-30,52,34
71301,2009-10-31,59,29
71301,2009-11-30,61,32
71301,2009-12-31,66,27
71301,2010-01-31,71,25
71301,2010-02-28,80,55
71301,2010-03-31,87,47
71301,2010-04-30,94,62
71301,2010-05-31,99,39
71301,2010-06-30,102,22
71301,2010-07-31,105,36
71301,2010-08-31,112,40
71301,2010-09-30,115,28
71301,2010-10-31,116,24
71301,2010-11-30,120,33
71301,2010-12-31,120,24
71301,2011-01-31,121,30
71301,2011-02-28,128,50
71301,2011-03-31,139,88
71301,2011-04-30,145,70
71301,2011-05-31,156,100
71301,2011-06-30,163,101
71301,2011-07-31,174,115
71301,2011-08-31,182,106
71301,2011-09-30,190,105
71301,2011-10-31,202,126
71301,2011-11-30,211,103
71301,2011-12-31,217,62
71301,2012-01-31,227,143
71401,2006-01-31,5,0
71401,2006-03-31,5,0
71401,2006-04-30,5,0
71401,2006-06-30,5,0
71401,2006-07-31,5,0
71401,2006-09-30,5,0
71401,2006-10-31,5,0
71401,2006-12-31,5,0
71401,2007-01-31,10,10
71401,2007-03-31,22,44
71401,2007-04-30,28,34
71401,2007-06-30,37,30
71401,2007-07-31,41,53
71401,2007-09-30,47,51
71401,2007-10-31,47,20
71401,2007-12-31,52,45
71401,2008-01-31,56,54
71401,2008-03-31,68,88
71401,2008-04-30,71,73
71401,2008-06-30,85,103
71401,2008-07-31,89,89
71401,2008-09-30,94,48
71401,2008-10-31,95,73
71401,2008-12-31,101,74
71401,2009-01-31,104,65
71401,2009-03-31,119,94
71401,2009-04-30,125,68
71401,2009-05-31,134,95
71401,2009-06-30,137,80
71401,2009-07-31,144,114
71401,2009-08-31,145,90
71401,2009-09-30,157,148
71401,2009-10-31,160,108
71401,2009-11-30,164,129
71401,2009-12-31,169,129
71401,2010-01-31,172,103
71401,2010-02-28,177,143
71401,2010-03-31,183,162
71401,2010-04-30,188,99
71401,2010-05-31,196,126
71401,2010-06-30,201,109
71401,2010-07-31,209,133
71401,2010-08-31,214,164
71401,2010-09-30,219,156
71401,2010-10-31,226,163
71401,2010-11-30,227,112
71401,2010-12-31,230,125
71401,2011-01-31,233,150
71401,2011-02-28,234,94
71401,2011-03-31,245,217
71401,2011-04-30,250,106
71401,2011-05-31,261,149
71401,2011-06-30,269,139
71401,2011-07-31,275,149
71401,2011-08-31,282,136
71401,2011-09-30,292,145
71401,2011-10-31,297,140
71401,2011-11-30,299,151
71401,2011-12-31,303,63
71401,2012-01-31,309,158
72101,2006-01-31,2,0
72101,2006-03-31,5,2
72101,2006-04-30,14,36
72101,2006-06-30,24,37
72101,2006-07-31,27,37
72101,2006-09-30,44,58
72101,2006-10-31,48,33
72101,2006-12-31,57,63
72101,2007-01-31,60,44
72101,2007-03-31,80,71
72101,2007-04-30,99,98
72101,2007-06-30,118,61
72101,2007-07-31,128,82
72101,2007-09-30,137,42
72101,2007-10-31,139,57
72101,2007-12-31,156,118
72101,2008-01-31,167,152
72101,2008-03-31,185,162
72101,2008-04-30,198,236
72101,2008-06-30,226,242
72101,2008-07-31,246,228
72101,2008-09-30,263,167
72101,2008-10-31,281,226
72101,2008-12-31,301,205
72101,2009-01-31,309,240
72101,2009-03-31,328,269
72101,2009-04-30,335,275
72101,2009-05-31,343,230
72101,2009-06-30,352,288
72101,2009-07-31,361,270
72101,2009-08-31,367,234
72101,2009-09-30,376,249
72101,2009-10-31,391,272
72101,2009-11-30,401,254
72101,2009-12-31,406,232
72101,2010-01-31,412,215
72101,2010-02-28,428,227
72101,2010-03-31,439,358
72101,2010-04-30,443,312
72101,2010-05-31,458,289
72101,2010-06-30,463,272
72101,2010-07-31,482,323
72101,2010-08-31,491,331
72101,2010-09-30,504,336
72101,2010-10-31,517,357
72101,2010-11-30,525,246
72101,2010-12-31,528,192
72101,2011-01-31,533,284
72101,2011-02-28,543,314
72101,2011-03-31,553,349
72101,2011-04-30,559,287
72101,2011-05-31,568,313
72101,2011-06-30,580,341
72101,2011-07-31,588,380
72101,2011-08-31,602,424
72101,2011-09-30,608,412
72101,2011-10-31,617,291
72101,2011-11-30,635,374
72101,2011-12-31,642,407
72101,2012-01-31,648,461
73101,2006-06-30,6,12
73101,2006-07-31,12,14
73101,2006-09-30,22,32
73101,2006-10-31,22,1
73101,2006-12-31,34,25
73101,2007-01-31,39,43
73101,2007-03-31,45,34
73101,2007-04-30,47,33
73101,2007-06-30,50,8
73101,2007-07-31,50,1
73101,2007-09-30,56,18
73101,2007-10-31,64,28
73101,2007-12-31,71,26
73101,2008-01-31,76,34
73101,2008-03-31,81,0
73101,2008-04-30,81,0
73101,2008-06-30,81,0
73101,2008-07-31,81,0
73101,2008-09-30,81,0
73101,2008-10-31,81,0
73101,2008-12-31,81,1
73101,2009-01-31,81,0
73101,2009-03-31,81,0
73101,2009-04-30,81,0
73101,2009-05-31,81,0
73101,2009-06-30,81,0
73101,2009-07-31,81,0
73101,2009-08-31,81,0
73101,2009-09-30,81,0
73101,2009-10-31,81,0
73101,2009-11-30,81,0
73101,2009-12-31,81,0
73101,2010-01-31,81,0
73101,2010-02-28,81,0
73101,2010-03-31,81,0
73101,2010-04-30,81,0
73101,2010-05-31,81,0
73101,2010-06-30,81,0
73101,2010-07-31,81,0
73101,2010-08-31,81,0
73101,2010-09-30,81,0
73101,2010-10-31,81,0
73101,2010-11-30,81,0
73101,2010-12-31,81,0
73101,2011-01-31,81,0
73101,2011-02-28,81,0
73101,2011-03-31,81,0
73101,2011-04-30,81,0
73101,2011-05-31,81,0
73101,2011-06-30,81,0
73101,2011-07-31,81,0
73101,2011-08-31,81,0
73101,2011-09-30,81,0
73101,2011-10-31,81,0
73101,2011-11-30,81,0
73101,2011-12-31,81,0
73101,2012-01-31,81,0
73103,2006-01-31,147,349
73103,2006-03-31,185,466
73103,2006-04-30,198,361
73103,2006-06-30,241,453
73103,2006-07-31,258,498
73103,2006-09-30,293,502
73103,2006-10-31,313,568
73103,2006-12-31,332,487
73103,2007-01-31,352,588
73103,2007-03-31,399,632
73103,2007-04-30,426,681
73103,2007-06-30,466,670
73103,2007-07-31,482,705
73103,2007-09-30,496,482
73103,2007-10-31,509,543
73103,2007-12-31,533,487
73103,2008-01-31,549,604
73103,2008-03-31,569,667
73103,2008-04-30,576,697
73103,2008-06-30,597,555
73103,2008-07-31,630,671
73103,2008-09-30,651,485
73103,2008-10-31,659,476
73103,2008-12-31,677,439
73103,2009-01-31,695,560
73103,2009-03-31,725,629
73103,2009-04-30,734,569
73103,2009-05-31,743,538
73103,2009-06-30,758,431
73103,2009-07-31,773,577
73103,2009-08-31,789,481
73103,2009-09-30,805,505
73103,2009-10-31,817,567
73103,2009-11-30,829,504
73103,2009-12-31,839,445
73103,2010-01-31,850,476
73103,2010-02-28,858,597
73103,2010-03-31,867,860
73103,2010-04-30,884,782
73103,2010-05-31,891,829
73103,2010-06-30,898,792
73103,2010-07-31,901,802
73103,2010-08-31,913,879
73103,2010-09-30,927,923
73103,2010-10-31,936,1097
73103,2010-11-30,941,1026
73103,2010-12-31,948,1018
73103,2011-01-31,953,947
73103,2011-02-28,957,900
73103,2011-03-31,965,1029
73103,2011-04-30,982,954
73103,2011-05-31,995,1099
73103,2011-06-30,1009,1017
73103,2011-07-31,1014,975
73103,2011-08-31,1020,1008
73103,2011-09-30,1020,253
73103,2011-10-31,1020,345
73103,2011-11-30,1020,397
73103,2011-12-31,1020,510
73103,2012-01-31,1020,969
73301,2006-01-31,82,3
73301,2006-03-31,85,3
73301,2006-04-30,86,3
73301,2006-06-30,98,8
73301,2006-07-31,98,0
73301,2006-09-30,100,0
73301,2006-10-31,100,0
73301,2006-12-31,113,39
73301,2007-01-31,116,7
73301,2007-03-31,128,34
73301,2007-04-30,127,9
73301,2007-06-30,130,6
73301,2007-07-31,131,6
73301,2007-09-30,133,14
73301,2007-10-31,132,7
73301,2007-12-31,138,40
73301,2008-01-31,140,27
73301,2008-03-31,148,95
73301,2008-04-30,148,51
73301,2008-06-30,158,69
73301,2008-07-31,162,77
73301,2008-09-30,189,57
73301,2008-10-31,192,71
73301,2008-12-31,201,74
73301,2009-01-31,201,85
73301,2009-03-31,207,93
73301,2009-04-30,212,136
73301,2009-05-31,214,105
73301,2009-06-30,220,114
73301,2009-07-31,225,140
73301,2009-08-31,232,158
73301,2009-09-30,233,114
73301,2009-10-31,234,124
73301,2009-11-30,236,122
73301,2009-12-31,239,132
73301,2010-01-31,240,75
73301,2010-02-28,242,124
73301,2010-03-31,249,159
73301,2010-04-30,258,157
73301,2010-05-31,262,187
73301,2010-06-30,266,144
73301,2010-07-31,267,130
73301,2010-08-31,271,119
73301,2010-09-30,273,100
73301,2010-10-31,277,103
73301,2010-11-30,278,122
73301,2010-12-31,281,112
73301,2011-01-31,288,105
73301,2011-02-28,292,123
73301,2011-03-31,296,92
73301,2011-04-30,298,150
73301,2011-05-31,301,173
73301,2011-06-30,307,185
73301,2011-07-31,308,180
73301,2011-08-31,312,239
73301,2011-09-30,316,204
73301,2011-10-31,319,180
73301,2011-11-30,321,137
73301,2011-12-31,322,192
73301,2012-01-31,328,189
81100,2006-01-31,296,407
81100,2006-03-31,384,614
81100,2006-04-30,370,634
81100,2006-06-30,472,759
81100,2006-07-31,451,750
81100,2006-09-30,530,653
81100,2006-10-31,510,788
81100,2006-12-31,590,722
81100,2007-01-31,571,800
81100,2007-03-31,696,1082
81100,2007-04-30,685,992
81100,2007-06-30,734,926
81100,2007-07-31,748,846
81100,2007-09-30,835,841
81100,2007-10-31,820,913
81100,2007-12-31,864,987
81100,2008-01-31,881,1174
81100,2008-03-31,921,1149
81100,2008-04-30,945,1092
81100,2008-06-30,990,1180
81100,2008-07-31,1014,1233
81100,2008-09-30,1097,1356
81100,2008-10-31,1088,1256
81100,2008-12-31,1145,71
81100,2009-01-31,1180,243
81100,2009-03-31,1239,1987
81100,2009-04-30,1279,1819
81100,2009-05-31,1310,1798
81100,2009-06-30,1354,1723
81100,2009-07-31,1407,1892
81100,2009-08-31,1436,1792
81100,2009-09-30,1471,2094
81100,2009-10-31,1509,1980
81100,2009-11-30,1532,2163
81100,2009-12-31,1562,2093
81100,2010-01-31,1583,1865
81100,2010-02-28,1621,2107
81100,2010-03-31,1660,2252
81100,2010-04-30,1709,2328
81100,2010-05-31,1732,2067
81100,2010-06-30,1756,2501
81100,2010-07-31,1783,2143
81100,2010-08-31,1815,2104
81100,2010-09-30,1854,2240
81100,2010-10-31,1881,2275
81100,2010-11-30,1898,1338
81100,2010-12-31,1911,2061
81100,2011-01-31,1932,2130
81100,2011-02-28,1961,2153
81100,2011-03-31,1976,2219
81100,2011-04-30,1993,2030
81100,2011-05-31,2010,1685
81100,2011-06-30,2032,1853
81100,2011-07-31,2053,2105
81100,2011-08-31,2066,2193
81100,2011-09-30,2088,1437
81100,2011-10-31,2099,1184
81100,2011-11-30,2122,1970
81100,2011-12-31,2132,1744
81100,2012-01-31,2149,1655
81101,2006-01-31,1,0
81101,2006-03-31,1,0
81101,2006-04-30,1,0
81101,2006-06-30,1,0
81101,2006-07-31,1,0
81101,2006-09-30,1,0
81101,2006-10-31,1,0
81101,2006-12-31,1,0
81101,2007-01-31,1,0
81101,2007-03-31,1,0
81101,2007-04-30,1,0
81101,2007-06-30,1,0
81101,2007-07-31,1,0
81101,2007-09-30,1,0
81101,2007-10-31,1,0
81101,2007-12-31,1,0
81101,2008-01-31,1,0
81101,2008-03-31,3,4
81101,2008-04-30,5,9
81101,2008-06-30,7,4
81101,2008-07-31,12,18
81101,2008-09-30,15,5
81101,2008-10-31,16,4
81101,2008-12-31,18,0
81101,2009-01-31,19,4
81101,2009-03-31,23,9
81101,2009-04-30,24,6
81101,2009-05-31,24,2
81101,2009-06-30,29,20
81101,2009-07-31,41,54
81101,2009-08-31,52,46
81101,2009-09-30,59,54
81101,2009-10-31,59,11
81101,2009-11-30,68,59
81101,2009-12-31,76,50
81101,2010-01-31,80,35
81101,2010-02-28,87,81
81101,2010-03-31,100,101
81101,2010-04-30,115,117
81101,2010-05-31,118,77
81101,2010-06-30,125,93
81101,2010-07-31,131,89
81101,2010-08-31,137,64
81101,2010-09-30,149,117
81101,2010-10-31,153,80
81101,2010-11-30,161,63
81101,2010-12-31,163,50
81101,2011-01-31,167,51
81101,2011-02-28,173,69
81101,2011-03-31,181,58
81101,2011-04-30,187,49
81101,2011-05-31,190,43
81101,2011-06-30,193,37
81101,2011-07-31,198,47
81101,2011-08-31,204,51
81101,2011-09-30,205,33
81101,2011-10-31,207,54
81101,2011-11-30,209,30
81101,2011-12-31,211,11
81101,2012-01-31,213,32
82201,2006-01-31,3,0
82201,2006-03-31,3,0
82201,2006-04-30,3,0
82201,2006-06-30,5,2
82201,2006-07-31,5,0
82201,2006-09-30,5,0
82201,2006-10-31,5,0
82201,2006-12-31,5,0
82201,2007-01-31,5,0
82201,2007-03-31,8,6
82201,2007-04-30,9,6
82201,2007-06-30,43,114
82201,2007-07-31,49,73
82201,2007-09-30,59,56
82201,2007-10-31,77,124
82201,2007-12-31,90,40
82201,2008-01-31,97,67
82201,2008-03-31,110,78
82201,2008-04-30,116,87
82201,2008-06-30,126,70
82201,2008-07-31,131,65
82201,2008-09-30,131,48
82201,2008-10-31,137,70
82201,2008-12-31,144,42
82201,2009-01-31,153,100
82201,2009-03-31,161,50
82201,2009-04-30,167,56
82201,2009-05-31,178,54
82201,2009-06-30,192,133
82201,2009-07-31,198,105
82201,2009-08-31,208,116
82201,2009-09-30,214,86
82201,2009-10-31,222,82
82201,2009-11-30,227,141
82201,2009-12-31,234,92
82201,2010-01-31,241,99
82201,2010-02-28,247,134
82201,2010-03-31,252,135
82201,2010-04-30,260,212
82201,2010-05-31,265,183
82201,2010-06-30,268,178
82201,2010-07-31,276,228
82201,2010-08-31,288,256
82201,2010-09-30,302,235
82201,2010-10-31,311,227
82201,2010-11-30,316,193
82201,2010-12-31,319,153
82201,2011-01-31,326,221
82201,2011-02-28,328,210
82201,2011-03-31,330,238
82201,2011-04-30,340,242
82201,2011-05-31,348,253
82201,2011-06-30,352,237
82201,2011-07-31,359,255
82201,2011-08-31,366,271
82201,2011-09-30,373,260
82201,2011-10-31,377,259
82201,2011-11-30,391,310
82201,2011-12-31,399,260
82201,2012-01-31,404,290
83401,2006-01-31,1,0
83401,2006-03-31,1,0
83401,2006-04-30,1,0
83401,2006-06-30,1,0
83401,2006-07-31,1,0
83401,2006-09-30,1,0
83401,2006-10-31,1,0
83401,2006-12-31,1,0
83401,2007-01-31,1,0
83401,2007-03-31,1,0
83401,2007-04-30,1,0
83401,2007-06-30,1,0
83401,2007-07-31,1,0
83401,2007-09-30,1,0
83401,2007-10-31,1,0
83401,2007-12-31,10,30
83401,2008-01-31,22,26
83401,2008-03-31,34,59
83401,2008-04-30,40,52
83401,2008-06-30,44,31
83401,2008-07-31,50,42
83401,2008-09-30,63,28
83401,2008-10-31,73,77
83401,2008-12-31,83,108
83401,2009-01-31,95,128
83401,2009-03-31,114,143
83401,2009-04-30,117,92
83401,2009-05-31,122,80
83401,2009-06-30,126,103
83401,2009-07-31,134,107
83401,2009-08-31,138,136
83401,2009-09-30,148,145
83401,2009-10-31,152,78
83401,2009-11-30,163,103
83401,2009-12-31,168,82
83401,2010-01-31,172,94
83401,2010-02-28,177,80
83401,2010-03-31,185,70
83401,2010-04-30,190,56
83401,2010-05-31,192,85
83401,2010-06-30,201,105
83401,2010-07-31,211,129
83401,2010-08-31,217,99
83401,2010-09-30,221,106
83401,2010-10-31,223,118
83401,2010-11-30,229,75
83401,2010-12-31,232,70
83401,2011-01-31,235,102
83401,2011-02-28,240,135
83401,2011-03-31,247,126
83401,2011-04-30,255,129
83401,2011-05-31,259,130
83401,2011-06-30,259,106
83401,2011-07-31,264,108
83401,2011-08-31,267,111
83401,2011-09-30,273,180
83401,2011-10-31,275,136
83401,2011-11-30,279,127
83401,2011-12-31,285,185
83401,2012-01-31,285,93
84100,2006-01-31,4,0
84100,2006-03-31,18,32
84100,2006-04-30,21,26
84100,2006-06-30,42,27
84100,2006-07-31,52,86
84100,2006-09-30,87,95
84100,2006-10-31,89,61
84100,2006-12-31,106,47
84100,2007-01-31,122,130
84100,2007-03-31,149,86
84100,2007-04-30,152,72
84100,2007-06-30,177,101
84100,2007-07-31,190,100
84100,2007-09-30,228,119
84100,2007-10-31,241,151
84100,2007-12-31,269,127
84100,2008-01-31,288,183
84100,2008-03-31,332,224
84100,2008-04-30,350,283
84100,2008-06-30,375,312
84100,2008-07-31,388,278
84100,2008-09-30,412,299
84100,2008-10-31,434,439
84100,2008-12-31,470,462
84100,2009-01-31,483,423
84100,2009-03-31,520,555
84100,2009-04-30,541,537
84100,2009-05-31,557,438
84100,2009-06-30,556,451
84100,2009-07-31,578,486
84100,2009-08-31,599,506
84100,2009-09-30,638,608
84100,2009-10-31,652,482
84100,2009-11-30,676,544
84100,2009-12-31,691,502
84100,2010-01-31,702,318
84100,2010-02-28,722,402
84100,2010-03-31,737,558
84100,2010-04-30,756,521
84100,2010-05-31,769,527
84100,2010-06-30,786,586
84100,2010-07-31,797,549
84100,2010-08-31,810,707
84100,2010-09-30,816,643
84100,2010-10-31,823,672
84100,2010-11-30,830,512
84100,2010-12-31,839,615
84100,2011-01-31,846,595
84100,2011-02-28,861,527
84100,2011-03-31,871,644
84100,2011-04-30,891,686
84100,2011-05-31,903,704
84100,2011-06-30,913,756
84100,2011-07-31,925,804
84100,2011-08-31,938,745
84100,2011-09-30,956,816
84100,2011-10-31,966,727
84100,2011-11-30,978,768
84100,2011-12-31,998,726
84100,2012-01-31,1023,914
84111,2006-01-31,696,633
84111,2006-03-31,766,790
84111,2006-04-30,809,699
84111,2006-06-30,900,996
84111,2006-07-31,950,1007
84111,2006-09-30,1029,1066
84111,2006-10-31,1075,1328
84111,2006-12-31,1144,1476
84111,2007-01-31,1193,1664
84111,2007-03-31,1240,1308
84111,2007-04-30,1272,1253
84111,2007-06-30,1341,1451
84111,2007-07-31,1388,1529
84111,2007-09-30,1438,1435
84111,2007-10-31,1480,1315
84111,2007-12-31,1533,1211
84111,2008-01-31,1564,1473
84111,2008-03-31,1622,1443
84111,2008-04-30,1654,1376
84111,2008-06-30,1727,993
84111,2008-07-31,1761,1084
84111,2008-09-30,1844,1178
84111,2008-10-31,1876,1130
84111,2008-12-31,1928,1347
84111,2009-01-31,1953,1314
84111,2009-03-31,1988,1572
84111,2009-04-30,2031,1624
84111,2009-05-31,2062,1669
84111,2009-06-30,2099,1633
84111,2009-07-31,2142,1602
84111,2009-08-31,2182,2090
84111,2009-09-30,2206,1506
84111,2009-10-31,2225,1973
84111,2009-11-30,2261,1580
84111,2009-12-31,2284,1956
84111,2010-01-31,2311,1348
84111,2010-02-28,2335,1637
84111,2010-03-31,2362,2013
84111,2010-04-30,2389,1813
84111,2010-05-31,2422,1739
84111,2010-06-30,2442,1931
84111,2010-07-31,2466,1730
84111,2010-08-31,2491,1776
84111,2010-09-30,2526,1605
84111,2010-10-31,2557,1768
84111,2010-11-30,2582,1398
84111,2010-12-31,2602,1256
84111,2011-01-31,2633,1542
84111,2011-02-28,2667,1648
84111,2011-03-31,2692,1807
84111,2011-04-30,2713,1760
84111,2011-05-31,2759,1770
84111,2011-06-30,2783,1906
84111,2011-07-31,2810,1968
84111,2011-08-31,2837,2091
84111,2011-09-30,2868,2282
84111,2011-10-31,2893,2192
84111,2011-11-30,2921,2193
84111,2011-12-31,2953,2325
84111,2012-01-31,2990,2208
91100,2006-01-31,206,4
91100,2006-03-31,208,1
91100,2006-04-30,207,1
91100,2006-06-30,251,263
91100,2006-07-31,280,183
91100,2006-09-30,316,115
91100,2006-10-31,329,105
91100,2006-12-31,360,115
91100,2007-01-31,378,137
91100,2007-03-31,446,180
91100,2007-04-30,474,199
91100,2007-06-30,533,248
91100,2007-07-31,579,334
91100,2007-09-30,646,269
91100,2007-10-31,690,467
91100,2007-12-31,764,588
91100,2008-01-31,812,682
91100,2008-03-31,904,847
91100,2008-04-30,938,965
91100,2008-06-30,1012,886
91100,2008-07-31,1053,855
91100,2008-09-30,1098,804
91100,2008-10-31,1114,788
91100,2008-12-31,1190,984
91100,2009-01-31,1223,950
91100,2009-03-31,1298,1129
91100,2009-04-30,1328,903
91100,2009-05-31,1348,588
91100,2009-06-30,1406,966
91100,2009-07-31,1454,902
91100,2009-08-31,1496,786
91100,2009-09-30,1548,1028
91100,2009-10-31,1584,748
91100,2009-11-30,1626,685
91100,2009-12-31,1647,481
91100,2010-01-31,1676,387
91100,2010-02-28,1693,524
91100,2010-03-31,1738,628
91100,2010-04-30,1777,1180
91100,2010-05-31,1805,831
91100,2010-06-30,1839,705
91100,2010-07-31,1872,840
91100,2010-08-31,1909,1094
91100,2010-09-30,1921,783
91100,2010-10-31,1941,1056
91100,2010-11-30,1959,1034
91100,2010-12-31,1974,932
91100,2011-01-31,2007,1015
91100,2011-02-28,2035,989
91100,2011-03-31,2066,1247
91100,2011-04-30,2093,724
91100,2011-05-31,2126,1277
91100,2011-06-30,2160,1356
91100,2011-07-31,2190,1113
91100,2011-08-31,2226,1106
91100,2011-09-30,2263,1301
91100,2011-10-31,2315,1190
91100,2011-11-30,2357,1125
91100,2011-12-31,2396,1174
91100,2012-01-31,2429,1158
91114,2006-01-31,575,250
91114,2006-03-31,665,545
91114,2006-04-30,702,516
91114,2006-06-30,805,564
91114,2006-07-31,838,743
91114,2006-09-30,926,670
91114,2006-10-31,959,738
91114,2006-12-31,1043,922
91114,2007-01-31,1103,1003
91114,2007-03-31,1180,771
91114,2007-04-30,1226,759
91114,2007-06-30,1309,812
91114,2007-07-31,1354,825
91114,2007-09-30,1423,860
91114,2007-10-31,1455,1105
91114,2007-12-31,1516,1265
91114,2008-01-31,1550,919
91114,2008-03-31,1598,1304
91114,2008-04-30,1626,1348
91114,2008-06-30,1674,1568
91114,2008-07-31,1710,1506
91114,2008-09-30,1781,1211
91114,2008-10-31,1824,1614
91114,2008-12-31,1881,1875
91114,2009-01-31,1926,2086
91114,2009-03-31,1997,2020
91114,2009-04-30,2025,1787
91114,2009-05-31,2061,1867
91114,2009-06-30,2097,2237
91114,2009-07-31,2127,1976
91114,2009-08-31,2151,1534
91114,2009-09-30,2183,2067
91114,2009-10-31,2215,2000
91114,2009-11-30,2240,1725
91114,2009-12-31,2267,1879
91114,2010-01-31,2293,1065
91114,2010-02-28,2309,521
91114,2010-03-31,2335,557
91114,2010-04-30,2362,1401
91114,2010-05-31,2386,1713
91114,2010-06-30,2416,1005
91114,2010-07-31,2452,1929
91114,2010-08-31,2479,2097
91114,2010-09-30,2506,2397
91114,2010-10-31,2540,2075
91114,2010-11-30,2555,1616
91114,2010-12-31,2567,1803
91114,2011-01-31,2588,1933
91114,2011-02-28,2605,1743
91114,2011-03-31,2639,2466
91114,2011-04-30,2659,2836
91114,2011-05-31,2700,2607
91114,2011-06-30,2725,2822
91114,2011-07-31,2743,2059
91114,2011-08-31,2769,2290
91114,2011-09-30,2797,2614
91114,2011-10-31,2816,2704
91114,2011-11-30,2833,2426
91114,2011-12-31,2853,2727
91114,2012-01-31,2880,2602
93301,2006-01-31,33,2
93301,2006-03-31,36,7
93301,2006-04-30,37,2
93301,2006-06-30,46,14
93301,2006-07-31,46,14
93301,2006-09-30,50,13
93301,2006-10-31,53,12
93301,2006-12-31,55,13
93301,2007-01-31,57,7
93301,2007-03-31,71,65
93301,2007-04-30,108,192
93301,2007-06-30,166,183
93301,2007-07-31,185,171
93301,2007-09-30,214,245
93301,2007-10-31,269,424
93301,2007-12-31,330,510
93301,2008-01-31,352,510
93301,2008-03-31,371,428
93301,2008-04-30,385,581
93301,2008-06-30,407,542
93301,2008-07-31,424,572
93301,2008-09-30,437,468
93301,2008-10-31,470,716
93301,2008-12-31,495,661
93301,2009-01-31,504,788
93301,2009-03-31,543,794
93301,2009-04-30,561,883
93301,2009-05-31,557,825
93301,2009-06-30,567,807
93301,2009-07-31,579,921
93301,2009-08-31,595,849
93301,2009-09-30,605,901
93301,2009-10-31,621,944
93301,2009-11-30,650,848
93301,2009-12-31,691,820
93301,2010-01-31,707,782
93301,2010-02-28,713,742
93301,2010-03-31,726,925
93301,2010-04-30,744,905
93301,2010-05-31,751,808
93301,2010-06-30,759,862
93301,2010-07-31,765,928
93301,2010-08-31,784,857
93301,2010-09-30,795,850
93301,2010-10-31,812,768
93301,2010-11-30,817,608
93301,2010-12-31,819,564
93301,2011-01-31,832,664
93301,2011-02-28,845,707
93301,2011-03-31,865,845
93301,2011-04-30,872,752
93301,2011-05-31,880,789
93301,2011-06-30,889,1080
93301,2011-07-31,903,1126
93301,2011-08-31,910,869
93301,2011-09-30,915,729
93301,2011-10-31,922,752
93301,2011-11-30,925,736
93301,2011-12-31,929,472
93301,2012-01-31,933,641
93401,2006-03-31,20,22
93401,2006-04-30,35,17
93401,2006-06-30,59,17
93401,2006-07-31,80,29
93401,2006-09-30,115,30
93401,2006-10-31,119,3
93401,2006-12-31,131,5
93401,2007-01-31,138,10
93401,2007-03-31,137,0
93401,2007-04-30,141,15
93401,2007-06-30,144,6
93401,2007-07-31,144,8
93401,2007-09-30,145,9
93401,2007-10-31,145,3
93401,2007-12-31,147,6
93401,2008-01-31,148,9
93401,2008-03-31,150,9
93401,2008-04-30,151,10
93401,2008-06-30,151,6
93401,2008-07-31,154,14
93401,2008-09-30,155,8
93401,2008-10-31,154,9
93401,2008-12-31,157,16
93401,2009-01-31,158,10
93401,2009-03-31,160,13
93401,2009-04-30,160,6
93401,2009-05-31,160,14
93401,2009-06-30,160,16
93401,2009-07-31,161,13
93401,2009-08-31,164,22
93401,2009-09-30,166,23
93401,2009-10-31,167,12
93401,2009-11-30,171,23
93401,2009-12-31,171,2
93401,2010-01-31,172,5
93401,2010-02-28,172,0
93401,2010-03-31,173,8
93401,2010-04-30,173,4
93401,2010-05-31,173,2
93401,2010-06-30,173,2
93401,2010-07-31,173,2
93401,2010-08-31,174,8
93401,2010-09-30,175,8
93401,2010-10-31,176,9
93401,2010-11-30,177,10
93401,2010-12-31,177,6
93401,2011-01-31,178,8
93401,2011-02-28,178,10
93401,2011-03-31,179,9
93401,2011-04-30,179,4
93401,2011-05-31,179,0
93401,2011-06-30,179,2
93401,2011-07-31,179,0
93401,2011-08-31,179,2
93401,2011-09-30,179,6
93401,2011-10-31,179,1
93401,2011-11-30,179,0
93401,2011-12-31,179,0
93401,2012-01-31,179,0
95698,2009-01-31,8,17
95698,2009-03-31,9,1
95698,2009-04-30,9,0
95698,2009-05-31,9,2
95698,2009-06-30,9,0
95698,2009-07-31,9,0
95698,2009-08-31,9,0
95698,2009-09-30,9,0
95698,2009-10-31,9,0
95698,2009-11-30,14,14
95698,2009-12-31,15,3
95698,2010-01-31,16,1
95698,2010-02-28,16,1
95698,2010-03-31,16,0
95698,2010-04-30,16,0
95698,2010-05-31,16,0
95698,2010-06-30,16,15
95698,2010-07-31,16,2
95698,2010-08-31,16,4
95698,2010-09-30,16,4
95698,2010-10-31,16,0
95698,2010-11-30,16,0
95698,2010-12-31,16,0
95698,2011-01-31,16,0
95698,2011-02-28,16,0
95698,2011-03-31,16,0
95698,2011-04-30,16,0
95698,2011-05-31,16,0
95698,2011-06-30,16,0
95698,2011-07-31,16,0
95698,2011-08-31,16,0
95698,2011-09-30,16,0
95698,2011-10-31,16,0
95698,2011-11-30,16,1
95698,2011-12-31,16,0
95698,2012-01-31,18,16
