department,sex,hiv,day,population
1,,,2006-01-31,0
1,,,2006-04-30,0
1,,,2006-07-31,0
1,,,2006-10-31,0
1,,,2007-01-31,0
1,,,2007-04-30,0
1,,,2007-06-30,0
1,,,2007-07-31,0
1,,,2007-09-30,0
1,,,2007-10-31,0
1,,,2007-12-31,0
1,,,2008-01-31,0
1,,,2008-03-31,0
1,,,2008-04-30,0
1,,,2008-06-30,0
1,,,2008-07-31,0
1,,,2008-09-30,0
1,,,2008-10-31,0
1,,,2008-12-31,0
1,,,2009-01-31,0
1,,,2009-03-31,0
1,,,2009-04-30,0
1,,,2009-05-31,0
1,,,2009-06-30,0
1,,,2009-07-31,0
1,,,2009-08-31,0
1,,,2009-09-30,0
1,,,2009-10-31,0
1,,,2009-11-30,0
1,,1,2006-12-31,1
1,,1,2007-03-31,1
1,,1,2007-09-30,2
1,,1,2008-07-31,1
1,,1,2008-09-30,4
1,,1,2008-10-31,1
1,,1,2008-12-31,1
1,,1,2009-01-31,1
1,,1,2009-03-31,2
1,,1,2009-04-30,2
1,,1,2009-05-31,6
1,,1,2009-06-30,7
1,,1,2009-07-31,9
1,,1,2009-08-31,10
1,,1,2009-09-30,11
1,,1,2009-10-31,12
1,,1,2009-11-30,14
1,,1,2009-12-31,14
1,,1,2010-01-31,15
1,,1,2010-02-28,16
1,,1,2010-03-31,18
1,,1,2010-04-30,27
1,,1,2010-05-31,29
1,,1,2010-06-30,34
1,,1,2010-07-31,36
1,,1,2010-08-31,38
1,,1,2010-09-30,40
1,,1,2010-10-31,46
1,,1,2010-11-30,49
1,,1,2010-12-31,50
1,,1,2011-01-31,53
1,,1,2011-02-28,56
1,,1,2011-03-31,61
1,,1,2011-04-30,65
1,,1,2011-05-31,71
1,,1,2011-06-30,75
1,,1,2011-07-31,77
1,,1,2011-08-31,83
1,,1,2011-09-30,86
1,,1,2011-10-31,94
1,,1,2011-11-30,110
1,,1,2011-12-31,132
1,,1,2012-01-31,148
1,0,1,2006-06-30,1
1,0,1,2006-07-31,1
1,0,1,2006-09-30,1
1,0,1,2006-10-31,1
1,0,1,2006-12-31,2
1,0,1,2007-01-31,2
1,0,1,2007-03-31,2
1,0,1,2007-04-30,3
1,0,1,2007-06-30,3
1,0,1,2007-07-31,3
1,0,1,2007-09-30,3
1,0,1,2007-10-31,3
1,0,1,2007-12-31,3
1,0,1,2008-01-31,3
1,0,1,2008-03-31,4
1,0,1,2008-04-30,4
1,0,1,2008-06-30,4
1,0,1,2008-07-31,4
1,0,1,2008-09-30,4
1,0,1,2008-10-31,4
1,0,1,2008-12-31,4
1,0,1,2009-01-31,4
1,0,1,2009-03-31,4
1,0,1,2009-04-30,4
1,0,1,2009-05-31,4
1,0,1,2009-06-30,4
1,0,1,2009-07-31,4
1,0,1,2009-08-31,4
1,0,1,2009-09-30,4
1,0,1,2009-10-31,4
1,0,1,2009-11-30,4
1,0,1,2009-12-31,4
1,0,1,2010-01-31,5
1,0,1,2010-02-28,5
1,0,1,2010-03-31,5
1,0,1,2010-04-30,5
1,0,1,2010-05-31,5
1,0,1,2010-06-30,5
1,0,1,2010-07-31,5
1,0,1,2010-08-31,5
1,0,1,2010-09-30,5
1,0,1,2010-10-31,5
1,0,1,2010-11-30,5
1,0,1,2010-12-31,5
1,0,1,2011-01-31,5
1,0,1,2011-02-28,5
1,0,1,2011-03-31,5
1,0,1,2011-04-30,5
1,0,1,2011-05-31,5
1,0,1,2011-06-30,5
1,0,1,2011-07-31,5
1,0,1,2011-08-31,5
1,0,1,2011-09-30,5
1,0,1,2011-10-31,5
1,0,1,2011-11-30,5
1,0,1,2011-12-31,5
1,0,1,2012-01-31,5
1,1,0,2009-01-31,1
1,1,0,2009-03-31,1
1,1,0,2009-04-30,1
1,1,0,2009-05-31,1
1,1,0,2009-06-30,1
1,1,0,2009-07-31,1
1,1,0,2009-08-31,1
1,1,0,2009-09-30,1
1,1,0,2009-10-31,1
1,1,0,2009-11-30,1
1,1,1,2006-01-31,912
1,1,1,2006-03-31,1113
1,1,1,2006-04-30,1213
1,1,1,2006-06-30,1460
1,1,1,2006-07-31,1576
1,1,1,2006-09-30,1822
1,1,1,2006-10-31,1912
1,1,1,2006-12-31,2255
1,1,1,2007-01-31,2401
1,1,1,2007-03-31,2936
1,1,1,2007-04-30,3064
1,1,1,2007-06-30,3508
1,1,1,2007-07-31,3787
1,1,1,2007-09-30,4466
1,1,1,2007-10-31,4609
1,1,1,2007-12-31,5144
1,1,1,2008-01-31,5474
1,1,1,2008-03-31,6093
1,1,1,2008-04-30,6397
1,1,1,2008-06-30,7119
1,1,1,2008-07-31,7474
1,1,1,2008-09-30,8298
1,1,1,2008-10-31,8433
1,1,1,2008-12-31,9093
1,1,1,2009-01-31,9600
1,1,1,2009-03-31,10400
1,1,1,2009-04-30,10750
1,1,1,2009-05-31,11021
1,1,1,2009-06-30,11636
1,1,1,2009-07-31,12006
1,1,1,2009-08-31,12347
1,1,1,2009-09-30,12746
1,1,1,2009-10-31,13117
1,1,1,2009-11-30,13439
1,1,1,2009-12-31,13699
1,1,1,2010-01-31,13834
1,1,1,2010-02-28,13940
1,1,1,2010-03-31,14161
1,1,1,2010-04-30,14419
1,1,1,2010-05-31,14628
1,1,1,2010-06-30,14889
1,1,1,2010-07-31,15129
1,1,1,2010-08-31,15347
1,1,1,2010-09-30,15645
1,1,1,2010-10-31,15908
1,1,1,2010-11-30,16090
1,1,1,2010-12-31,16285
1,1,1,2011-01-31,16563
1,1,1,2011-02-28,16799
1,1,1,2011-03-31,17127
1,1,1,2011-04-30,17392
1,1,1,2011-05-31,17727
1,1,1,2011-06-30,18045
1,1,1,2011-07-31,18336
1,1,1,2011-08-31,18592
1,1,1,2011-09-30,18890
1,1,1,2011-10-31,19157
1,1,1,2011-11-30,19422
1,1,1,2011-12-31,19663
1,1,1,2012-01-31,19894
1,2,1,2006-01-31,490
1,2,1,2006-03-31,582
1,2,1,2006-04-30,635
1,2,1,2006-06-30,779
1,2,1,2006-07-31,819
1,2,1,2006-09-30,964
1,2,1,2006-10-31,1008
1,2,1,2006-12-31,1186
1,2,1,2007-01-31,1260
1,2,1,2007-03-31,1522
1,2,1,2007-04-30,1614
1,2,1,2007-06-30,1838
1,2,1,2007-07-31,1978
1,2,1,2007-09-30,2324
1,2,1,2007-10-31,2428
1,2,1,2007-12-31,2679
1,2,1,2008-01-31,2823
1,2,1,2008-03-31,3122
1,2,1,2008-04-30,3271
1,2,1,2008-06-30,3564
1,2,1,2008-07-31,3728
1,2,1,2008-09-30,4155
1,2,1,2008-10-31,4233
1,2,1,2008-12-31,4546
1,2,1,2009-01-31,4764
1,2,1,2009-03-31,5157
1,2,1,2009-04-30,5327
1,2,1,2009-05-31,5496
1,2,1,2009-06-30,5813
1,2,1,2009-07-31,6016
1,2,1,2009-08-31,6189
1,2,1,2009-09-30,6387
1,2,1,2009-10-31,6563
1,2,1,2009-11-30,6728
1,2,1,2009-12-31,6910
1,2,1,2010-01-31,6993
1,2,1,2010-02-28,7070
1,2,1,2010-03-31,7190
1,2,1,2010-04-30,7312
1,2,1,2010-05-31,7463
1,2,1,2010-06-30,7576
1,2,1,2010-07-31,7724
1,2,1,2010-08-31,7870
1,2,1,2010-09-30,8038
1,2,1,2010-10-31,8218
1,2,1,2010-11-30,8328
1,2,1,2010-12-31,8420
1,2,1,2011-01-31,8589
1,2,1,2011-02-28,8739
1,2,1,2011-03-31,8901
1,2,1,2011-04-30,9076
1,2,1,2011-05-31,9266
1,2,1,2011-06-30,9426
1,2,1,2011-07-31,9560
1,2,1,2011-08-31,9701
1,2,1,2011-09-30,9881
1,2,1,2011-10-31,10026
1,2,1,2011-11-30,10197
1,2,1,2011-12-31,10337
1,2,1,2012-01-31,10488
2,,1,2010-01-31,1
2,,1,2010-02-28,1
2,,1,2010-03-31,1
2,,1,2010-04-30,1
2,,1,2010-05-31,2
2,,1,2010-06-30,2
2,,1,2010-07-31,2
2,,1,2010-08-31,2
2,,1,2010-09-30,2
2,,1,2010-10-31,2
2,,1,2010-11-30,3
2,,1,2010-12-31,3
2,,1,2011-01-31,3
2,,1,2011-02-28,3
2,,1,2011-03-31,3
2,,1,2011-04-30,3
2,,1,2011-05-31,4
2,,1,2011-06-30,4
2,,1,2011-07-31,4
2,,1,2011-08-31,4
2,,1,2011-09-30,4
2,,1,2011-10-31,4
2,,1,2011-11-30,5
2,,1,2011-12-31,5
2,,1,2012-01-31,5
2,0,1,2007-09-30,1
2,0,1,2007-10-31,1
2,0,1,2007-12-31,1
2,0,1,2008-01-31,1
2,0,1,2008-03-31,1
2,0,1,2008-04-30,1
2,0,1,2008-06-30,1
2,0,1,2008-07-31,1
2,0,1,2008-09-30,1
2,0,1,2008-10-31,1
2,0,1,2008-12-31,2
2,0,1,2009-01-31,2
2,0,1,2009-03-31,2
2,0,1,2009-04-30,2
2,0,1,2009-05-31,2
2,0,1,2009-06-30,2
2,0,1,2009-07-31,2
2,0,1,2009-08-31,2
2,0,1,2009-09-30,2
2,0,1,2009-10-31,2
2,0,1,2009-11-30,2
2,0,1,2009-12-31,2
2,0,1,2010-01-31,2
2,0,1,2010-02-28,2
2,0,1,2010-03-31,2
2,0,1,2010-04-30,2
2,0,1,2010-05-31,2
2,0,1,2010-06-30,2
2,0,1,2010-07-31,2
2,0,1,2010-08-31,2
2,0,1,2010-09-30,2
2,0,1,2010-10-31,2
2,0,1,2010-11-30,2
2,0,1,2010-12-31,2
2,0,1,2011-01-31,2
2,0,1,2011-02-28,2
2,0,1,2011-03-31,2
2,0,1,2011-04-30,2
2,0,1,2011-05-31,2
2,0,1,2011-06-30,2
2,0,1,2011-07-31,2
2,0,1,2011-08-31,2
2,0,1,2011-09-30,2
2,0,1,2011-10-31,2
2,0,1,2011-11-30,2
2,0,1,2011-12-31,2
2,0,1,2012-01-31,2
2,1,1,2006-01-31,159
2,1,1,2006-03-31,176
2,1,1,2006-04-30,187
2,1,1,2006-06-30,214
2,1,1,2006-07-31,223
2,1,1,2006-09-30,237
2,1,1,2006-10-31,250
2,1,1,2006-12-31,280
2,1,1,2007-01-31,303
2,1,1,2007-03-31,348
2,1,1,2007-04-30,378
2,1,1,2007-06-30,412
2,1,1,2007-07-31,431
2,1,1,2007-09-30,484
2,1,1,2007-10-31,503
2,1,1,2007-12-31,540
2,1,1,2008-01-31,560
2,1,1,2008-03-31,595
2,1,1,2008-04-30,610
2,1,1,2008-06-30,662
2,1,1,2008-07-31,683
2,1,1,2008-09-30,710
2,1,1,2008-10-31,745
2,1,1,2008-12-31,797
2,1,1,2009-01-31,819
2,1,1,2009-03-31,872
2,1,1,2009-04-30,883
2,1,1,2009-05-31,919
2,1,1,2009-06-30,947
2,1,1,2009-07-31,980
2,1,1,2009-08-31,1011
2,1,1,2009-09-30,1029
2,1,1,2009-10-31,1060
2,1,1,2009-11-30,1077
2,1,1,2009-12-31,1095
2,1,1,2010-01-31,1103
2,1,1,2010-02-28,1114
2,1,1,2010-03-31,1139
2,1,1,2010-04-30,1157
2,1,1,2010-05-31,1180
2,1,1,2010-06-30,1197
2,1,1,2010-07-31,1213
2,1,1,2010-08-31,1237
2,1,1,2010-09-30,1255
2,1,1,2010-10-31,1283
2,1,1,2010-11-30,1301
2,1,1,2010-12-31,1320
2,1,1,2011-01-31,1337
2,1,1,2011-02-28,1360
2,1,1,2011-03-31,1376
2,1,1,2011-04-30,1395
2,1,1,2011-05-31,1416
2,1,1,2011-06-30,1433
2,1,1,2011-07-31,1455
2,1,1,2011-08-31,1472
2,1,1,2011-09-30,1491
2,1,1,2011-10-31,1501
2,1,1,2011-11-30,1523
2,1,1,2011-12-31,1534
2,1,1,2012-01-31,1552
2,2,1,2006-01-31,135
2,2,1,2006-03-31,152
2,2,1,2006-04-30,161
2,2,1,2006-06-30,187
2,2,1,2006-07-31,197
2,2,1,2006-09-30,223
2,2,1,2006-10-31,236
2,2,1,2006-12-31,257
2,2,1,2007-01-31,272
2,2,1,2007-03-31,311
2,2,1,2007-04-30,331
2,2,1,2007-06-30,365
2,2,1,2007-07-31,384
2,2,1,2007-09-30,420
2,2,1,2007-10-31,427
2,2,1,2007-12-31,455
2,2,1,2008-01-31,469
2,2,1,2008-03-31,501
2,2,1,2008-04-30,519
2,2,1,2008-06-30,541
2,2,1,2008-07-31,568
2,2,1,2008-09-30,593
2,2,1,2008-10-31,611
2,2,1,2008-12-31,638
2,2,1,2009-01-31,660
2,2,1,2009-03-31,693
2,2,1,2009-04-30,715
2,2,1,2009-05-31,729
2,2,1,2009-06-30,758
2,2,1,2009-07-31,770
2,2,1,2009-08-31,777
2,2,1,2009-09-30,796
2,2,1,2009-10-31,820
2,2,1,2009-11-30,830
2,2,1,2009-12-31,847
2,2,1,2010-01-31,859
2,2,1,2010-02-28,865
2,2,1,2010-03-31,888
2,2,1,2010-04-30,897
2,2,1,2010-05-31,910
2,2,1,2010-06-30,924
2,2,1,2010-07-31,940
2,2,1,2010-08-31,962
2,2,1,2010-09-30,973
2,2,1,2010-10-31,985
2,2,1,2010-11-30,1003
2,2,1,2010-12-31,1018
2,2,1,2011-01-31,1043
2,2,1,2011-02-28,1061
2,2,1,2011-03-31,1075
2,2,1,2011-04-30,1089
2,2,1,2011-05-31,1103
2,2,1,2011-06-30,1123
2,2,1,2011-07-31,1149
2,2,1,2011-08-31,1161
2,2,1,2011-09-30,1176
2,2,1,2011-10-31,1186
2,2,1,2011-11-30,1203
2,2,1,2011-12-31,1214
2,2,1,2012-01-31,1232
3,,,2006-01-31,0
3,,,2006-04-30,0
3,,,2006-07-31,0
3,,,2007-01-31,0
3,,,2007-10-31,0
3,,,2007-12-31,0
3,,,2008-01-31,0
3,,1,2008-06-30,1
3,,1,2008-07-31,1
3,,1,2008-09-30,1
3,,1,2008-10-31,1
3,,1,2008-12-31,1
3,,1,2009-01-31,1
3,,1,2009-03-31,1
3,,1,2009-04-30,1
3,,1,2009-05-31,1
3,,1,2009-06-30,1
3,,1,2009-07-31,1
3,,1,2009-08-31,1
3,,1,2009-09-30,2
3,,1,2009-10-31,2
3,,1,2009-11-30,2
3,,1,2009-12-31,3
3,,1,2010-01-31,4
3,,1,2010-02-28,4
3,,1,2010-03-31,4
3,,1,2010-04-30,4
3,,1,2010-05-31,4
3,,1,2010-06-30,4
3,,1,2010-07-31,4
3,,1,2010-08-31,4
3,,1,2010-09-30,4
3,,1,2010-10-31,4
3,,1,2010-11-30,4
3,,1,2010-12-31,4
3,,1,2011-01-31,4
3,,1,2011-02-28,5
3,,1,2011-03-31,5
3,,1,2011-04-30,5
3,,1,2011-05-31,5
3,,1,2011-06-30,5
3,,1,2011-07-31,6
3,,1,2011-08-31,7
3,,1,2011-09-30,7
3,,1,2011-10-31,7
3,,1,2011-11-30,7
3,,1,2011-12-31,7
3,,1,2012-01-31,7
3,0,1,2007-10-31,1
3,0,1,2007-12-31,1
3,0,1,2008-01-31,1
3,0,1,2008-03-31,1
3,0,1,2008-04-30,1
3,0,1,2008-06-30,1
3,0,1,2008-07-31,1
3,0,1,2008-09-30,1
3,0,1,2008-10-31,1
3,0,1,2008-12-31,2
3,0,1,2009-01-31,2
3,0,1,2009-03-31,2
3,0,1,2009-04-30,2
3,0,1,2009-05-31,2
3,0,1,2009-06-30,2
3,0,1,2009-07-31,2
3,0,1,2009-08-31,2
3,0,1,2009-09-30,2
3,0,1,2009-10-31,2
3,0,1,2009-11-30,2
3,0,1,2009-12-31,7
3,0,1,2010-01-31,8
3,0,1,2010-02-28,8
3,0,1,2010-03-31,8
3,0,1,2010-04-30,10
3,0,1,2010-05-31,10
3,0,1,2010-06-30,10
3,0,1,2010-07-31,11
3,0,1,2010-08-31,12
3,0,1,2010-09-30,12
3,0,1,2010-10-31,12
3,0,1,2010-11-30,12
3,0,1,2010-12-31,12
3,0,1,2011-01-31,12
3,0,1,2011-02-28,12
3,0,1,2011-03-31,12
3,0,1,2011-04-30,12
3,0,1,2011-05-31,12
3,0,1,2011-06-30,12
3,0,1,2011-07-31,12
3,0,1,2011-08-31,12
3,0,1,2011-09-30,12
3,0,1,2011-10-31,14
3,0,1,2011-11-30,15
3,0,1,2011-12-31,15
3,0,1,2012-01-31,15
3,1,,2009-08-31,1
3,1,0,2007-06-30,1
3,1,0,2007-07-31,1
3,1,0,2007-10-31,1
3,1,0,2007-12-31,1
3,1,0,2008-01-31,1
3,1,0,2008-03-31,1
3,1,0,2008-04-30,1
3,1,0,2008-06-30,1
3,1,0,2008-07-31,1
3,1,0,2008-10-31,1
3,1,0,2008-12-31,1
3,1,0,2009-01-31,1
3,1,0,2009-03-31,1
3,1,0,2009-04-30,1
3,1,0,2009-05-31,1
3,1,0,2009-06-30,1
3,1,0,2009-07-31,1
3,1,1,2006-01-31,627
3,1,1,2006-03-31,798
3,1,1,2006-04-30,860
3,1,1,2006-06-30,1043
3,1,1,2006-07-31,1139
3,1,1,2006-09-30,1300
3,1,1,2006-10-31,1371
3,1,1,2006-12-31,1517
3,1,1,2007-01-31,1588
3,1,1,2007-03-31,1767
3,1,1,2007-04-30,1833
3,1,1,2007-06-30,2060
3,1,1,2007-07-31,2193
3,1,1,2007-09-30,2396
3,1,1,2007-10-31,2506
3,1,1,2007-12-31,2713
3,1,1,2008-01-31,2847
3,1,1,2008-03-31,3075
3,1,1,2008-04-30,3206
3,1,1,2008-06-30,3493
3,1,1,2008-07-31,3667
3,1,1,2008-09-30,3970
3,1,1,2008-10-31,4080
3,1,1,2008-12-31,4301
3,1,1,2009-01-31,4433
3,1,1,2009-03-31,4687
3,1,1,2009-04-30,4870
3,1,1,2009-05-31,4985
3,1,1,2009-06-30,5165
3,1,1,2009-07-31,5320
3,1,1,2009-08-31,5460
3,1,1,2009-09-30,5604
3,1,1,2009-10-31,5712
3,1,1,2009-11-30,5830
3,1,1,2009-12-31,5966
3,1,1,2010-01-31,6089
3,1,1,2010-02-28,6200
3,1,1,2010-03-31,6361
3,1,1,2010-04-30,6507
3,1,1,2010-05-31,6633
3,1,1,2010-06-30,6758
3,1,1,2010-07-31,6874
3,1,1,2010-08-31,7010
3,1,1,2010-09-30,7143
3,1,1,2010-10-31,7237
3,1,1,2010-11-30,7308
3,1,1,2010-12-31,7372
3,1,1,2011-01-31,7474
3,1,1,2011-02-28,7573
3,1,1,2011-03-31,7699
3,1,1,2011-04-30,7817
3,1,1,2011-05-31,7954
3,1,1,2011-06-30,8076
3,1,1,2011-07-31,8192
3,1,1,2011-08-31,8299
3,1,1,2011-09-30,8417
3,1,1,2011-10-31,8573
3,1,1,2011-11-30,8678
3,1,1,2011-12-31,8744
3,1,1,2012-01-31,8827
3,2,1,2006-01-31,396
3,2,1,2006-03-31,510
3,2,1,2006-04-30,544
3,2,1,2006-06-30,652
3,2,1,2006-07-31,700
3,2,1,2006-09-30,802
3,2,1,2006-10-31,841
3,2,1,2006-12-31,930
3,2,1,2007-01-31,987
3,2,1,2007-03-31,1108
3,2,1,2007-04-30,1161
3,2,1,2007-06-30,1287
3,2,1,2007-07-31,1390
3,2,1,2007-09-30,1506
3,2,1,2007-10-31,1541
3,2,1,2007-12-31,1670
3,2,1,2008-01-31,1746
3,2,1,2008-03-31,1898
3,2,1,2008-04-30,1968
3,2,1,2008-06-30,2107
3,2,1,2008-07-31,2189
3,2,1,2008-09-30,2356
3,2,1,2008-10-31,2393
3,2,1,2008-12-31,2526
3,2,1,2009-01-31,2601
3,2,1,2009-03-31,2755
3,2,1,2009-04-30,2840
3,2,1,2009-05-31,2930
3,2,1,2009-06-30,3019
3,2,1,2009-07-31,3106
3,2,1,2009-08-31,3173
3,2,1,2009-09-30,3268
3,2,1,2009-10-31,3347
3,2,1,2009-11-30,3406
3,2,1,2009-12-31,3512
3,2,1,2010-01-31,3590
3,2,1,2010-02-28,3660
3,2,1,2010-03-31,3764
3,2,1,2010-04-30,3845
3,2,1,2010-05-31,3923
3,2,1,2010-06-30,3998
3,2,1,2010-07-31,4082
3,2,1,2010-08-31,4142
3,2,1,2010-09-30,4229
3,2,1,2010-10-31,4287
3,2,1,2010-11-30,4328
3,2,1,2010-12-31,4388
3,2,1,2011-01-31,4456
3,2,1,2011-02-28,4512
3,2,1,2011-03-31,4582
3,2,1,2011-04-30,4641
3,2,1,2011-05-31,4698
3,2,1,2011-06-30,4756
3,2,1,2011-07-31,4833
3,2,1,2011-08-31,4884
3,2,1,2011-09-30,4945
3,2,1,2011-10-31,5033
3,2,1,2011-11-30,5110
3,2,1,2011-12-31,5154
3,2,1,2012-01-31,5201
4,,,2007-09-30,0
4,,,2009-09-30,0
4,,1,2007-10-31,1
4,,1,2007-12-31,2
4,,1,2008-01-31,2
4,,1,2008-03-31,3
4,,1,2008-04-30,3
4,,1,2008-06-30,3
4,,1,2008-07-31,4
4,,1,2008-09-30,5
4,,1,2008-10-31,5
4,,1,2008-12-31,7
4,,1,2009-01-31,7
4,,1,2009-03-31,7
4,,1,2009-04-30,7
4,,1,2009-05-31,7
4,,1,2009-06-30,7
4,,1,2009-07-31,8
4,,1,2009-08-31,8
4,,1,2009-09-30,8
4,,1,2009-10-31,8
4,,1,2009-11-30,9
4,,1,2009-12-31,9
4,,1,2010-01-31,10
4,,1,2010-02-28,10
4,,1,2010-03-31,10
4,,1,2010-04-30,11
4,,1,2010-05-31,11
4,,1,2010-06-30,11
4,,1,2010-07-31,11
4,,1,2010-08-31,11
4,,1,2010-09-30,12
4,,1,2010-10-31,15
4,,1,2010-11-30,15
4,,1,2010-12-31,17
4,,1,2011-01-31,17
4,,1,2011-02-28,17
4,,1,2011-03-31,17
4,,1,2011-04-30,17
4,,1,2011-05-31,18
4,,1,2011-06-30,18
4,,1,2011-07-31,18
4,,1,2011-08-31,18
4,,1,2011-09-30,18
4,,1,2011-10-31,18
4,,1,2011-11-30,18
4,,1,2011-12-31,20
4,,1,2012-01-31,20
4,0,1,2009-06-30,1
4,0,1,2009-07-31,1
4,0,1,2009-08-31,1
4,0,1,2009-09-30,1
4,1,1,2006-01-31,15
4,1,1,2006-03-31,17
4,1,1,2006-04-30,15
4,1,1,2006-06-30,17
4,1,1,2006-07-31,15
4,1,1,2006-09-30,18
4,1,1,2006-10-31,16
4,1,1,2006-12-31,18
4,1,1,2007-01-31,21
4,1,1,2007-03-31,40
4,1,1,2007-04-30,45
4,1,1,2007-06-30,110
4,1,1,2007-07-31,143
4,1,1,2007-09-30,203
4,1,1,2007-10-31,225
4,1,1,2007-12-31,282
4,1,1,2008-01-31,309
4,1,1,2008-03-31,356
4,1,1,2008-04-30,374
4,1,1,2008-06-30,444
4,1,1,2008-07-31,486
4,1,1,2008-09-30,559
4,1,1,2008-10-31,569
4,1,1,2008-12-31,634
4,1,1,2009-01-31,663
4,1,1,2009-03-31,712
4,1,1,2009-04-30,740
4,1,1,2009-05-31,771
4,1,1,2009-06-30,803
4,1,1,2009-07-31,828
4,1,1,2009-08-31,860
4,1,1,2009-09-30,885
4,1,1,2009-10-31,897
4,1,1,2009-11-30,914
4,1,1,2009-12-31,925
4,1,1,2010-01-31,949
4,1,1,2010-02-28,957
4,1,1,2010-03-31,971
4,1,1,2010-04-30,986
4,1,1,2010-05-31,1003
4,1,1,2010-06-30,1021
4,1,1,2010-07-31,1043
4,1,1,2010-08-31,1056
4,1,1,2010-09-30,1081
4,1,1,2010-10-31,1096
4,1,1,2010-11-30,1112
4,1,1,2010-12-31,1122
4,1,1,2011-01-31,1140
4,1,1,2011-02-28,1159
4,1,1,2011-03-31,1182
4,1,1,2011-04-30,1204
4,1,1,2011-05-31,1223
4,1,1,2011-06-30,1245
4,1,1,2011-07-31,1258
4,1,1,2011-08-31,1280
4,1,1,2011-09-30,1297
4,1,1,2011-10-31,1314
4,1,1,2011-11-30,1336
4,1,1,2011-12-31,1346
4,1,1,2012-01-31,1349
4,2,1,2006-01-31,10
4,2,1,2006-03-31,10
4,2,1,2006-04-30,10
4,2,1,2006-06-30,11
4,2,1,2006-07-31,11
4,2,1,2006-09-30,12
4,2,1,2006-10-31,11
4,2,1,2006-12-31,11
4,2,1,2007-01-31,16
4,2,1,2007-03-31,25
4,2,1,2007-04-30,29
4,2,1,2007-06-30,53
4,2,1,2007-07-31,70
4,2,1,2007-09-30,109
4,2,1,2007-10-31,122
4,2,1,2007-12-31,151
4,2,1,2008-01-31,163
4,2,1,2008-03-31,177
4,2,1,2008-04-30,191
4,2,1,2008-06-30,219
4,2,1,2008-07-31,232
4,2,1,2008-09-30,272
4,2,1,2008-10-31,279
4,2,1,2008-12-31,308
4,2,1,2009-01-31,321
4,2,1,2009-03-31,342
4,2,1,2009-04-30,352
4,2,1,2009-05-31,373
4,2,1,2009-06-30,383
4,2,1,2009-07-31,406
4,2,1,2009-08-31,424
4,2,1,2009-09-30,439
4,2,1,2009-10-31,450
4,2,1,2009-11-30,457
4,2,1,2009-12-31,464
4,2,1,2010-01-31,479
4,2,1,2010-02-28,483
4,2,1,2010-03-31,488
4,2,1,2010-04-30,502
4,2,1,2010-05-31,514
4,2,1,2010-06-30,519
4,2,1,2010-07-31,530
4,2,1,2010-08-31,539
4,2,1,2010-09-30,550
4,2,1,2010-10-31,555
4,2,1,2010-11-30,562
4,2,1,2010-12-31,566
4,2,1,2011-01-31,570
4,2,1,2011-02-28,579
4,2,1,2011-03-31,586
4,2,1,2011-04-30,596
4,2,1,2011-05-31,608
4,2,1,2011-06-30,613
4,2,1,2011-07-31,624
4,2,1,2011-08-31,634
4,2,1,2011-09-30,637
4,2,1,2011-10-31,643
4,2,1,2011-11-30,653
4,2,1,2011-12-31,666
4,2,1,2012-01-31,671
5,,,2006-04-30,0
5,,,2006-07-31,0
5,,,2006-10-31,0
5,,,2007-01-31,0
5,,,2007-04-30,0
5,,,2007-06-30,0
5,,,2007-07-31,0
5,,,2007-10-31,0
5,,,2007-12-31,0
5,,,2008-01-31,0
5,,,2008-03-31,0
5,,,2008-04-30,0
5,,,2008-06-30,0
5,,,2008-07-31,0
5,,,2008-09-30,0
5,,,2008-10-31,0
5,,,2008-12-31,0
5,,,2009-01-31,0
5,,,2009-03-31,0
5,,,2009-04-30,0
5,,,2009-10-31,0
5,,,2009-11-30,0
5,,,2009-12-31,0
5,,1,2007-07-31,1
5,,1,2007-09-30,1
5,,1,2007-10-31,1
5,,1,2007-12-31,1
5,,1,2008-01-31,1
5,,1,2008-03-31,2
5,,1,2008-04-30,3
5,,1,2008-06-30,4
5,,1,2008-07-31,5
5,,1,2008-09-30,5
5,,1,2008-10-31,5
5,,1,2008-12-31,5
5,,1,2009-01-31,6
5,,1,2009-03-31,6
5,,1,2009-04-30,6
5,,1,2009-05-31,6
5,,1,2009-06-30,6
5,,1,2009-07-31,6
5,,1,2009-08-31,7
5,,1,2009-09-30,7
5,,1,2009-10-31,7
5,,1,2009-11-30,7
5,,1,2009-12-31,7
5,,1,2010-01-31,7
5,,1,2010-02-28,7
5,,1,2010-03-31,7
5,,1,2010-04-30,7
5,,1,2010-05-31,7
5,,1,2010-06-30,7
5,,1,2010-07-31,7
5,,1,2010-08-31,7
5,,1,2010-09-30,7
5,,1,2010-10-31,7
5,,1,2010-11-30,7
5,,1,2010-12-31,7
5,,1,2011-01-31,7
5,,1,2011-02-28,7
5,,1,2011-03-31,7
5,,1,2011-04-30,8
5,,1,2011-05-31,8
5,,1,2011-06-30,9
5,,1,2011-07-31,9
5,,1,2011-08-31,9
5,,1,2011-09-30,9
5,,1,2011-10-31,9
5,,1,2011-11-30,10
5,,1,2011-12-31,13
5,,1,2012-01-31,13
5,0,1,2009-01-31,1
5,0,1,2009-03-31,1
5,0,1,2009-04-30,1
5,0,1,2009-05-31,1
5,0,1,2009-06-30,1
5,0,1,2009-07-31,1
5,0,1,2009-08-31,1
5,0,1,2009-09-30,1
5,0,1,2009-10-31,1
5,0,1,2009-11-30,1
5,0,1,2009-12-31,1
5,0,1,2010-01-31,1
5,0,1,2010-02-28,1
5,0,1,2010-03-31,1
5,0,1,2010-04-30,1
5,0,1,2010-05-31,1
5,0,1,2010-06-30,1
5,0,1,2010-07-31,1
5,0,1,2010-08-31,1
5,0,1,2010-09-30,1
5,0,1,2010-10-31,1
5,0,1,2010-11-30,1
5,0,1,2010-12-31,1
5,0,1,2011-01-31,1
5,0,1,2011-02-28,1
5,0,1,2011-03-31,1
5,0,1,2011-04-30,1
5,0,1,2011-05-31,1
5,0,1,2011-06-30,1
5,0,1,2011-07-31,1
5,0,1,2011-08-31,1
5,0,1,2011-09-30,1
5,0,1,2011-10-31,1
5,0,1,2011-11-30,1
5,0,1,2011-12-31,1
5,0,1,2012-01-31,1
5,1,1,2006-01-31,34
5,1,1,2006-03-31,57
5,1,1,2006-04-30,72
5,1,1,2006-06-30,115
5,1,1,2006-07-31,147
5,1,1,2006-09-30,230
5,1,1,2006-10-31,273
5,1,1,2006-12-31,334
5,1,1,2007-01-31,371
5,1,1,2007-03-31,452
5,1,1,2007-04-30,498
5,1,1,2007-06-30,574
5,1,1,2007-07-31,607
5,1,1,2007-09-30,683
5,1,1,2007-10-31,711
5,1,1,2007-12-31,763
5,1,1,2008-01-31,809
5,1,1,2008-03-31,876
5,1,1,2008-04-30,914
5,1,1,2008-06-30,976
5,1,1,2008-07-31,1024
5,1,1,2008-09-30,1073
5,1,1,2008-10-31,1093
5,1,1,2008-12-31,1145
5,1,1,2009-01-31,1168
5,1,1,2009-03-31,1250
5,1,1,2009-04-30,1282
5,1,1,2009-05-31,1319
5,1,1,2009-06-30,1363
5,1,1,2009-07-31,1399
5,1,1,2009-08-31,1415
5,1,1,2009-09-30,1446
5,1,1,2009-10-31,1476
5,1,1,2009-11-30,1493
5,1,1,2009-12-31,1513
5,1,1,2010-01-31,1526
5,1,1,2010-02-28,1543
5,1,1,2010-03-31,1566
5,1,1,2010-04-30,1580
5,1,1,2010-05-31,1605
5,1,1,2010-06-30,1624
5,1,1,2010-07-31,1646
5,1,1,2010-08-31,1675
5,1,1,2010-09-30,1702
5,1,1,2010-10-31,1737
5,1,1,2010-11-30,1751
5,1,1,2010-12-31,1783
5,1,1,2011-01-31,1794
5,1,1,2011-02-28,1828
5,1,1,2011-03-31,1853
5,1,1,2011-04-30,1879
5,1,1,2011-05-31,1901
5,1,1,2011-06-30,1922
5,1,1,2011-07-31,1944
5,1,1,2011-08-31,1969
5,1,1,2011-09-30,2002
5,1,1,2011-10-31,2038
5,1,1,2011-11-30,2070
5,1,1,2011-12-31,2108
5,1,1,2012-01-31,2150
5,2,1,2006-01-31,20
5,2,1,2006-03-31,36
5,2,1,2006-04-30,45
5,2,1,2006-06-30,72
5,2,1,2006-07-31,85
5,2,1,2006-09-30,124
5,2,1,2006-10-31,150
5,2,1,2006-12-31,201
5,2,1,2007-01-31,226
5,2,1,2007-03-31,298
5,2,1,2007-04-30,325
5,2,1,2007-06-30,378
5,2,1,2007-07-31,404
5,2,1,2007-09-30,452
5,2,1,2007-10-31,469
5,2,1,2007-12-31,497
5,2,1,2008-01-31,519
5,2,1,2008-03-31,555
5,2,1,2008-04-30,575
5,2,1,2008-06-30,625
5,2,1,2008-07-31,659
5,2,1,2008-09-30,683
5,2,1,2008-10-31,697
5,2,1,2008-12-31,716
5,2,1,2009-01-31,738
5,2,1,2009-03-31,797
5,2,1,2009-04-30,823
5,2,1,2009-05-31,840
5,2,1,2009-06-30,875
5,2,1,2009-07-31,904
5,2,1,2009-08-31,916
5,2,1,2009-09-30,927
5,2,1,2009-10-31,947
5,2,1,2009-11-30,958
5,2,1,2009-12-31,973
5,2,1,2010-01-31,986
5,2,1,2010-02-28,997
5,2,1,2010-03-31,1018
5,2,1,2010-04-30,1036
5,2,1,2010-05-31,1044
5,2,1,2010-06-30,1051
5,2,1,2010-07-31,1062
5,2,1,2010-08-31,1076
5,2,1,2010-09-30,1096
5,2,1,2010-10-31,1118
5,2,1,2010-11-30,1132
5,2,1,2010-12-31,1143
5,2,1,2011-01-31,1148
5,2,1,2011-02-28,1164
5,2,1,2011-03-31,1177
5,2,1,2011-04-30,1193
5,2,1,2011-05-31,1202
5,2,1,2011-06-30,1211
5,2,1,2011-07-31,1227
5,2,1,2011-08-31,1243
5,2,1,2011-09-30,1260
5,2,1,2011-10-31,1296
5,2,1,2011-11-30,1324
5,2,1,2011-12-31,1349
5,2,1,2012-01-31,1366
7,,1,2006-01-31,1
7,,1,2006-03-31,1
7,,1,2006-04-30,1
7,,1,2006-06-30,1
7,,1,2006-07-31,1
7,,1,2006-09-30,1
7,,1,2006-10-31,1
7,,1,2006-12-31,1
7,,1,2007-01-31,1
7,,1,2007-03-31,1
7,,1,2007-04-30,1
7,,1,2007-06-30,1
7,,1,2007-07-31,1
7,,1,2007-09-30,1
7,,1,2007-10-31,1
7,,1,2007-12-31,1
7,,1,2008-01-31,1
7,,1,2008-03-31,1
7,,1,2008-04-30,1
7,,1,2008-06-30,1
7,,1,2008-07-31,1
7,,1,2008-09-30,2
7,,1,2008-10-31,1
7,,1,2008-12-31,1
7,,1,2009-01-31,1
7,,1,2009-03-31,1
7,,1,2009-04-30,1
7,,1,2009-05-31,2
7,,1,2009-06-30,2
7,,1,2009-07-31,2
7,,1,2009-08-31,2
7,,1,2009-09-30,2
7,,1,2009-10-31,2
7,,1,2009-11-30,2
7,,1,2009-12-31,2
7,,1,2010-01-31,2
7,,1,2010-02-28,3
7,,1,2010-03-31,3
7,,1,2010-04-30,4
7,,1,2010-05-31,4
7,,1,2010-06-30,4
7,,1,2010-07-31,6
7,,1,2010-08-31,6
7,,1,2010-09-30,7
7,,1,2010-10-31,7
7,,1,2010-11-30,7
7,,1,2010-12-31,7
7,,1,2011-01-31,7
7,,1,2011-02-28,8
7,,1,2011-03-31,8
7,,1,2011-04-30,8
7,,1,2011-05-31,9
7,,1,2011-06-30,10
7,,1,2011-07-31,11
7,,1,2011-08-31,11
7,,1,2011-09-30,16
7,,1,2011-10-31,16
7,,1,2011-11-30,16
7,,1,2011-12-31,17
7,,1,2012-01-31,21
7,0,1,2006-07-31,3
7,0,1,2006-09-30,11
7,0,1,2006-10-31,11
7,0,1,2006-12-31,20
7,0,1,2007-01-31,20
7,0,1,2007-03-31,20
7,0,1,2007-04-30,20
7,0,1,2007-06-30,20
7,0,1,2007-07-31,20
7,0,1,2007-09-30,20
7,0,1,2007-10-31,20
7,0,1,2007-12-31,20
7,0,1,2008-01-31,20
7,0,1,2008-03-31,20
7,0,1,2008-04-30,20
7,0,1,2008-06-30,20
7,0,1,2008-07-31,20
7,0,1,2008-09-30,20
7,0,1,2008-10-31,20
7,0,1,2008-12-31,20
7,0,1,2009-01-31,20
7,0,1,2009-03-31,20
7,0,1,2009-04-30,20
7,0,1,2009-05-31,20
7,0,1,2009-06-30,20
7,0,1,2009-07-31,20
7,0,1,2009-08-31,20
7,0,1,2009-09-30,20
7,0,1,2009-10-31,20
7,0,1,2009-11-30,20
7,0,1,2009-12-31,20
7,0,1,2010-01-31,20
7,0,1,2010-02-28,20
7,0,1,2010-03-31,20
7,0,1,2010-04-30,20
7,0,1,2010-05-31,20
7,0,1,2010-06-30,20
7,0,1,2010-07-31,20
7,0,1,2010-08-31,20
7,0,1,2010-09-30,20
7,0,1,2010-10-31,20
7,0,1,2010-11-30,20
7,0,1,2010-12-31,20
7,0,1,2011-01-31,20
7,0,1,2011-02-28,20
7,0,1,2011-03-31,20
7,0,1,2011-04-30,20
7,0,1,2011-05-31,20
7,0,1,2011-06-30,20
7,0,1,2011-07-31,20
7,0,1,2011-08-31,20
7,0,1,2011-09-30,20
7,0,1,2011-10-31,21
7,0,1,2011-11-30,21
7,0,1,2011-12-31,21
7,0,1,2012-01-31,21
7,1,1,2006-01-31,418
7,1,1,2006-03-31,484
7,1,1,2006-04-30,510
7,1,1,2006-06-30,610
7,1,1,2006-07-31,649
7,1,1,2006-09-30,754
7,1,1,2006-10-31,807
7,1,1,2006-12-31,903
7,1,1,2007-01-31,979
7,1,1,2007-03-31,1113
7,1,1,2007-04-30,1196
7,1,1,2007-06-30,1351
7,1,1,2007-07-31,1421
7,1,1,2007-09-30,1542
7,1,1,2007-10-31,1594
7,1,1,2007-12-31,1715
7,1,1,2008-01-31,1812
7,1,1,2008-03-31,1982
7,1,1,2008-04-30,2057
7,1,1,2008-06-30,2225
7,1,1,2008-07-31,2322
7,1,1,2008-09-30,2456
7,1,1,2008-10-31,2507
7,1,1,2008-12-31,2625
7,1,1,2009-01-31,2704
7,1,1,2009-03-31,2880
7,1,1,2009-04-30,2948
7,1,1,2009-05-31,3022
7,1,1,2009-06-30,3091
7,1,1,2009-07-31,3182
7,1,1,2009-08-31,3249
7,1,1,2009-09-30,3340
7,1,1,2009-10-31,3420
7,1,1,2009-11-30,3487
7,1,1,2009-12-31,3544
7,1,1,2010-01-31,3593
7,1,1,2010-02-28,3659
7,1,1,2010-03-31,3754
7,1,1,2010-04-30,3833
7,1,1,2010-05-31,3898
7,1,1,2010-06-30,3967
7,1,1,2010-07-31,4030
7,1,1,2010-08-31,4078
7,1,1,2010-09-30,4137
7,1,1,2010-10-31,4185
7,1,1,2010-11-30,4218
7,1,1,2010-12-31,4248
7,1,1,2011-01-31,4275
7,1,1,2011-02-28,4337
7,1,1,2011-03-31,4396
7,1,1,2011-04-30,4456
7,1,1,2011-05-31,4530
7,1,1,2011-06-30,4600
7,1,1,2011-07-31,4650
7,1,1,2011-08-31,4688
7,1,1,2011-09-30,4736
7,1,1,2011-10-31,4779
7,1,1,2011-11-30,4838
7,1,1,2011-12-31,4879
7,1,1,2012-01-31,4922
7,2,1,2006-01-31,342
7,2,1,2006-03-31,384
7,2,1,2006-04-30,418
7,2,1,2006-06-30,484
7,2,1,2006-07-31,527
7,2,1,2006-09-30,604
7,2,1,2006-10-31,646
7,2,1,2006-12-31,712
7,2,1,2007-01-31,766
7,2,1,2007-03-31,856
7,2,1,2007-04-30,913
7,2,1,2007-06-30,1018
7,2,1,2007-07-31,1063
7,2,1,2007-09-30,1142
7,2,1,2007-10-31,1187
7,2,1,2007-12-31,1284
7,2,1,2008-01-31,1347
7,2,1,2008-03-31,1435
7,2,1,2008-04-30,1482
7,2,1,2008-06-30,1599
7,2,1,2008-07-31,1662
7,2,1,2008-09-30,1755
7,2,1,2008-10-31,1812
7,2,1,2008-12-31,1916
7,2,1,2009-01-31,1965
7,2,1,2009-03-31,2081
7,2,1,2009-04-30,2142
7,2,1,2009-05-31,2185
7,2,1,2009-06-30,2232
7,2,1,2009-07-31,2287
7,2,1,2009-08-31,2327
7,2,1,2009-09-30,2364
7,2,1,2009-10-31,2410
7,2,1,2009-11-30,2453
7,2,1,2009-12-31,2500
7,2,1,2010-01-31,2537
7,2,1,2010-02-28,2589
7,2,1,2010-03-31,2641
7,2,1,2010-04-30,2694
7,2,1,2010-05-31,2733
7,2,1,2010-06-30,2767
7,2,1,2010-07-31,2800
7,2,1,2010-08-31,2840
7,2,1,2010-09-30,2882
7,2,1,2010-10-31,2921
7,2,1,2010-11-30,2954
7,2,1,2010-12-31,2974
7,2,1,2011-01-31,3014
7,2,1,2011-02-28,3046
7,2,1,2011-03-31,3092
7,2,1,2011-04-30,3135
7,2,1,2011-05-31,3174
7,2,1,2011-06-30,3211
7,2,1,2011-07-31,3248
7,2,1,2011-08-31,3280
7,2,1,2011-09-30,3316
7,2,1,2011-10-31,3354
7,2,1,2011-11-30,3395
7,2,1,2011-12-31,3419
7,2,1,2012-01-31,3445
8,,,2009-08-31,0
8,,,2009-10-31,0
8,,1,2010-07-31,1
8,,1,2010-08-31,2
8,,1,2010-09-30,2
8,,1,2010-10-31,2
8,,1,2010-11-30,3
8,,1,2010-12-31,3
8,,1,2011-01-31,3
8,,1,2011-02-28,3
8,,1,2011-03-31,4
8,,1,2011-04-30,4
8,,1,2011-05-31,4
8,,1,2011-06-30,4
8,,1,2011-07-31,4
8,,1,2011-08-31,4
8,,1,2011-09-30,4
8,,1,2011-10-31,5
8,,1,2011-11-30,5
8,,1,2011-12-31,7
8,,1,2012-01-31,7
8,0,1,2010-09-30,1
8,0,1,2010-10-31,1
8,0,1,2010-11-30,1
8,0,1,2010-12-31,1
8,0,1,2011-01-31,1
8,0,1,2011-02-28,1
8,0,1,2011-03-31,1
8,0,1,2011-04-30,1
8,0,1,2011-05-31,1
8,0,1,2011-06-30,1
8,0,1,2011-07-31,1
8,0,1,2011-08-31,1
8,0,1,2011-09-30,1
8,0,1,2011-10-31,1
8,0,1,2011-11-30,1
8,0,1,2011-12-31,1
8,0,1,2012-01-31,1
8,1,1,2006-01-31,178
8,1,1,2006-03-31,235
8,1,1,2006-04-30,232
8,1,1,2006-06-30,294
8,1,1,2006-07-31,283
8,1,1,2006-09-30,325
8,1,1,2006-10-31,316
8,1,1,2006-12-31,361
8,1,1,2007-01-31,352
8,1,1,2007-03-31,428
8,1,1,2007-04-30,424
8,1,1,2007-06-30,483
8,1,1,2007-07-31,494
8,1,1,2007-09-30,552
8,1,1,2007-10-31,556
8,1,1,2007-12-31,593
8,1,1,2008-01-31,614
8,1,1,2008-03-31,660
8,1,1,2008-04-30,682
8,1,1,2008-06-30,719
8,1,1,2008-07-31,742
8,1,1,2008-09-30,799
8,1,1,2008-10-31,803
8,1,1,2008-12-31,855
8,1,1,2009-01-31,892
8,1,1,2009-03-31,946
8,1,1,2009-04-30,975
8,1,1,2009-05-31,1009
8,1,1,2009-06-30,1040
8,1,1,2009-07-31,1088
8,1,1,2009-08-31,1124
8,1,1,2009-09-30,1158
8,1,1,2009-10-31,1185
8,1,1,2009-11-30,1216
8,1,1,2009-12-31,1246
8,1,1,2010-01-31,1268
8,1,1,2010-02-28,1310
8,1,1,2010-03-31,1348
8,1,1,2010-04-30,1396
8,1,1,2010-05-31,1413
8,1,1,2010-06-30,1444
8,1,1,2010-07-31,1470
8,1,1,2010-08-31,1504
8,1,1,2010-09-30,1543
8,1,1,2010-10-31,1562
8,1,1,2010-11-30,1583
8,1,1,2010-12-31,1592
8,1,1,2011-01-31,1613
8,1,1,2011-02-28,1637
8,1,1,2011-03-31,1650
8,1,1,2011-04-30,1674
8,1,1,2011-05-31,1695
8,1,1,2011-06-30,1711
8,1,1,2011-07-31,1733
8,1,1,2011-08-31,1746
8,1,1,2011-09-30,1770
8,1,1,2011-10-31,1778
8,1,1,2011-11-30,1807
8,1,1,2011-12-31,1814
8,1,1,2012-01-31,1830
8,2,1,2006-01-31,123
8,2,1,2006-03-31,154
8,2,1,2006-04-30,143
8,2,1,2006-06-30,185
8,2,1,2006-07-31,175
8,2,1,2006-09-30,212
8,2,1,2006-10-31,201
8,2,1,2006-12-31,236
8,2,1,2007-01-31,226
8,2,1,2007-03-31,278
8,2,1,2007-04-30,272
8,2,1,2007-06-30,296
8,2,1,2007-07-31,305
8,2,1,2007-09-30,344
8,2,1,2007-10-31,343
8,2,1,2007-12-31,372
8,2,1,2008-01-31,387
8,2,1,2008-03-31,408
8,2,1,2008-04-30,424
8,2,1,2008-06-30,448
8,2,1,2008-07-31,465
8,2,1,2008-09-30,507
8,2,1,2008-10-31,511
8,2,1,2008-12-31,535
8,2,1,2009-01-31,555
8,2,1,2009-03-31,591
8,2,1,2009-04-30,612
8,2,1,2009-05-31,625
8,2,1,2009-06-30,661
8,2,1,2009-07-31,692
8,2,1,2009-08-31,710
8,2,1,2009-09-30,734
8,2,1,2009-10-31,757
8,2,1,2009-11-30,774
8,2,1,2009-12-31,794
8,2,1,2010-01-31,808
8,2,1,2010-02-28,822
8,2,1,2010-03-31,849
8,2,1,2010-04-30,878
8,2,1,2010-05-31,894
8,2,1,2010-06-30,906
8,2,1,2010-07-31,930
8,2,1,2010-08-31,951
8,2,1,2010-09-30,980
8,2,1,2010-10-31,1003
8,2,1,2010-11-30,1017
8,2,1,2010-12-31,1029
8,2,1,2011-01-31,1043
8,2,1,2011-02-28,1061
8,2,1,2011-03-31,1079
8,2,1,2011-04-30,1096
8,2,1,2011-05-31,1107
8,2,1,2011-06-30,1120
8,2,1,2011-07-31,1136
8,2,1,2011-08-31,1152
8,2,1,2011-09-30,1164
8,2,1,2011-10-31,1174
8,2,1,2011-11-30,1188
8,2,1,2011-12-31,1205
8,2,1,2012-01-31,1213
9,,,2006-07-31,0
9,,,2009-10-31,0
9,,1,2009-01-31,1
9,,1,2010-10-31,1
9,,1,2010-11-30,1
9,,1,2010-12-31,1
9,,1,2011-01-31,2
9,,1,2011-02-28,2
9,,1,2011-03-31,5
9,,1,2011-04-30,6
9,,1,2011-05-31,6
9,,1,2011-06-30,6
9,,1,2011-07-31,7
9,,1,2011-08-31,7
9,,1,2011-09-30,8
9,,1,2011-10-31,10
9,,1,2011-11-30,10
9,,1,2011-12-31,11
9,,1,2012-01-31,12
9,0,1,2011-06-30,1
9,0,1,2011-07-31,1
9,0,1,2011-08-31,1
9,0,1,2011-09-30,1
9,0,1,2011-10-31,1
9,0,1,2011-11-30,1
9,0,1,2011-12-31,1
9,0,1,2012-01-31,1
9,1,1,2006-01-31,517
9,1,1,2006-03-31,594
9,1,1,2006-04-30,630
9,1,1,2006-06-30,741
9,1,1,2006-07-31,785
9,1,1,2006-09-30,883
9,1,1,2006-10-31,917
9,1,1,2006-12-31,992
9,1,1,2007-01-31,1046
9,1,1,2007-03-31,1151
9,1,1,2007-04-30,1222
9,1,1,2007-06-30,1356
9,1,1,2007-07-31,1428
9,1,1,2007-09-30,1531
9,1,1,2007-10-31,1619
9,1,1,2007-12-31,1740
9,1,1,2008-01-31,1810
9,1,1,2008-03-31,1917
9,1,1,2008-04-30,1962
9,1,1,2008-06-30,2052
9,1,1,2008-07-31,2106
9,1,1,2008-09-30,2186
9,1,1,2008-10-31,2244
9,1,1,2008-12-31,2351
9,1,1,2009-01-31,2416
9,1,1,2009-03-31,2522
9,1,1,2009-04-30,2574
9,1,1,2009-05-31,2610
9,1,1,2009-06-30,2674
9,1,1,2009-07-31,2730
9,1,1,2009-08-31,2775
9,1,1,2009-09-30,2837
9,1,1,2009-10-31,2890
9,1,1,2009-11-30,2951
9,1,1,2009-12-31,3003
9,1,1,2010-01-31,3039
9,1,1,2010-02-28,3068
9,1,1,2010-03-31,3122
9,1,1,2010-04-30,3187
9,1,1,2010-05-31,3222
9,1,1,2010-06-30,3264
9,1,1,2010-07-31,3311
9,1,1,2010-08-31,3356
9,1,1,2010-09-30,3389
9,1,1,2010-10-31,3438
9,1,1,2010-11-30,3461
9,1,1,2010-12-31,3476
9,1,1,2011-01-31,3514
9,1,1,2011-02-28,3550
9,1,1,2011-03-31,3602
9,1,1,2011-04-30,3642
9,1,1,2011-05-31,3689
9,1,1,2011-06-30,3728
9,1,1,2011-07-31,3763
9,1,1,2011-08-31,3798
9,1,1,2011-09-30,3836
9,1,1,2011-10-31,3885
9,1,1,2011-11-30,3919
9,1,1,2011-12-31,3953
9,1,1,2012-01-31,3990
9,2,1,2006-01-31,297
9,2,1,2006-03-31,335
9,2,1,2006-04-30,351
9,2,1,2006-06-30,420
9,2,1,2006-07-31,459
9,2,1,2006-09-30,524
9,2,1,2006-10-31,543
9,2,1,2006-12-31,597
9,2,1,2007-01-31,630
9,2,1,2007-03-31,683
9,2,1,2007-04-30,727
9,2,1,2007-06-30,796
9,2,1,2007-07-31,834
9,2,1,2007-09-30,897
9,2,1,2007-10-31,940
9,2,1,2007-12-31,1017
9,2,1,2008-01-31,1052
9,2,1,2008-03-31,1106
9,2,1,2008-04-30,1138
9,2,1,2008-06-30,1192
9,2,1,2008-07-31,1235
9,2,1,2008-09-30,1285
9,2,1,2008-10-31,1318
9,2,1,2008-12-31,1372
9,2,1,2009-01-31,1395
9,2,1,2009-03-31,1476
9,2,1,2009-04-30,1500
9,2,1,2009-05-31,1516
9,2,1,2009-06-30,1556
9,2,1,2009-07-31,1591
9,2,1,2009-08-31,1631
9,2,1,2009-09-30,1665
9,2,1,2009-10-31,1697
9,2,1,2009-11-30,1736
9,2,1,2009-12-31,1773
9,2,1,2010-01-31,1809
9,2,1,2010-02-28,1819
9,2,1,2010-03-31,1850
9,2,1,2010-04-30,1869
9,2,1,2010-05-31,1893
9,2,1,2010-06-30,1923
9,2,1,2010-07-31,1951
9,2,1,2010-08-31,1990
9,2,1,2010-09-30,2008
9,2,1,2010-10-31,2030
9,2,1,2010-11-30,2046
9,2,1,2010-12-31,2060
9,2,1,2011-01-31,2089
9,2,1,2011-02-28,2111
9,2,1,2011-03-31,2142
9,2,1,2011-04-30,2155
9,2,1,2011-05-31,2190
9,2,1,2011-06-30,2218
9,2,1,2011-07-31,2244
9,2,1,2011-08-31,2278
9,2,1,2011-09-30,2309
9,2,1,2011-10-31,2336
9,2,1,2011-11-30,2364
9,2,1,2011-12-31,2392
9,2,1,2012-01-31,2418
10,,,2006-01-31,0
10,,,2006-04-30,0
10,,,2006-07-31,0
10,,,2006-10-31,0
10,,,2007-01-31,0
10,,,2007-04-30,0
10,,,2008-01-31,0
10,,,2008-06-30,0
10,,,2008-07-31,0
10,,,2009-05-31,0
10,,1,2010-07-31,1
10,,1,2010-08-31,1
10,,1,2010-09-30,1
10,,1,2010-10-31,1
10,,1,2010-11-30,1
10,,1,2010-12-31,1
10,,1,2011-01-31,1
10,,1,2011-02-28,1
10,,1,2011-03-31,1
10,,1,2011-04-30,1
10,,1,2011-05-31,1
10,,1,2011-06-30,1
10,,1,2011-07-31,1
10,,1,2011-08-31,1
10,,1,2011-09-30,1
10,,1,2011-10-31,1
10,,1,2011-11-30,1
10,,1,2011-12-31,1
10,,1,2012-01-31,5
10,1,1,2006-01-31,431
10,1,1,2006-03-31,483
10,1,1,2006-04-30,518
10,1,1,2006-06-30,585
10,1,1,2006-07-31,619
10,1,1,2006-09-30,696
10,1,1,2006-10-31,730
10,1,1,2006-12-31,779
10,1,1,2007-01-31,811
10,1,1,2007-03-31,862
10,1,1,2007-04-30,887
10,1,1,2007-06-30,947
10,1,1,2007-07-31,980
10,1,1,2007-09-30,1038
10,1,1,2007-10-31,1070
10,1,1,2007-12-31,1117
10,1,1,2008-01-31,1150
10,1,1,2008-03-31,1217
10,1,1,2008-04-30,1242
10,1,1,2008-06-30,1302
10,1,1,2008-07-31,1330
10,1,1,2008-09-30,1396
10,1,1,2008-10-31,1430
10,1,1,2008-12-31,1476
10,1,1,2009-01-31,1498
10,1,1,2009-03-31,1538
10,1,1,2009-04-30,1577
10,1,1,2009-05-31,1601
10,1,1,2009-06-30,1628
10,1,1,2009-07-31,1660
10,1,1,2009-08-31,1698
10,1,1,2009-09-30,1743
10,1,1,2009-10-31,1764
10,1,1,2009-11-30,1803
10,1,1,2009-12-31,1821
10,1,1,2010-01-31,1842
10,1,1,2010-02-28,1866
10,1,1,2010-03-31,1886
10,1,1,2010-04-30,1915
10,1,1,2010-05-31,1948
10,1,1,2010-06-30,1972
10,1,1,2010-07-31,1989
10,1,1,2010-08-31,2009
10,1,1,2010-09-30,2030
10,1,1,2010-10-31,2055
10,1,1,2010-11-30,2068
10,1,1,2010-12-31,2088
10,1,1,2011-01-31,2109
10,1,1,2011-02-28,2139
10,1,1,2011-03-31,2158
10,1,1,2011-04-30,2182
10,1,1,2011-05-31,2215
10,1,1,2011-06-30,2234
10,1,1,2011-07-31,2259
10,1,1,2011-08-31,2278
10,1,1,2011-09-30,2305
10,1,1,2011-10-31,2321
10,1,1,2011-11-30,2348
10,1,1,2011-12-31,2379
10,1,1,2012-01-31,2414
10,2,1,2006-01-31,269
10,2,1,2006-03-31,301
10,2,1,2006-04-30,312
10,2,1,2006-06-30,357
10,2,1,2006-07-31,383
10,2,1,2006-09-30,420
10,2,1,2006-10-31,434
10,2,1,2006-12-31,471
10,2,1,2007-01-31,504
10,2,1,2007-03-31,527
10,2,1,2007-04-30,537
10,2,1,2007-06-30,571
10,2,1,2007-07-31,598
10,2,1,2007-09-30,628
10,2,1,2007-10-31,651
10,2,1,2007-12-31,685
10,2,1,2008-01-31,702
10,2,1,2008-03-31,737
10,2,1,2008-04-30,762
10,2,1,2008-06-30,800
10,2,1,2008-07-31,819
10,2,1,2008-09-30,860
10,2,1,2008-10-31,880
10,2,1,2008-12-31,922
10,2,1,2009-01-31,938
10,2,1,2009-03-31,970
10,2,1,2009-04-30,995
10,2,1,2009-05-31,1018
10,2,1,2009-06-30,1027
10,2,1,2009-07-31,1060
10,2,1,2009-08-31,1083
10,2,1,2009-09-30,1101
10,2,1,2009-10-31,1113
10,2,1,2009-11-30,1134
10,2,1,2009-12-31,1154
10,2,1,2010-01-31,1171
10,2,1,2010-02-28,1191
10,2,1,2010-03-31,1213
10,2,1,2010-04-30,1230
10,2,1,2010-05-31,1243
10,2,1,2010-06-30,1256
10,2,1,2010-07-31,1273
10,2,1,2010-08-31,1291
10,2,1,2010-09-30,1311
10,2,1,2010-10-31,1324
10,2,1,2010-11-30,1343
10,2,1,2010-12-31,1352
10,2,1,2011-01-31,1369
10,2,1,2011-02-28,1388
10,2,1,2011-03-31,1404
10,2,1,2011-04-30,1421
10,2,1,2011-05-31,1446
10,2,1,2011-06-30,1461
10,2,1,2011-07-31,1475
10,2,1,2011-08-31,1496
10,2,1,2011-09-30,1518
10,2,1,2011-10-31,1537
10,2,1,2011-11-30,1550
10,2,1,2011-12-31,1571
10,2,1,2012-01-31,1594
