sex,hiv,status,day,population
,,1,2006-04-30,0
,,1,2006-07-31,0
,,1,2006-10-31,0
,,1,2007-01-31,0
,,1,2007-04-30,0
,,1,2007-06-30,0
,,1,2007-07-31,0
,,1,2007-10-31,0
,,1,2007-12-31,0
,,1,2008-01-31,0
,,1,2008-03-31,0
,,1,2008-04-30,0
,,1,2008-06-30,0
,,1,2008-07-31,0
,,1,2008-10-31,0
,,1,2008-12-31,0
,,1,2009-01-31,0
,,1,2009-03-31,0
,,1,2009-04-30,0
,,1,2009-05-31,0
,,1,2009-10-31,0
,,2,2006-04-30,0
,,2,2006-07-31,0
,,2,2006-10-31,0
,,2,2007-01-31,0
,,2,2007-04-30,0
,,2,2007-06-30,0
,,2,2007-07-31,0
,,2,2007-09-30,0
,,2,2008-01-31,0
,,2,2008-03-31,0
,,2,2008-06-30,0
,,2,2008-07-31,0
,,2,2008-10-31,0
,,2,2008-12-31,0
,,2,2009-01-31,0
,,2,2009-03-31,0
,,2,2009-04-30,0
,,3,2006-01-31,0
,,3,2006-04-30,0
,,3,2006-07-31,0
,,3,2006-10-31,0
,,3,2007-01-31,0
,,3,2007-04-30,0
,,3,2007-06-30,0
,,3,2007-07-31,0
,,3,2007-10-31,0
,,3,2007-12-31,0
,,3,2008-01-31,0
,,3,2008-03-31,0
,,3,2008-04-30,0
,,3,2008-06-30,0
,,3,2008-07-31,0
,,3,2008-10-31,0
,,3,2008-12-31,0
,,3,2009-01-31,0
,,3,2009-03-31,0
,,3,2009-04-30,0
,,3,2009-05-31,0
,,3,2009-08-31,0
,,4,2007-01-31,0
,,4,2007-04-30,0
,,4,2007-06-30,0
,,4,2007-07-31,0
,,4,2007-10-31,0
,,4,2007-12-31,0
,,4,2008-01-31,0
,,4,2008-03-31,0
,,4,2008-04-30,0
,,4,2008-06-30,0
,,4,2008-07-31,0
,,4,2008-10-31,0
,,4,2008-12-31,0
,,4,2009-01-31,0
,,4,2009-03-31,0
,,4,2009-04-30,0
,,4,2009-05-31,0
,,4,2009-06-30,0
,,4,2009-07-31,0
,,5,2006-01-31,0
,,5,2006-04-30,0
,,5,2006-10-31,0
,,5,2007-01-31,0
,,5,2007-04-30,0
,,5,2007-06-30,0
,,5,2007-07-31,0
,,5,2007-10-31,0
,,5,2007-12-31,0
,,5,2008-01-31,0
,,5,2008-03-31,0
,,5,2008-04-30,0
,,5,2008-06-30,0
,,5,2008-07-31,0
,,5,2008-09-30,0
,,5,2008-10-31,0
,,5,2008-12-31,0
,,5,2009-01-31,0
,,5,2009-03-31,0
,,5,2009-04-30,0
,,5,2009-05-31,0
,,5,2009-06-30,0
,,5,2009-07-31,0
,,5,2009-08-31,0
,,5,2009-10-31,0
,,6,2006-01-31,0
,,6,2006-04-30,0
,,6,2006-07-31,0
,,6,2006-10-31,0
,,6,2007-01-31,0
,,6,2007-04-30,0
,,6,2007-06-30,0
,,6,2007-07-31,0
,,6,2007-10-31,0
,,6,2007-12-31,0
,,6,2008-01-31,0
,,6,2008-03-31,0
,,6,2008-04-30,0
,,6,2008-06-30,0
,,6,2008-07-31,0
,,6,2008-10-31,0
,,6,2008-12-31,0
,,6,2009-01-31,0
,,6,2009-03-31,0
,,6,2009-04-30,0
,,6,2009-05-31,0
,,6,2009-06-30,0
,,6,2009-07-31,0
,,6,2009-08-31,0
,,6,2009-09-30,0
,,7,2006-01-31,0
,,7,2006-04-30,0
,,7,2006-07-31,0
,,7,2006-10-31,0
,,7,2007-01-31,0
,,7,2007-04-30,0
,,7,2007-06-30,0
,,7,2007-07-31,0
,,7,2007-09-30,0
,,7,2007-10-31,0
,,7,2007-12-31,0
,,7,2008-01-31,0
,,7,2008-03-31,0
,,7,2008-04-30,0
,,7,2008-06-30,0
,,7,2008-07-31,0
,,7,2008-09-30,0
,,7,2008-10-31,0
,,7,2008-12-31,0
,,7,2009-01-31,0
,,7,2009-03-31,0
,,7,2009-04-30,0
,,7,2009-05-31,0
,,7,2009-06-30,0
,,7,2009-07-31,0
,,7,2009-08-31,0
,,7,2009-09-30,0
,,7,2009-10-31,0
,,8,2006-01-31,0
,,8,2006-04-30,0
,,8,2006-07-31,0
,,8,2006-10-31,0
,,8,2007-01-31,0
,,8,2007-04-30,0
,,8,2007-06-30,0
,,8,2007-07-31,0
,,8,2007-10-31,0
,,8,2007-12-31,0
,,8,2008-01-31,0
,,8,2008-03-31,0
,,8,2008-04-30,0
,,8,2008-06-30,0
,,8,2008-07-31,0
,,8,2008-09-30,0
,,8,2008-10-31,0
,,8,2008-12-31,0
,,8,2009-01-31,0
,,8,2009-03-31,0
,,8,2009-04-30,0
,,8,2009-05-31,0
,,8,2009-06-30,0
,,8,2009-07-31,0
,,8,2009-08-31,0
,,8,2009-09-30,0
,,8,2009-10-31,0
,,9,2006-07-31,0
,,9,2006-10-31,0
,,9,2007-01-31,0
,,9,2007-04-30,0
,,9,2007-06-30,0
,,9,2007-07-31,0
,,9,2007-10-31,0
,,9,2007-12-31,0
,,9,2008-01-31,0
,,9,2008-03-31,0
,,9,2008-04-30,0
,,9,2008-06-30,0
,,9,2008-07-31,0
,,9,2008-10-31,0
,,9,2008-12-31,0
,,9,2009-01-31,0
,,9,2009-03-31,0
,,9,2009-04-30,0
,,9,2009-05-31,0
,,9,2009-06-30,0
,,9,2009-09-30,0
,,9,2009-10-31,0
,,9,2009-11-30,0
,,10,2006-01-31,0
,,10,2006-04-30,0
,,10,2006-07-31,0
,,10,2006-10-31,0
,,10,2007-01-31,0
,,10,2007-04-30,0
,,10,2007-06-30,0
,,10,2007-07-31,0
,,10,2007-10-31,0
,,10,2007-12-31,0
,,10,2008-01-31,0
,,10,2008-03-31,0
,,10,2008-04-30,0
,,10,2008-06-30,0
,,10,2008-07-31,0
,,10,2008-09-30,0
,,10,2008-10-31,0
,,10,2008-12-31,0
,,10,2009-01-31,0
,,10,2009-03-31,0
,,10,2009-04-30,0
,,10,2009-05-31,0
,,10,2009-06-30,0
,,10,2009-07-31,0
,,10,2009-08-31,0
,,10,2009-09-30,0
,,10,2009-10-31,0
,,10,2009-11-30,0
,,10,2009-12-31,0
,1,2,2009-09-30,2
,1,2,2009-11-30,1
,1,2,2009-12-31,1
,1,2,2010-05-31,1
,1,2,2010-06-30,1
,1,2,2010-07-31,1
,1,2,2010-09-30,1
,1,2,2010-10-31,1
,1,2,2010-11-30,3
,1,2,2010-12-31,4
,1,2,2011-01-31,3
,1,2,2011-03-31,2
,1,2,2011-05-31,1
,1,2,2011-06-30,2
,1,2,2011-07-31,1
,1,2,2011-08-31,2
,1,2,2011-09-30,1
,1,2,2011-10-31,5
,1,2,2011-11-30,4
,1,2,2011-12-31,3
,1,2,2012-01-31,5
,1,3,2007-07-31,1
,1,3,2007-10-31,1
,1,3,2008-03-31,1
,1,3,2008-04-30,1
,1,3,2008-06-30,2
,1,3,2008-07-31,3
,1,3,2008-09-30,1
,1,3,2009-01-31,2
,1,3,2009-06-30,1
,1,3,2009-07-31,3
,1,3,2009-08-31,2
,1,3,2009-09-30,1
,1,3,2009-11-30,1
,1,3,2009-12-31,1
,1,3,2010-01-31,1
,1,3,2010-02-28,2
,1,3,2010-03-31,1
,1,3,2010-04-30,10
,1,3,2010-05-31,2
,1,3,2010-06-30,5
,1,3,2010-07-31,6
,1,3,2010-08-31,3
,1,3,2010-09-30,3
,1,3,2010-10-31,10
,1,3,2010-11-30,5
,1,3,2010-12-31,1
,1,3,2011-01-31,4
,1,3,2011-02-28,5
,1,3,2011-03-31,9
,1,3,2011-04-30,7
,1,3,2011-05-31,9
,1,3,2011-06-30,5
,1,3,2011-07-31,5
,1,3,2011-08-31,5
,1,3,2011-09-30,9
,1,3,2011-10-31,10
,1,3,2011-11-30,17
,1,3,2011-12-31,30
,1,3,2012-01-31,23
,1,4,2009-10-31,1
,1,4,2009-11-30,1
,1,4,2009-12-31,1
,1,4,2010-01-31,2
,1,4,2010-02-28,2
,1,4,2010-07-31,2
,1,4,2010-08-31,3
,1,4,2010-09-30,1
,1,4,2010-10-31,2
,1,4,2010-11-30,1
,1,4,2010-12-31,2
,1,4,2011-01-31,6
,1,4,2011-02-28,8
,1,4,2011-03-31,5
,1,4,2011-04-30,5
,1,4,2011-05-31,4
,1,4,2011-06-30,4
,1,4,2011-07-31,5
,1,4,2011-08-31,5
,1,4,2011-09-30,1
,1,4,2011-10-31,2
,1,4,2011-11-30,3
,1,4,2011-12-31,1
,1,4,2012-01-31,6
,1,5,2008-01-31,1
,1,5,2008-03-31,1
,1,5,2008-06-30,1
,1,5,2008-07-31,1
,1,5,2008-09-30,2
,1,5,2008-10-31,2
,1,5,2008-12-31,2
,1,5,2009-01-31,3
,1,5,2009-03-31,4
,1,5,2009-04-30,2
,1,5,2009-05-31,3
,1,5,2009-06-30,3
,1,5,2009-08-31,1
,1,5,2009-09-30,2
,1,5,2009-10-31,6
,1,5,2009-11-30,6
,1,5,2009-12-31,6
,1,5,2010-01-31,5
,1,5,2010-02-28,6
,1,5,2010-03-31,5
,1,5,2010-04-30,1
,1,5,2010-05-31,3
,1,5,2010-06-30,6
,1,5,2010-07-31,7
,1,5,2010-08-31,7
,1,5,2010-09-30,11
,1,5,2010-10-31,9
,1,5,2010-11-30,9
,1,5,2010-12-31,16
,1,5,2011-01-31,14
,1,5,2011-02-28,13
,1,5,2011-03-31,13
,1,5,2011-04-30,11
,1,5,2011-05-31,21
,1,5,2011-06-30,20
,1,5,2011-07-31,26
,1,5,2011-08-31,28
,1,5,2011-09-30,31
,1,5,2011-10-31,29
,1,5,2011-11-30,24
,1,5,2011-12-31,25
,1,5,2012-01-31,26
,1,6,2009-10-31,1
,1,6,2009-11-30,1
,1,6,2009-12-31,1
,1,6,2010-01-31,1
,1,6,2010-03-31,1
,1,6,2010-04-30,1
,1,6,2010-05-31,1
,1,6,2010-06-30,2
,1,6,2010-07-31,1
,1,6,2010-08-31,1
,1,6,2010-09-30,3
,1,6,2010-10-31,3
,1,6,2010-11-30,4
,1,6,2010-12-31,6
,1,6,2011-01-31,6
,1,6,2011-02-28,6
,1,6,2011-03-31,6
,1,6,2011-04-30,6
,1,6,2011-05-31,7
,1,6,2011-06-30,7
,1,6,2011-07-31,6
,1,6,2011-08-31,7
,1,6,2011-09-30,12
,1,6,2011-10-31,12
,1,6,2011-11-30,16
,1,6,2011-12-31,21
,1,6,2012-01-31,19
,1,7,2006-12-31,1
,1,7,2007-03-31,1
,1,7,2007-09-30,2
,1,7,2007-10-31,1
,1,7,2007-12-31,3
,1,7,2008-01-31,1
,1,7,2008-03-31,1
,1,7,2008-04-30,3
,1,7,2008-06-30,2
,1,7,2008-07-31,4
,1,7,2008-09-30,6
,1,7,2008-10-31,6
,1,7,2008-12-31,5
,1,7,2009-01-31,2
,1,7,2009-03-31,1
,1,7,2009-04-30,2
,1,7,2009-05-31,3
,1,7,2009-06-30,3
,1,7,2009-07-31,3
,1,7,2009-08-31,6
,1,7,2009-09-30,7
,1,7,2009-10-31,5
,1,7,2009-11-30,4
,1,7,2009-12-31,3
,1,7,2010-01-31,5
,1,7,2010-02-28,4
,1,7,2010-03-31,5
,1,7,2010-04-30,8
,1,7,2010-05-31,15
,1,7,2010-06-30,12
,1,7,2010-07-31,14
,1,7,2010-08-31,19
,1,7,2010-09-30,18
,1,7,2010-10-31,17
,1,7,2010-11-30,22
,1,7,2010-12-31,17
,1,7,2011-01-31,13
,1,7,2011-02-28,16
,1,7,2011-03-31,17
,1,7,2011-04-30,23
,1,7,2011-05-31,20
,1,7,2011-06-30,27
,1,7,2011-07-31,22
,1,7,2011-08-31,22
,1,7,2011-09-30,19
,1,7,2011-10-31,23
,1,7,2011-11-30,27
,1,7,2011-12-31,36
,1,7,2012-01-31,59
,1,8,2009-12-31,1
,1,8,2010-01-31,1
,1,8,2010-02-28,2
,1,8,2010-03-31,3
,1,8,2010-04-30,3
,1,8,2010-05-31,3
,1,8,2010-06-30,3
,1,8,2010-07-31,3
,1,8,2010-08-31,3
,1,8,2010-09-30,4
,1,8,2010-10-31,4
,1,8,2010-11-30,5
,1,8,2010-12-31,5
,1,8,2011-01-31,5
,1,8,2011-02-28,6
,1,8,2011-03-31,9
,1,8,2011-04-30,11
,1,8,2011-05-31,11
,1,8,2011-06-30,12
,1,8,2011-07-31,14
,1,8,2011-08-31,14
,1,8,2011-09-30,15
,1,8,2011-10-31,15
,1,8,2011-11-30,15
,1,8,2011-12-31,16
,1,8,2012-01-31,16
,1,9,2008-03-31,1
,1,9,2008-04-30,1
,1,9,2008-06-30,2
,1,9,2008-07-31,2
,1,9,2008-09-30,3
,1,9,2008-10-31,2
,1,9,2008-12-31,3
,1,9,2009-01-31,5
,1,9,2009-03-31,5
,1,9,2009-04-30,5
,1,9,2009-05-31,7
,1,9,2009-06-30,7
,1,9,2009-07-31,7
,1,9,2009-08-31,7
,1,9,2009-09-30,7
,1,9,2009-10-31,7
,1,9,2009-11-30,8
,1,9,2009-12-31,9
,1,9,2010-01-31,10
,1,9,2010-02-28,10
,1,9,2010-03-31,11
,1,9,2010-04-30,12
,1,9,2010-05-31,13
,1,9,2010-06-30,14
,1,9,2010-07-31,14
,1,9,2010-08-31,14
,1,9,2010-09-30,14
,1,9,2010-10-31,15
,1,9,2010-11-30,15
,1,9,2010-12-31,16
,1,9,2011-01-31,17
,1,9,2011-02-28,17
,1,9,2011-03-31,17
,1,9,2011-04-30,17
,1,9,2011-05-31,17
,1,9,2011-06-30,17
,1,9,2011-07-31,18
,1,9,2011-08-31,19
,1,9,2011-09-30,19
,1,9,2011-10-31,20
,1,9,2011-11-30,21
,1,9,2011-12-31,21
,1,9,2012-01-31,24
,1,10,2006-01-31,1
,1,10,2006-03-31,1
,1,10,2006-04-30,1
,1,10,2006-06-30,1
,1,10,2006-07-31,1
,1,10,2006-09-30,1
,1,10,2006-10-31,1
,1,10,2006-12-31,1
,1,10,2007-01-31,1
,1,10,2007-03-31,1
,1,10,2007-04-30,1
,1,10,2007-06-30,1
,1,10,2007-07-31,1
,1,10,2007-09-30,2
,1,10,2007-10-31,1
,1,10,2007-12-31,1
,1,10,2008-01-31,2
,1,10,2008-03-31,2
,1,10,2008-04-30,2
,1,10,2008-06-30,2
,1,10,2008-07-31,2
,1,10,2008-09-30,5
,1,10,2008-10-31,3
,1,10,2008-12-31,5
,1,10,2009-01-31,5
,1,10,2009-03-31,7
,1,10,2009-04-30,8
,1,10,2009-05-31,9
,1,10,2009-06-30,9
,1,10,2009-07-31,13
,1,10,2009-08-31,12
,1,10,2009-09-30,11
,1,10,2009-10-31,11
,1,10,2009-11-30,12
,1,10,2009-12-31,12
,1,10,2010-01-31,14
,1,10,2010-02-28,15
,1,10,2010-03-31,17
,1,10,2010-04-30,19
,1,10,2010-05-31,19
,1,10,2010-06-30,19
,1,10,2010-07-31,20
,1,10,2010-08-31,21
,1,10,2010-09-30,20
,1,10,2010-10-31,24
,1,10,2010-11-30,26
,1,10,2010-12-31,26
,1,10,2011-01-31,29
,1,10,2011-02-28,31
,1,10,2011-03-31,33
,1,10,2011-04-30,37
,1,10,2011-05-31,36
,1,10,2011-06-30,38
,1,10,2011-07-31,40
,1,10,2011-08-31,42
,1,10,2011-09-30,46
,1,10,2011-10-31,48
,1,10,2011-11-30,55
,1,10,2011-12-31,60
,1,10,2012-01-31,60
0,1,2,2007-07-31,1
0,1,2,2011-10-31,1
0,1,3,2006-07-31,3
0,1,3,2006-09-30,5
0,1,3,2006-12-31,2
0,1,3,2007-04-30,1
0,1,3,2007-09-30,1
0,1,3,2007-10-31,1
0,1,3,2008-03-31,1
0,1,3,2009-01-31,1
0,1,3,2009-06-30,1
0,1,3,2009-12-31,1
0,1,3,2010-01-31,1
0,1,3,2010-04-30,2
0,1,3,2010-07-31,1
0,1,3,2010-08-31,1
0,1,3,2010-09-30,1
0,1,3,2011-06-30,1
0,1,3,2011-10-31,2
0,1,3,2011-11-30,2
0,1,4,2007-09-30,1
0,1,4,2007-10-31,1
0,1,4,2007-12-31,1
0,1,4,2008-01-31,1
0,1,4,2009-01-31,1
0,1,4,2011-12-31,1
0,1,4,2012-01-31,1
0,1,5,2007-12-31,1
0,1,5,2008-01-31,1
0,1,5,2008-03-31,1
0,1,5,2009-03-31,1
0,1,5,2009-04-30,1
0,1,5,2009-05-31,1
0,1,5,2009-06-30,1
0,1,5,2009-07-31,1
0,1,5,2009-08-31,1
0,1,5,2009-09-30,1
0,1,5,2009-12-31,2
0,1,5,2010-01-31,1
0,1,5,2010-02-28,1
0,1,5,2010-05-31,1
0,1,5,2010-07-31,1
0,1,5,2010-08-31,1
0,1,5,2010-09-30,1
0,1,5,2010-10-31,1
0,1,5,2010-11-30,1
0,1,5,2012-01-31,1
0,1,6,2008-12-31,1
0,1,6,2011-11-30,1
0,1,7,2006-06-30,1
0,1,7,2006-07-31,1
0,1,7,2006-09-30,7
0,1,7,2006-10-31,12
0,1,7,2006-12-31,19
0,1,7,2007-01-31,19
0,1,7,2007-03-31,12
0,1,7,2007-04-30,11
0,1,7,2007-06-30,6
0,1,7,2007-07-31,3
0,1,7,2007-09-30,2
0,1,7,2007-10-31,2
0,1,7,2007-12-31,1
0,1,7,2008-01-31,1
0,1,7,2008-04-30,1
0,1,7,2008-06-30,1
0,1,7,2008-07-31,1
0,1,7,2008-12-31,1
0,1,7,2009-01-31,1
0,1,7,2009-03-31,1
0,1,7,2009-04-30,1
0,1,7,2010-01-31,1
0,1,7,2010-02-28,1
0,1,7,2010-03-31,2
0,1,7,2010-04-30,2
0,1,7,2010-05-31,3
0,1,7,2010-06-30,3
0,1,7,2010-07-31,2
0,1,7,2010-08-31,3
0,1,7,2010-09-30,4
0,1,7,2010-10-31,3
0,1,7,2010-11-30,3
0,1,7,2010-12-31,3
0,1,7,2011-01-31,2
0,1,7,2011-02-28,1
0,1,7,2011-07-31,1
0,1,7,2011-08-31,1
0,1,7,2011-09-30,1
0,1,7,2011-10-31,1
0,1,7,2011-11-30,2
0,1,7,2011-12-31,4
0,1,7,2012-01-31,3
0,1,8,2008-03-31,1
0,1,8,2008-04-30,1
0,1,8,2008-06-30,1
0,1,8,2008-07-31,1
0,1,8,2008-09-30,1
0,1,8,2008-10-31,1
0,1,8,2008-12-31,1
0,1,8,2009-01-31,1
0,1,8,2009-03-31,2
0,1,8,2009-04-30,2
0,1,8,2009-05-31,2
0,1,8,2009-06-30,2
0,1,8,2009-07-31,2
0,1,8,2009-08-31,2
0,1,8,2009-09-30,2
0,1,8,2009-10-31,2
0,1,8,2009-11-30,2
0,1,8,2009-12-31,3
0,1,8,2010-01-31,2
0,1,8,2010-02-28,2
0,1,8,2010-03-31,2
0,1,8,2010-04-30,2
0,1,8,2010-05-31,2
0,1,8,2010-06-30,2
0,1,8,2010-07-31,2
0,1,8,2010-08-31,2
0,1,8,2010-09-30,2
0,1,8,2010-10-31,2
0,1,8,2010-11-30,2
0,1,8,2010-12-31,2
0,1,8,2011-01-31,2
0,1,8,2011-02-28,2
0,1,8,2011-03-31,2
0,1,8,2011-04-30,2
0,1,8,2011-05-31,2
0,1,8,2011-06-30,2
0,1,8,2011-07-31,2
0,1,8,2011-08-31,2
0,1,8,2011-09-30,2
0,1,8,2011-10-31,2
0,1,8,2011-11-30,2
0,1,8,2011-12-31,2
0,1,8,2012-01-31,2
0,1,9,2008-09-30,1
0,1,9,2009-06-30,1
0,1,9,2009-07-31,1
0,1,9,2009-08-31,1
0,1,9,2009-09-30,1
0,1,9,2009-10-31,1
0,1,9,2009-11-30,1
0,1,9,2009-12-31,1
0,1,10,2006-12-31,1
0,1,10,2007-01-31,3
0,1,10,2007-03-31,10
0,1,10,2007-04-30,11
0,1,10,2007-06-30,17
0,1,10,2007-07-31,19
0,1,10,2007-09-30,20
0,1,10,2007-10-31,21
0,1,10,2007-12-31,22
0,1,10,2008-01-31,22
0,1,10,2008-03-31,23
0,1,10,2008-04-30,24
0,1,10,2008-06-30,24
0,1,10,2008-07-31,24
0,1,10,2008-09-30,24
0,1,10,2008-10-31,25
0,1,10,2008-12-31,25
0,1,10,2009-01-31,25
0,1,10,2009-03-31,25
0,1,10,2009-04-30,25
0,1,10,2009-05-31,26
0,1,10,2009-06-30,25
0,1,10,2009-07-31,26
0,1,10,2009-08-31,26
0,1,10,2009-09-30,26
0,1,10,2009-10-31,26
0,1,10,2009-11-30,26
0,1,10,2009-12-31,27
0,1,10,2010-01-31,31
0,1,10,2010-02-28,32
0,1,10,2010-03-31,32
0,1,10,2010-04-30,32
0,1,10,2010-05-31,32
0,1,10,2010-06-30,33
0,1,10,2010-07-31,33
0,1,10,2010-08-31,33
0,1,10,2010-09-30,33
0,1,10,2010-10-31,35
0,1,10,2010-11-30,35
0,1,10,2010-12-31,36
0,1,10,2011-01-31,37
0,1,10,2011-02-28,38
0,1,10,2011-03-31,39
0,1,10,2011-04-30,39
0,1,10,2011-05-31,39
0,1,10,2011-06-30,39
0,1,10,2011-07-31,39
0,1,10,2011-08-31,39
0,1,10,2011-09-30,39
0,1,10,2011-10-31,39
0,1,10,2011-11-30,39
0,1,10,2011-12-31,39
0,1,10,2012-01-31,39
1,,10,2009-08-31,1
1,0,3,2007-06-30,1
1,0,3,2009-01-31,1
1,0,5,2008-01-31,1
1,0,5,2008-03-31,1
1,0,5,2008-06-30,1
1,0,5,2008-07-31,1
1,0,7,2007-07-31,1
1,0,7,2007-10-31,1
1,0,7,2007-12-31,1
1,0,7,2008-04-30,1
1,0,7,2009-03-31,1
1,0,7,2009-04-30,1
1,0,7,2009-05-31,1
1,0,7,2009-06-30,1
1,0,10,2008-10-31,1
1,0,10,2008-12-31,1
1,0,10,2009-01-31,1
1,0,10,2009-03-31,1
1,0,10,2009-04-30,1
1,0,10,2009-05-31,1
1,0,10,2009-06-30,1
1,0,10,2009-07-31,2
1,0,10,2009-08-31,1
1,0,10,2009-09-30,1
1,0,10,2009-10-31,1
1,0,10,2009-11-30,1
1,1,1,2006-01-31,58
1,1,1,2006-03-31,74
1,1,1,2006-04-30,95
1,1,1,2006-06-30,134
1,1,1,2006-07-31,155
1,1,1,2006-09-30,185
1,1,1,2006-10-31,211
1,1,1,2006-12-31,246
1,1,1,2007-01-31,267
1,1,1,2007-03-31,301
1,1,1,2007-04-30,323
1,1,1,2007-06-30,352
1,1,1,2007-07-31,377
1,1,1,2007-09-30,403
1,1,1,2007-10-31,437
1,1,1,2007-12-31,470
1,1,1,2008-01-31,489
1,1,1,2008-03-31,533
1,1,1,2008-04-30,553
1,1,1,2008-06-30,618
1,1,1,2008-07-31,648
1,1,1,2008-09-30,701
1,1,1,2008-10-31,730
1,1,1,2008-12-31,796
1,1,1,2009-01-31,841
1,1,1,2009-03-31,924
1,1,1,2009-04-30,986
1,1,1,2009-05-31,1096
1,1,1,2009-06-30,1140
1,1,1,2009-07-31,1191
1,1,1,2009-08-31,1235
1,1,1,2009-09-30,1298
1,1,1,2009-10-31,1467
1,1,1,2009-11-30,1519
1,1,1,2009-12-31,1575
1,1,1,2010-01-31,1632
1,1,1,2010-02-28,1678
1,1,1,2010-03-31,1733
1,1,1,2010-04-30,1799
1,1,1,2010-05-31,1851
1,1,1,2010-06-30,1901
1,1,1,2010-07-31,1980
1,1,1,2010-08-31,2034
1,1,1,2010-09-30,2088
1,1,1,2010-10-31,2168
1,1,1,2010-11-30,2215
1,1,1,2010-12-31,2271
1,1,1,2011-01-31,2360
1,1,1,2011-02-28,2451
1,1,1,2011-03-31,2564
1,1,1,2011-04-30,2720
1,1,1,2011-05-31,2830
1,1,1,2011-06-30,2920
1,1,1,2011-07-31,2989
1,1,1,2011-08-31,3033
1,1,1,2011-09-30,3104
1,1,1,2011-10-31,3165
1,1,1,2011-11-30,3217
1,1,1,2011-12-31,3258
1,1,1,2012-01-31,3307
1,1,2,2006-01-31,93
1,1,2,2006-03-31,86
1,1,2,2006-04-30,73
1,1,2,2006-06-30,106
1,1,2,2006-07-31,128
1,1,2,2006-09-30,94
1,1,2,2006-10-31,128
1,1,2,2006-12-31,136
1,1,2,2007-01-31,143
1,1,2,2007-03-31,135
1,1,2,2007-04-30,156
1,1,2,2007-06-30,191
1,1,2,2007-07-31,183
1,1,2,2007-09-30,117
1,1,2,2007-10-31,115
1,1,2,2007-12-31,148
1,1,2,2008-01-31,171
1,1,2,2008-03-31,191
1,1,2,2008-04-30,228
1,1,2,2008-06-30,297
1,1,2,2008-07-31,273
1,1,2,2008-09-30,229
1,1,2,2008-10-31,212
1,1,2,2008-12-31,204
1,1,2,2009-01-31,228
1,1,2,2009-03-31,276
1,1,2,2009-04-30,266
1,1,2,2009-05-31,249
1,1,2,2009-06-30,318
1,1,2,2009-07-31,280
1,1,2,2009-08-31,240
1,1,2,2009-09-30,260
1,1,2,2009-10-31,251
1,1,2,2009-11-30,225
1,1,2,2009-12-31,218
1,1,2,2010-01-31,109
1,1,2,2010-02-28,178
1,1,2,2010-03-31,193
1,1,2,2010-04-30,216
1,1,2,2010-05-31,211
1,1,2,2010-06-30,174
1,1,2,2010-07-31,250
1,1,2,2010-08-31,253
1,1,2,2010-09-30,253
1,1,2,2010-10-31,229
1,1,2,2010-11-30,192
1,1,2,2010-12-31,195
1,1,2,2011-01-31,211
1,1,2,2011-02-28,245
1,1,2,2011-03-31,286
1,1,2,2011-04-30,266
1,1,2,2011-05-31,343
1,1,2,2011-06-30,300
1,1,2,2011-07-31,393
1,1,2,2011-08-31,375
1,1,2,2011-09-30,364
1,1,2,2011-10-31,368
1,1,2,2011-11-30,389
1,1,2,2011-12-31,282
1,1,2,2012-01-31,326
1,1,3,2006-01-31,276
1,1,3,2006-03-31,342
1,1,3,2006-04-30,310
1,1,3,2006-06-30,380
1,1,3,2006-07-31,369
1,1,3,2006-09-30,333
1,1,3,2006-10-31,357
1,1,3,2006-12-31,320
1,1,3,2007-01-31,463
1,1,3,2007-03-31,581
1,1,3,2007-04-30,495
1,1,3,2007-06-30,555
1,1,3,2007-07-31,617
1,1,3,2007-09-30,556
1,1,3,2007-10-31,590
1,1,3,2007-12-31,506
1,1,3,2008-01-31,735
1,1,3,2008-03-31,657
1,1,3,2008-04-30,648
1,1,3,2008-06-30,738
1,1,3,2008-07-31,763
1,1,3,2008-09-30,621
1,1,3,2008-10-31,683
1,1,3,2008-12-31,666
1,1,3,2009-01-31,846
1,1,3,2009-03-31,849
1,1,3,2009-04-30,769
1,1,3,2009-05-31,596
1,1,3,2009-06-30,712
1,1,3,2009-07-31,743
1,1,3,2009-08-31,665
1,1,3,2009-09-30,783
1,1,3,2009-10-31,659
1,1,3,2009-11-30,605
1,1,3,2009-12-31,491
1,1,3,2010-01-31,373
1,1,3,2010-02-28,386
1,1,3,2010-03-31,576
1,1,3,2010-04-30,628
1,1,3,2010-05-31,502
1,1,3,2010-06-30,594
1,1,3,2010-07-31,529
1,1,3,2010-08-31,511
1,1,3,2010-09-30,625
1,1,3,2010-10-31,512
1,1,3,2010-11-30,345
1,1,3,2010-12-31,354
1,1,3,2011-01-31,484
1,1,3,2011-02-28,542
1,1,3,2011-03-31,609
1,1,3,2011-04-30,576
1,1,3,2011-05-31,638
1,1,3,2011-06-30,614
1,1,3,2011-07-31,528
1,1,3,2011-08-31,482
1,1,3,2011-09-30,587
1,1,3,2011-10-31,549
1,1,3,2011-11-30,572
1,1,3,2011-12-31,435
1,1,3,2012-01-31,443
1,1,4,2006-01-31,50
1,1,4,2006-03-31,70
1,1,4,2006-04-30,74
1,1,4,2006-06-30,87
1,1,4,2006-07-31,109
1,1,4,2006-09-30,127
1,1,4,2006-10-31,162
1,1,4,2006-12-31,210
1,1,4,2007-01-31,218
1,1,4,2007-03-31,231
1,1,4,2007-04-30,238
1,1,4,2007-06-30,297
1,1,4,2007-07-31,357
1,1,4,2007-09-30,470
1,1,4,2007-10-31,485
1,1,4,2007-12-31,440
1,1,4,2008-01-31,498
1,1,4,2008-03-31,588
1,1,4,2008-04-30,633
1,1,4,2008-06-30,627
1,1,4,2008-07-31,780
1,1,4,2008-09-30,926
1,1,4,2008-10-31,989
1,1,4,2008-12-31,1044
1,1,4,2009-01-31,1114
1,1,4,2009-03-31,1014
1,1,4,2009-04-30,926
1,1,4,2009-05-31,927
1,1,4,2009-06-30,702
1,1,4,2009-07-31,807
1,1,4,2009-08-31,1161
1,1,4,2009-09-30,1078
1,1,4,2009-10-31,1349
1,1,4,2009-11-30,1233
1,1,4,2009-12-31,1207
1,1,4,2010-01-31,2261
1,1,4,2010-02-28,2308
1,1,4,2010-03-31,1810
1,1,4,2010-04-30,1578
1,1,4,2010-05-31,1223
1,1,4,2010-06-30,1091
1,1,4,2010-07-31,1088
1,1,4,2010-08-31,900
1,1,4,2010-09-30,1021
1,1,4,2010-10-31,1073
1,1,4,2010-11-30,984
1,1,4,2010-12-31,1302
1,1,4,2011-01-31,1243
1,1,4,2011-02-28,1496
1,1,4,2011-03-31,1026
1,1,4,2011-04-30,963
1,1,4,2011-05-31,844
1,1,4,2011-06-30,1124
1,1,4,2011-07-31,1361
1,1,4,2011-08-31,1210
1,1,4,2011-09-30,1541
1,1,4,2011-10-31,1261
1,1,4,2011-11-30,1037
1,1,4,2011-12-31,1311
1,1,4,2012-01-31,1391
1,1,5,2006-01-31,218
1,1,5,2006-03-31,229
1,1,5,2006-04-30,218
1,1,5,2006-06-30,294
1,1,5,2006-07-31,298
1,1,5,2006-09-30,371
1,1,5,2006-10-31,398
1,1,5,2006-12-31,446
1,1,5,2007-01-31,416
1,1,5,2007-03-31,504
1,1,5,2007-04-30,536
1,1,5,2007-06-30,616
1,1,5,2007-07-31,674
1,1,5,2007-09-30,823
1,1,5,2007-10-31,934
1,1,5,2007-12-31,1097
1,1,5,2008-01-31,1230
1,1,5,2008-03-31,1521
1,1,5,2008-04-30,1660
1,1,5,2008-06-30,1886
1,1,5,2008-07-31,1973
1,1,5,2008-09-30,2232
1,1,5,2008-10-31,2341
1,1,5,2008-12-31,2603
1,1,5,2009-01-31,2520
1,1,5,2009-03-31,2506
1,1,5,2009-04-30,2511
1,1,5,2009-05-31,2586
1,1,5,2009-06-30,2642
1,1,5,2009-07-31,2662
1,1,5,2009-08-31,2849
1,1,5,2009-09-30,2784
1,1,5,2009-10-31,2903
1,1,5,2009-11-30,2983
1,1,5,2009-12-31,2951
1,1,5,2010-01-31,3264
1,1,5,2010-02-28,3722
1,1,5,2010-03-31,3438
1,1,5,2010-04-30,3070
1,1,5,2010-05-31,2613
1,1,5,2010-06-30,2339
1,1,5,2010-07-31,2411
1,1,5,2010-08-31,2583
1,1,5,2010-09-30,2628
1,1,5,2010-10-31,2643
1,1,5,2010-11-30,2807
1,1,5,2010-12-31,2833
1,1,5,2011-01-31,2589
1,1,5,2011-02-28,2290
1,1,5,2011-03-31,2106
1,1,5,2011-04-30,2187
1,1,5,2011-05-31,2322
1,1,5,2011-06-30,2467
1,1,5,2011-07-31,2533
1,1,5,2011-08-31,2515
1,1,5,2011-09-30,2590
1,1,5,2011-10-31,2591
1,1,5,2011-11-30,2527
1,1,5,2011-12-31,2545
1,1,5,2012-01-31,2564
1,1,6,2006-01-31,410
1,1,6,2006-03-31,522
1,1,6,2006-04-30,563
1,1,6,2006-06-30,683
1,1,6,2006-07-31,756
1,1,6,2006-09-30,944
1,1,6,2006-10-31,977
1,1,6,2006-12-31,1174
1,1,6,2007-01-31,1287
1,1,6,2007-03-31,1431
1,1,6,2007-04-30,1517
1,1,6,2007-06-30,1787
1,1,6,2007-07-31,1889
1,1,6,2007-09-30,1996
1,1,6,2007-10-31,2016
1,1,6,2007-12-31,2226
1,1,6,2008-01-31,2270
1,1,6,2008-03-31,2427
1,1,6,2008-04-30,2553
1,1,6,2008-06-30,3067
1,1,6,2008-07-31,3180
1,1,6,2008-09-30,3322
1,1,6,2008-10-31,3381
1,1,6,2008-12-31,3604
1,1,6,2009-01-31,3745
1,1,6,2009-03-31,4210
1,1,6,2009-04-30,4522
1,1,6,2009-05-31,4739
1,1,6,2009-06-30,5151
1,1,6,2009-07-31,5329
1,1,6,2009-08-31,5192
1,1,6,2009-09-30,5418
1,1,6,2009-10-31,5276
1,1,6,2009-11-30,5586
1,1,6,2009-12-31,5726
1,1,6,2010-01-31,4718
1,1,6,2010-02-28,4511
1,1,6,2010-03-31,4790
1,1,6,2010-04-30,5111
1,1,6,2010-05-31,5674
1,1,6,2010-06-30,5950
1,1,6,2010-07-31,6101
1,1,6,2010-08-31,6501
1,1,6,2010-09-30,6594
1,1,6,2010-10-31,6749
1,1,6,2010-11-30,6969
1,1,6,2010-12-31,6729
1,1,6,2011-01-31,6867
1,1,6,2011-02-28,6769
1,1,6,2011-03-31,7434
1,1,6,2011-04-30,7703
1,1,6,2011-05-31,8048
1,1,6,2011-06-30,8063
1,1,6,2011-07-31,8081
1,1,6,2011-08-31,8496
1,1,6,2011-09-30,8472
1,1,6,2011-10-31,8979
1,1,6,2011-11-30,9366
1,1,6,2011-12-31,9304
1,1,6,2012-01-31,9204
1,1,7,2006-01-31,968
1,1,7,2006-03-31,1182
1,1,7,2006-04-30,1374
1,1,7,2006-06-30,1597
1,1,7,2006-07-31,1722
1,1,7,2006-09-30,1939
1,1,7,2006-10-31,1978
1,1,7,2006-12-31,2070
1,1,7,2007-01-31,2087
1,1,7,2007-03-31,2440
1,1,7,2007-04-30,2680
1,1,7,2007-06-30,2929
1,1,7,2007-07-31,3048
1,1,7,2007-09-30,3412
1,1,7,2007-10-31,3489
1,1,7,2007-12-31,3752
1,1,7,2008-01-31,3659
1,1,7,2008-03-31,3811
1,1,7,2008-04-30,3824
1,1,7,2008-06-30,3820
1,1,7,2008-07-31,3888
1,1,7,2008-09-30,3866
1,1,7,2008-10-31,3910
1,1,7,2008-12-31,3753
1,1,7,2009-01-31,3961
1,1,7,2009-03-31,4503
1,1,7,2009-04-30,4740
1,1,7,2009-05-31,4832
1,1,7,2009-06-30,4835
1,1,7,2009-07-31,4856
1,1,7,2009-08-31,4852
1,1,7,2009-09-30,4832
1,1,7,2009-10-31,4961
1,1,7,2009-11-30,4970
1,1,7,2009-12-31,5016
1,1,7,2010-01-31,4647
1,1,7,2010-02-28,4024
1,1,7,2010-03-31,4052
1,1,7,2010-04-30,4363
1,1,7,2010-05-31,4737
1,1,7,2010-06-30,4816
1,1,7,2010-07-31,4907
1,1,7,2010-08-31,4860
1,1,7,2010-09-30,4849
1,1,7,2010-10-31,4921
1,1,7,2010-11-30,4785
1,1,7,2010-12-31,4605
1,1,7,2011-01-31,4689
1,1,7,2011-02-28,5031
1,1,7,2011-03-31,5141
1,1,7,2011-04-30,5135
1,1,7,2011-05-31,5079
1,1,7,2011-06-30,5168
1,1,7,2011-07-31,5208
1,1,7,2011-08-31,5233
1,1,7,2011-09-30,5128
1,1,7,2011-10-31,5182
1,1,7,2011-11-30,5193
1,1,7,2011-12-31,5204
1,1,7,2012-01-31,5020
1,1,8,2006-01-31,42
1,1,8,2006-03-31,55
1,1,8,2006-04-30,76
1,1,8,2006-06-30,83
1,1,8,2006-07-31,81
1,1,8,2006-09-30,100
1,1,8,2006-10-31,110
1,1,8,2006-12-31,128
1,1,8,2007-01-31,132
1,1,8,2007-03-31,204
1,1,8,2007-04-30,232
1,1,8,2007-06-30,264
1,1,8,2007-07-31,283
1,1,8,2007-09-30,361
1,1,8,2007-10-31,425
1,1,8,2007-12-31,519
1,1,8,2008-01-31,558
1,1,8,2008-03-31,644
1,1,8,2008-04-30,647
1,1,8,2008-06-30,674
1,1,8,2008-07-31,690
1,1,8,2008-09-30,855
1,1,8,2008-10-31,927
1,1,8,2008-12-31,1069
1,1,8,2009-01-31,1025
1,1,8,2009-03-31,1013
1,1,8,2009-04-30,999
1,1,8,2009-05-31,948
1,1,8,2009-06-30,1010
1,1,8,2009-07-31,1040
1,1,8,2009-08-31,1078
1,1,8,2009-09-30,1143
1,1,8,2009-10-31,1141
1,1,8,2009-11-30,1157
1,1,8,2009-12-31,1234
1,1,8,2010-01-31,1383
1,1,8,2010-02-28,1608
1,1,8,2010-03-31,1971
1,1,8,2010-04-30,2013
1,1,8,2010-05-31,1984
1,1,8,2010-06-30,1998
1,1,8,2010-07-31,1959
1,1,8,2010-08-31,1955
1,1,8,2010-09-30,1935
1,1,8,2010-10-31,1916
1,1,8,2010-11-30,1975
1,1,8,2010-12-31,2043
1,1,8,2011-01-31,2083
1,1,8,2011-02-28,2052
1,1,8,2011-03-31,2002
1,1,8,2011-04-30,1939
1,1,8,2011-05-31,1887
1,1,8,2011-06-30,1854
1,1,8,2011-07-31,1851
1,1,8,2011-08-31,1955
1,1,8,2011-09-30,1966
1,1,8,2011-10-31,2066
1,1,8,2011-11-30,2229
1,1,8,2011-12-31,2396
1,1,8,2012-01-31,2656
1,1,9,2006-01-31,335
1,1,9,2006-03-31,418
1,1,9,2006-04-30,444
1,1,9,2006-06-30,542
1,1,9,2006-07-31,589
1,1,9,2006-09-30,720
1,1,9,2006-10-31,744
1,1,9,2006-12-31,885
1,1,9,2007-01-31,902
1,1,9,2007-03-31,1050
1,1,9,2007-04-30,1111
1,1,9,2007-06-30,1285
1,1,9,2007-07-31,1407
1,1,9,2007-09-30,1628
1,1,9,2007-10-31,1656
1,1,9,2007-12-31,1811
1,1,9,2008-01-31,1885
1,1,9,2008-03-31,2323
1,1,9,2008-04-30,2484
1,1,9,2008-06-30,2686
1,1,9,2008-07-31,2827
1,1,9,2008-09-30,3457
1,1,9,2008-10-31,3101
1,1,9,2008-12-31,3326
1,1,9,2009-01-31,3588
1,1,9,2009-03-31,3903
1,1,9,2009-04-30,4330
1,1,9,2009-05-31,5126
1,1,9,2009-06-30,5532
1,1,9,2009-07-31,6135
1,1,9,2009-08-31,6330
1,1,9,2009-09-30,6770
1,1,9,2009-10-31,7329
1,1,9,2009-11-30,7559
1,1,9,2009-12-31,7733
1,1,9,2010-01-31,7835
1,1,9,2010-02-28,7943
1,1,9,2010-03-31,8124
1,1,9,2010-04-30,8319
1,1,9,2010-05-31,8487
1,1,9,2010-06-30,8631
1,1,9,2010-07-31,8890
1,1,9,2010-08-31,8980
1,1,9,2010-09-30,9227
1,1,9,2010-10-31,9594
1,1,9,2010-11-30,9798
1,1,9,2010-12-31,9991
1,1,9,2011-01-31,10149
1,1,9,2011-02-28,10251
1,1,9,2011-03-31,10525
1,1,9,2011-04-30,10869
1,1,9,2011-05-31,10997
1,1,9,2011-06-30,11133
1,1,9,2011-07-31,11283
1,1,9,2011-08-31,11477
1,1,9,2011-09-30,11562
1,1,9,2011-10-31,11713
1,1,9,2011-11-30,11927
1,1,9,2011-12-31,12084
1,1,9,2012-01-31,12222
1,1,10,2006-01-31,841
1,1,10,2006-03-31,979
1,1,10,2006-04-30,1010
1,1,10,2006-06-30,1173
1,1,10,2006-07-31,1229
1,1,10,2006-09-30,1452
1,1,10,2006-10-31,1527
1,1,10,2006-12-31,1824
1,1,10,2007-01-31,1957
1,1,10,2007-03-31,2220
1,1,10,2007-04-30,2259
1,1,10,2007-06-30,2525
1,1,10,2007-07-31,2649
1,1,10,2007-09-30,3129
1,1,10,2007-10-31,3246
1,1,10,2007-12-31,3638
1,1,10,2008-01-31,3890
1,1,10,2008-03-31,4076
1,1,10,2008-04-30,4214
1,1,10,2008-06-30,4579
1,1,10,2008-07-31,4812
1,1,10,2008-09-30,5238
1,1,10,2008-10-31,5630
1,1,10,2008-12-31,6212
1,1,10,2009-01-31,6325
1,1,10,2009-03-31,6609
1,1,10,2009-04-30,6550
1,1,10,2009-05-31,6158
1,1,10,2009-06-30,6305
1,1,10,2009-07-31,6150
1,1,10,2009-08-31,6337
1,1,10,2009-09-30,6422
1,1,10,2009-10-31,6185
1,1,10,2009-11-30,6373
1,1,10,2009-12-31,6661
1,1,10,2010-01-31,7021
1,1,10,2010-02-28,7299
1,1,10,2010-03-31,7621
1,1,10,2010-04-30,7883
1,1,10,2010-05-31,8248
1,1,10,2010-06-30,8642
1,1,10,2010-07-31,8590
1,1,10,2010-08-31,8695
1,1,10,2010-09-30,8705
1,1,10,2010-10-31,8696
1,1,10,2010-11-30,8822
1,1,10,2010-12-31,8963
1,1,10,2011-01-31,9144
1,1,10,2011-02-28,9255
1,1,10,2011-03-31,9350
1,1,10,2011-04-30,9283
1,1,10,2011-05-31,9362
1,1,10,2011-06-30,9351
1,1,10,2011-07-31,9363
1,1,10,2011-08-31,9346
1,1,10,2011-09-30,9430
1,1,10,2011-10-31,9472
1,1,10,2011-11-30,9484
1,1,10,2011-12-31,9601
1,1,10,2012-01-31,9795
2,1,1,2006-01-31,57
2,1,1,2006-03-31,77
2,1,1,2006-04-30,88
2,1,1,2006-06-30,108
2,1,1,2006-07-31,119
2,1,1,2006-09-30,140
2,1,1,2006-10-31,155
2,1,1,2006-12-31,193
2,1,1,2007-01-31,219
2,1,1,2007-03-31,256
2,1,1,2007-04-30,273
2,1,1,2007-06-30,311
2,1,1,2007-07-31,336
2,1,1,2007-09-30,363
2,1,1,2007-10-31,393
2,1,1,2007-12-31,425
2,1,1,2008-01-31,447
2,1,1,2008-03-31,485
2,1,1,2008-04-30,498
2,1,1,2008-06-30,539
2,1,1,2008-07-31,570
2,1,1,2008-09-30,598
2,1,1,2008-10-31,630
2,1,1,2008-12-31,678
2,1,1,2009-01-31,715
2,1,1,2009-03-31,771
2,1,1,2009-04-30,823
2,1,1,2009-05-31,910
2,1,1,2009-06-30,924
2,1,1,2009-07-31,964
2,1,1,2009-08-31,990
2,1,1,2009-09-30,1026
2,1,1,2009-10-31,1143
2,1,1,2009-11-30,1189
2,1,1,2009-12-31,1223
2,1,1,2010-01-31,1267
2,1,1,2010-02-28,1306
2,1,1,2010-03-31,1345
2,1,1,2010-04-30,1390
2,1,1,2010-05-31,1431
2,1,1,2010-06-30,1472
2,1,1,2010-07-31,1547
2,1,1,2010-08-31,1589
2,1,1,2010-09-30,1630
2,1,1,2010-10-31,1676
2,1,1,2010-11-30,1714
2,1,1,2010-12-31,1752
2,1,1,2011-01-31,1801
2,1,1,2011-02-28,1876
2,1,1,2011-03-31,1954
2,1,1,2011-04-30,2048
2,1,1,2011-05-31,2149
2,1,1,2011-06-30,2210
2,1,1,2011-07-31,2257
2,1,1,2011-08-31,2284
2,1,1,2011-09-30,2328
2,1,1,2011-10-31,2368
2,1,1,2011-11-30,2413
2,1,1,2011-12-31,2456
2,1,1,2012-01-31,2494
2,1,2,2006-01-31,57
2,1,2,2006-03-31,77
2,1,2,2006-04-30,49
2,1,2,2006-06-30,64
2,1,2,2006-07-31,75
2,1,2,2006-09-30,91
2,1,2,2006-10-31,85
2,1,2,2006-12-31,88
2,1,2,2007-01-31,109
2,1,2,2007-03-31,103
2,1,2,2007-04-30,113
2,1,2,2007-06-30,123
2,1,2,2007-07-31,151
2,1,2,2007-09-30,90
2,1,2,2007-10-31,79
2,1,2,2007-12-31,97
2,1,2,2008-01-31,102
2,1,2,2008-03-31,104
2,1,2,2008-04-30,161
2,1,2,2008-06-30,184
2,1,2,2008-07-31,168
2,1,2,2008-09-30,121
2,1,2,2008-10-31,136
2,1,2,2008-12-31,140
2,1,2,2009-01-31,137
2,1,2,2009-03-31,187
2,1,2,2009-04-30,183
2,1,2,2009-05-31,177
2,1,2,2009-06-30,189
2,1,2,2009-07-31,183
2,1,2,2009-08-31,133
2,1,2,2009-09-30,164
2,1,2,2009-10-31,141
2,1,2,2009-11-30,153
2,1,2,2009-12-31,152
2,1,2,2010-01-31,70
2,1,2,2010-02-28,90
2,1,2,2010-03-31,146
2,1,2,2010-04-30,156
2,1,2,2010-05-31,154
2,1,2,2010-06-30,111
2,1,2,2010-07-31,158
2,1,2,2010-08-31,131
2,1,2,2010-09-30,171
2,1,2,2010-10-31,163
2,1,2,2010-11-30,117
2,1,2,2010-12-31,131
2,1,2,2011-01-31,129
2,1,2,2011-02-28,131
2,1,2,2011-03-31,163
2,1,2,2011-04-30,186
2,1,2,2011-05-31,202
2,1,2,2011-06-30,179
2,1,2,2011-07-31,172
2,1,2,2011-08-31,227
2,1,2,2011-09-30,223
2,1,2,2011-10-31,208
2,1,2,2011-11-30,225
2,1,2,2011-12-31,183
2,1,2,2012-01-31,182
2,1,3,2006-01-31,175
2,1,3,2006-03-31,178
2,1,3,2006-04-30,167
2,1,3,2006-06-30,253
2,1,3,2006-07-31,218
2,1,3,2006-09-30,207
2,1,3,2006-10-31,208
2,1,3,2006-12-31,196
2,1,3,2007-01-31,281
2,1,3,2007-03-31,349
2,1,3,2007-04-30,304
2,1,3,2007-06-30,304
2,1,3,2007-07-31,369
2,1,3,2007-09-30,300
2,1,3,2007-10-31,331
2,1,3,2007-12-31,295
2,1,3,2008-01-31,365
2,1,3,2008-03-31,335
2,1,3,2008-04-30,383
2,1,3,2008-06-30,358
2,1,3,2008-07-31,404
2,1,3,2008-09-30,347
2,1,3,2008-10-31,373
2,1,3,2008-12-31,374
2,1,3,2009-01-31,425
2,1,3,2009-03-31,499
2,1,3,2009-04-30,429
2,1,3,2009-05-31,350
2,1,3,2009-06-30,425
2,1,3,2009-07-31,442
2,1,3,2009-08-31,357
2,1,3,2009-09-30,392
2,1,3,2009-10-31,365
2,1,3,2009-11-30,325
2,1,3,2009-12-31,340
2,1,3,2010-01-31,264
2,1,3,2010-02-28,246
2,1,3,2010-03-31,350
2,1,3,2010-04-30,330
2,1,3,2010-05-31,322
2,1,3,2010-06-30,304
2,1,3,2010-07-31,329
2,1,3,2010-08-31,346
2,1,3,2010-09-30,380
2,1,3,2010-10-31,330
2,1,3,2010-11-30,243
2,1,3,2010-12-31,206
2,1,3,2011-01-31,328
2,1,3,2011-02-28,313
2,1,3,2011-03-31,357
2,1,3,2011-04-30,343
2,1,3,2011-05-31,358
2,1,3,2011-06-30,314
2,1,3,2011-07-31,325
2,1,3,2011-08-31,295
2,1,3,2011-09-30,348
2,1,3,2011-10-31,349
2,1,3,2011-11-30,382
2,1,3,2011-12-31,281
2,1,3,2012-01-31,279
2,1,4,2006-01-31,43
2,1,4,2006-03-31,68
2,1,4,2006-04-30,68
2,1,4,2006-06-30,71
2,1,4,2006-07-31,84
2,1,4,2006-09-30,93
2,1,4,2006-10-31,121
2,1,4,2006-12-31,162
2,1,4,2007-01-31,173
2,1,4,2007-03-31,181
2,1,4,2007-04-30,187
2,1,4,2007-06-30,215
2,1,4,2007-07-31,261
2,1,4,2007-09-30,313
2,1,4,2007-10-31,331
2,1,4,2007-12-31,309
2,1,4,2008-01-31,313
2,1,4,2008-03-31,399
2,1,4,2008-04-30,415
2,1,4,2008-06-30,399
2,1,4,2008-07-31,481
2,1,4,2008-09-30,611
2,1,4,2008-10-31,658
2,1,4,2008-12-31,608
2,1,4,2009-01-31,662
2,1,4,2009-03-31,596
2,1,4,2009-04-30,495
2,1,4,2009-05-31,542
2,1,4,2009-06-30,476
2,1,4,2009-07-31,477
2,1,4,2009-08-31,653
2,1,4,2009-09-30,612
2,1,4,2009-10-31,741
2,1,4,2009-11-30,680
2,1,4,2009-12-31,737
2,1,4,2010-01-31,1259
2,1,4,2010-02-28,1282
2,1,4,2010-03-31,976
2,1,4,2010-04-30,885
2,1,4,2010-05-31,749
2,1,4,2010-06-30,660
2,1,4,2010-07-31,672
2,1,4,2010-08-31,578
2,1,4,2010-09-30,588
2,1,4,2010-10-31,608
2,1,4,2010-11-30,605
2,1,4,2010-12-31,747
2,1,4,2011-01-31,726
2,1,4,2011-02-28,958
2,1,4,2011-03-31,635
2,1,4,2011-04-30,575
2,1,4,2011-05-31,557
2,1,4,2011-06-30,666
2,1,4,2011-07-31,844
2,1,4,2011-08-31,744
2,1,4,2011-09-30,963
2,1,4,2011-10-31,817
2,1,4,2011-11-30,622
2,1,4,2011-12-31,807
2,1,4,2012-01-31,825
2,1,5,2006-01-31,114
2,1,5,2006-03-31,113
2,1,5,2006-04-30,123
2,1,5,2006-06-30,164
2,1,5,2006-07-31,163
2,1,5,2006-09-30,206
2,1,5,2006-10-31,219
2,1,5,2006-12-31,250
2,1,5,2007-01-31,236
2,1,5,2007-03-31,264
2,1,5,2007-04-30,271
2,1,5,2007-06-30,298
2,1,5,2007-07-31,330
2,1,5,2007-09-30,419
2,1,5,2007-10-31,458
2,1,5,2007-12-31,559
2,1,5,2008-01-31,624
2,1,5,2008-03-31,757
2,1,5,2008-04-30,843
2,1,5,2008-06-30,966
2,1,5,2008-07-31,992
2,1,5,2008-09-30,1115
2,1,5,2008-10-31,1195
2,1,5,2008-12-31,1239
2,1,5,2009-01-31,1201
2,1,5,2009-03-31,1187
2,1,5,2009-04-30,1226
2,1,5,2009-05-31,1295
2,1,5,2009-06-30,1273
2,1,5,2009-07-31,1240
2,1,5,2009-08-31,1312
2,1,5,2009-09-30,1325
2,1,5,2009-10-31,1380
2,1,5,2009-11-30,1412
2,1,5,2009-12-31,1377
2,1,5,2010-01-31,1422
2,1,5,2010-02-28,1677
2,1,5,2010-03-31,1558
2,1,5,2010-04-30,1392
2,1,5,2010-05-31,1246
2,1,5,2010-06-30,1119
2,1,5,2010-07-31,1200
2,1,5,2010-08-31,1244
2,1,5,2010-09-30,1222
2,1,5,2010-10-31,1226
2,1,5,2010-11-30,1333
2,1,5,2010-12-31,1360
2,1,5,2011-01-31,1263
2,1,5,2011-02-28,1182
2,1,5,2011-03-31,1112
2,1,5,2011-04-30,1093
2,1,5,2011-05-31,1163
2,1,5,2011-06-30,1215
2,1,5,2011-07-31,1247
2,1,5,2011-08-31,1239
2,1,5,2011-09-30,1327
2,1,5,2011-10-31,1324
2,1,5,2011-11-30,1349
2,1,5,2011-12-31,1343
2,1,5,2012-01-31,1289
2,1,6,2006-01-31,286
2,1,6,2006-03-31,363
2,1,6,2006-04-30,422
2,1,6,2006-06-30,514
2,1,6,2006-07-31,562
2,1,6,2006-09-30,688
2,1,6,2006-10-31,736
2,1,6,2006-12-31,862
2,1,6,2007-01-31,904
2,1,6,2007-03-31,1027
2,1,6,2007-04-30,1086
2,1,6,2007-06-30,1243
2,1,6,2007-07-31,1292
2,1,6,2007-09-30,1429
2,1,6,2007-10-31,1453
2,1,6,2007-12-31,1564
2,1,6,2008-01-31,1619
2,1,6,2008-03-31,1682
2,1,6,2008-04-30,1733
2,1,6,2008-06-30,2089
2,1,6,2008-07-31,2152
2,1,6,2008-09-30,2212
2,1,6,2008-10-31,2203
2,1,6,2008-12-31,2363
2,1,6,2009-01-31,2460
2,1,6,2009-03-31,2737
2,1,6,2009-04-30,3011
2,1,6,2009-05-31,3106
2,1,6,2009-06-30,3340
2,1,6,2009-07-31,3480
2,1,6,2009-08-31,3430
2,1,6,2009-09-30,3542
2,1,6,2009-10-31,3480
2,1,6,2009-11-30,3625
2,1,6,2009-12-31,3673
2,1,6,2010-01-31,3174
2,1,6,2010-02-28,3033
2,1,6,2010-03-31,3176
2,1,6,2010-04-30,3392
2,1,6,2010-05-31,3659
2,1,6,2010-06-30,3842
2,1,6,2010-07-31,3923
2,1,6,2010-08-31,4112
2,1,6,2010-09-30,4172
2,1,6,2010-10-31,4305
2,1,6,2010-11-30,4391
2,1,6,2010-12-31,4260
2,1,6,2011-01-31,4337
2,1,6,2011-02-28,4179
2,1,6,2011-03-31,4610
2,1,6,2011-04-30,4783
2,1,6,2011-05-31,4970
2,1,6,2011-06-30,5008
2,1,6,2011-07-31,4960
2,1,6,2011-08-31,5152
2,1,6,2011-09-30,5095
2,1,6,2011-10-31,5360
2,1,6,2011-11-30,5626
2,1,6,2011-12-31,5566
2,1,6,2012-01-31,5536
2,1,7,2006-01-31,560
2,1,7,2006-03-31,645
2,1,7,2006-04-30,731
2,1,7,2006-06-30,832
2,1,7,2006-07-31,930
2,1,7,2006-09-30,1040
2,1,7,2006-10-31,1079
2,1,7,2006-12-31,1076
2,1,7,2007-01-31,1111
2,1,7,2007-03-31,1275
2,1,7,2007-04-30,1439
2,1,7,2007-06-30,1568
2,1,7,2007-07-31,1566
2,1,7,2007-09-30,1742
2,1,7,2007-10-31,1755
2,1,7,2007-12-31,1852
2,1,7,2008-01-31,1798
2,1,7,2008-03-31,1863
2,1,7,2008-04-30,1782
2,1,7,2008-06-30,1690
2,1,7,2008-07-31,1698
2,1,7,2008-09-30,1657
2,1,7,2008-10-31,1659
2,1,7,2008-12-31,1675
2,1,7,2009-01-31,1804
2,1,7,2009-03-31,2009
2,1,7,2009-04-30,2113
2,1,7,2009-05-31,2115
2,1,7,2009-06-30,2141
2,1,7,2009-07-31,2204
2,1,7,2009-08-31,2254
2,1,7,2009-09-30,2199
2,1,7,2009-10-31,2223
2,1,7,2009-11-30,2212
2,1,7,2009-12-31,2236
2,1,7,2010-01-31,2165
2,1,7,2010-02-28,1871
2,1,7,2010-03-31,1882
2,1,7,2010-04-30,2065
2,1,7,2010-05-31,2156
2,1,7,2010-06-30,2187
2,1,7,2010-07-31,2162
2,1,7,2010-08-31,2205
2,1,7,2010-09-30,2246
2,1,7,2010-10-31,2288
2,1,7,2010-11-30,2219
2,1,7,2010-12-31,2110
2,1,7,2011-01-31,2124
2,1,7,2011-02-28,2253
2,1,7,2011-03-31,2273
2,1,7,2011-04-30,2265
2,1,7,2011-05-31,2218
2,1,7,2011-06-30,2281
2,1,7,2011-07-31,2259
2,1,7,2011-08-31,2282
2,1,7,2011-09-30,2192
2,1,7,2011-10-31,2221
2,1,7,2011-11-30,2202
2,1,7,2011-12-31,2269
2,1,7,2012-01-31,2242
2,1,8,2006-01-31,47
2,1,8,2006-03-31,46
2,1,8,2006-04-30,52
2,1,8,2006-06-30,74
2,1,8,2006-07-31,69
2,1,8,2006-09-30,88
2,1,8,2006-10-31,92
2,1,8,2006-12-31,103
2,1,8,2007-01-31,120
2,1,8,2007-03-31,150
2,1,8,2007-04-30,173
2,1,8,2007-06-30,205
2,1,8,2007-07-31,220
2,1,8,2007-09-30,279
2,1,8,2007-10-31,298
2,1,8,2007-12-31,383
2,1,8,2008-01-31,408
2,1,8,2008-03-31,432
2,1,8,2008-04-30,463
2,1,8,2008-06-30,492
2,1,8,2008-07-31,508
2,1,8,2008-09-30,637
2,1,8,2008-10-31,672
2,1,8,2008-12-31,777
2,1,8,2009-01-31,733
2,1,8,2009-03-31,733
2,1,8,2009-04-30,691
2,1,8,2009-05-31,653
2,1,8,2009-06-30,665
2,1,8,2009-07-31,700
2,1,8,2009-08-31,737
2,1,8,2009-09-30,784
2,1,8,2009-10-31,795
2,1,8,2009-11-30,822
2,1,8,2009-12-31,850
2,1,8,2010-01-31,956
2,1,8,2010-02-28,1109
2,1,8,2010-03-31,1340
2,1,8,2010-04-30,1323
2,1,8,2010-05-31,1315
2,1,8,2010-06-30,1332
2,1,8,2010-07-31,1286
2,1,8,2010-08-31,1313
2,1,8,2010-09-30,1333
2,1,8,2010-10-31,1315
2,1,8,2010-11-30,1364
2,1,8,2010-12-31,1434
2,1,8,2011-01-31,1471
2,1,8,2011-02-28,1456
2,1,8,2011-03-31,1406
2,1,8,2011-04-30,1365
2,1,8,2011-05-31,1302
2,1,8,2011-06-30,1306
2,1,8,2011-07-31,1329
2,1,8,2011-08-31,1396
2,1,8,2011-09-30,1414
2,1,8,2011-10-31,1493
2,1,8,2011-11-30,1587
2,1,8,2011-12-31,1664
2,1,8,2012-01-31,1826
2,1,9,2006-01-31,243
2,1,9,2006-03-31,307
2,1,9,2006-04-30,315
2,1,9,2006-06-30,387
2,1,9,2006-07-31,415
2,1,9,2006-09-30,495
2,1,9,2006-10-31,514
2,1,9,2006-12-31,617
2,1,9,2007-01-31,619
2,1,9,2007-03-31,737
2,1,9,2007-04-30,770
2,1,9,2007-06-30,884
2,1,9,2007-07-31,960
2,1,9,2007-09-30,1128
2,1,9,2007-10-31,1134
2,1,9,2007-12-31,1255
2,1,9,2008-01-31,1308
2,1,9,2008-03-31,1575
2,1,9,2008-04-30,1679
2,1,9,2008-06-30,1813
2,1,9,2008-07-31,1901
2,1,9,2008-09-30,2304
2,1,9,2008-10-31,2099
2,1,9,2008-12-31,2241
2,1,9,2009-01-31,2377
2,1,9,2009-03-31,2559
2,1,9,2009-04-30,2853
2,1,9,2009-05-31,3285
2,1,9,2009-06-30,3557
2,1,9,2009-07-31,3903
2,1,9,2009-08-31,4017
2,1,9,2009-09-30,4236
2,1,9,2009-10-31,4536
2,1,9,2009-11-30,4686
2,1,9,2009-12-31,4787
2,1,9,2010-01-31,4863
2,1,9,2010-02-28,4923
2,1,9,2010-03-31,5035
2,1,9,2010-04-30,5141
2,1,9,2010-05-31,5252
2,1,9,2010-06-30,5341
2,1,9,2010-07-31,5453
2,1,9,2010-08-31,5521
2,1,9,2010-09-30,5708
2,1,9,2010-10-31,5944
2,1,9,2010-11-30,6041
2,1,9,2010-12-31,6182
2,1,9,2011-01-31,6276
2,1,9,2011-02-28,6341
2,1,9,2011-03-31,6478
2,1,9,2011-04-30,6694
2,1,9,2011-05-31,6782
2,1,9,2011-06-30,6854
2,1,9,2011-07-31,6940
2,1,9,2011-08-31,7083
2,1,9,2011-09-30,7138
2,1,9,2011-10-31,7236
2,1,9,2011-11-30,7368
2,1,9,2011-12-31,7460
2,1,9,2012-01-31,7545
2,1,10,2006-01-31,500
2,1,10,2006-03-31,590
2,1,10,2006-04-30,604
2,1,10,2006-06-30,680
2,1,10,2006-07-31,721
2,1,10,2006-09-30,837
2,1,10,2006-10-31,861
2,1,10,2006-12-31,1054
2,1,10,2007-01-31,1115
2,1,10,2007-03-31,1266
2,1,10,2007-04-30,1293
2,1,10,2007-06-30,1451
2,1,10,2007-07-31,1541
2,1,10,2007-09-30,1759
2,1,10,2007-10-31,1876
2,1,10,2007-12-31,2071
2,1,10,2008-01-31,2224
2,1,10,2008-03-31,2307
2,1,10,2008-04-30,2373
2,1,10,2008-06-30,2565
2,1,10,2008-07-31,2683
2,1,10,2008-09-30,2864
2,1,10,2008-10-31,3109
2,1,10,2008-12-31,3384
2,1,10,2009-01-31,3423
2,1,10,2009-03-31,3584
2,1,10,2009-04-30,3482
2,1,10,2009-05-31,3279
2,1,10,2009-06-30,3334
2,1,10,2009-07-31,3239
2,1,10,2009-08-31,3347
2,1,10,2009-09-30,3401
2,1,10,2009-10-31,3300
2,1,10,2009-11-30,3372
2,1,10,2009-12-31,3552
2,1,10,2010-01-31,3792
2,1,10,2010-02-28,3959
2,1,10,2010-03-31,4093
2,1,10,2010-04-30,4189
2,1,10,2010-05-31,4333
2,1,10,2010-06-30,4552
2,1,10,2010-07-31,4562
2,1,10,2010-08-31,4622
2,1,10,2010-09-30,4617
2,1,10,2010-10-31,4586
2,1,10,2010-11-30,4686
2,1,10,2010-12-31,4768
2,1,10,2011-01-31,4866
2,1,10,2011-02-28,4972
2,1,10,2011-03-31,5050
2,1,10,2011-04-30,5050
2,1,10,2011-05-31,5093
2,1,10,2011-06-30,5106
2,1,10,2011-07-31,5163
2,1,10,2011-08-31,5127
2,1,10,2011-09-30,5178
2,1,10,2011-10-31,5209
2,1,10,2011-11-30,5210
2,1,10,2011-12-31,5278
2,1,10,2012-01-31,5410
