<?xml version="1.0" encoding="UTF-8"?>
<dspl xmlns="http://schemas.google.com/dspl/2010"
    xmlns:geo="http://www.google.com/publicdata/dataset/google/geo"
    xmlns:geo_usa="http://www.google.com/publicdata/dataset/google/geo/us"
    xmlns:time="http://www.google.com/publicdata/dataset/google/time"
    xmlns:quantity="http://www.google.com/publicdata/dataset/google/quantity"
    xmlns:entity="http://www.google.com/publicdata/dataset/google/entity">

  <import namespace="http://www.google.com/publicdata/dataset/google/time"/>
  <import namespace="http://www.google.com/publicdata/dataset/google/quantity"/>
  <import namespace="http://www.google.com/publicdata/dataset/google/entity"/>
  <import namespace="http://www.google.com/publicdata/dataset/google/geo"/>
  
  <!--======================================================== INFO ========================================================-->
  <info>
    <name>
      <value xml:lang="en">iSanté Patient Statistics (temp)</value>
	  <value xml:lang="fr">Statistiques Patients iSanté</value>
    </name>
    <description>
      <value xml:lang="en">Statistics about patients from the iSanté Haiti database</value>
	  <value xml:lang="fr">Statistiques sur les patients inclus dans la base de données d'iSanté pour Haiti</value>
    </description>
    <url>
      <value>http://code.google.com/p/isante/</value>
    </url>
  </info>
  
  <!--======================================================== PROVIDER ========================================================-->
  <provider>
    <name>
      <value>iSanté</value>
    </name>
    <url>
      <value>http://code.google.com/p/isante/</value>
    </url>
  </provider>

  <!--======================================================== TOPICS ========================================================-->
  <topics>
    <topic id="isante">
      <info>
        <name>
			<value xml:lang="en">Metrics</value>
			<value xml:lang="fr">Indicateurs</value>
		</name>
      </info>
    </topic>
  </topics>

  <!--======================================================== CONCEPTS ========================================================-->
  <concepts>
    <!-- As noted in the tutorial, this concept should extend quantity:amount.-->
    <concept id="population">
      <info>
        <name>
          <value xml:lang="en">Number of patients</value>
		  <value xml:lang="fr">Nombre de patients</value>
        </name>
        <description>
          <value xml:lang="en">Number of patients registered in iSante at a given date.</value>
		  <value xml:lang="fr">Nombre de patients enregistrés dans iSanté a une date donnée.</value>
        </description>
      </info>
      <topic ref="isante"/>
      <type ref="integer"/>
    </concept>

    <!-- As noted in the tutorial, this concept should extend quantity:amount.-->
    <concept id="encounters">
      <info>
        <name>
          <value xml:lang="en">Number of encounters</value>
		  <value xml:lang="fr">Nombre de rencontres</value>
        </name>
        <description>
          <value xml:lang="en">Number of encounters registered in iSante for a given month.</value>
		  <value xml:lang="fr">Nombre de rencontres enregistrés dans iSanté pour un mois donné.</value>
        </description>
      </info>
      <topic ref="isante"/>
      <type ref="integer"/>
    </concept>
	
    <concept id="status" extends="entity:entity">
      <info>
          <name>
          <value xml:lang="en">Status</value>
		  <value xml:lang="fr">Statut</value>
        </name>
        <description>
          <value xml:lang="en">Patient Status</value>
		  <value xml:lang="fr">Statut du patient</value>
        </description>
        <totalName>
			<value xml:lang="en">All</value>
			<value xml:lang="fr">Tous</value>
		</totalName>
      </info>
      <type ref="string"/>
		<table ref="status_table">
		  <mapProperty xml:lang="en" ref="name" toColumn="name_en"/>
		  <mapProperty xml:lang="fr" ref="name" toColumn="name_fr"/>
		</table>
    </concept>
	
    <concept id="encounter" extends="entity:entity">
      <info>
          <name>
          <value xml:lang="en">Type of Encounter</value>
		  <value xml:lang="fr">Type de rencontre</value>
        </name>
        <description>
          <value xml:lang="en">Type of Encounter</value>
		  <value xml:lang="fr">Type de rencontre</value>
        </description>
        <totalName>
			<value xml:lang="en">All</value>
			<value xml:lang="fr">Tous</value>
		</totalName>
      </info>
      <type ref="string"/>
		<table ref="encounter_table">
		  <mapProperty xml:lang="en" ref="name" toColumn="name_en"/>
		  <mapProperty xml:lang="fr" ref="name" toColumn="name_fr"/>
		</table>
    </concept>
	
	<concept id="clinic" extends="geo:location">
      <info>
        <name>
          <value xml:lang="en">Clinic</value>
		  <value xml:lang="fr">Cliniques</value>
        </name>
        <description>
          <value>List of clinics followed by the program</value>
        </description>
        <totalName>
			<value xml:lang="en">All</value>
			<value xml:lang="fr">Tous</value>
		</totalName>
      </info>
      <type ref="string"/>
	  <property concept="department" isParent="true"/>
      <property id="name">
        <info>
          <name>
		    <value xml:lang="en">Clinic name</value>
		    <value xml:lang="fr">Nom du site</value>
		  </name>
          <description>
            <value xml:lang="en">The official name of the clinic</value>
			<value xml:lang="fr">Le nom officiel du site</value>
          </description>
        </info>
        <type ref="string"/>
      </property>
	  <property concept="network">
	    <info>
		  <name>
		    <value xml:lang="en">Network</value>
			<value xml:lang="fr">Réseau</value>
		  </name>
	    </info>
	  </property>
      <table ref="clinics_table"/>
    </concept>
	
	<concept id="network" extends="entity:entity">
      <info>
        <name>
          <value xml:lang="en">Network</value>
		  <value xml:lang="fr">Réseau</value>
        </name>
        <description>
          <value>Networks of Clinics</value>
        </description>
        <totalName>
			<value xml:lang="en">All</value>
			<value xml:lang="fr">Tous</value>
		</totalName>
      </info>
      <type ref="string"/>
      <property id="name">
        <info>
          <name><value xml:lang="en">Network name</value></name>
          <description>
            <value xml:lang="en">The official name of the network</value>
          </description>
        </info>
        <type ref="string"/>
      </property>
      <table ref="networks_table"/>
    </concept>
	
	<concept id="department" extends="geo:location">
      <info>
        <name>
          <value xml:lang="en">Department</value>
		  <value xml:lang="fr">Departement</value>
        </name>
        <description>
          <value xml:lang="en">My list of Departments</value>
		  <value xml:lang="fr">Liste des Departements</value>
        </description>
        <totalName>
			<value xml:lang="en">National</value>
			<value xml:lang="fr">National</value>
		</totalName>
      </info>
      <type ref="string"/>
      <property id="name">
        <info>
          <name><value xml:lang="en">Department name</value></name>
          <description>
            <value xml:lang="en">The official name of the department</value>
          </description>
        </info>
        <type ref="string"/>
      </property>
      <table ref="departments_table"/>
    </concept>

    <concept id="sex" extends="entity:entity">
      <info>
          <name>
          <value xml:lang="en">Gender</value>
		  <value xml:lang="fr">Sexe</value>
        </name>
        <description>
          <value>Gender, Male or Female</value>
        </description>
        <pluralName><value>Genders</value></pluralName>
        <totalName>
			<value xml:lang="en">All</value>
			<value xml:lang="fr">Tous</value>
		</totalName>
      </info>
      <type ref="string"/>
      <table ref="sex_table"/>
    </concept>

    <concept id="hiv" extends="entity:entity">
      <info>
          <name>
          <value xml:lang="en">HIV</value>
		  <value xml:lang="fr">VIH</value>
        </name>
        <description>
          <value>HIV, positive or negative</value>
        </description>
        <totalName>
			<value xml:lang="en">All</value>
			<value xml:lang="fr">Tous</value>
		</totalName>
      </info>
      <type ref="string"/>
      <table ref="hiv_table"/>
    </concept>
	
  </concepts>
  
  <!--======================================================== SLICES ========================================================-->
  <slices>
	<!-- CLINIC SLICES -->
	<slice id="clinics_slice">
	  <dimension concept="clinic"/>
      <dimension concept="time:day"/>
      <metric concept="population"/>
      <metric concept="encounters"/>
	  <table ref="clinics_slice_table"/>
	</slice>
	
	<slice id="clinics_sex_slice">
	  <dimension concept="clinic"/>
	  <dimension concept="sex"/>
      <dimension concept="time:day"/>
      <metric concept="population"/>
	  <table ref="clinics_sex_slice_table"/>
	</slice>
	
	<slice id="clinics_hiv_slice">
	  <dimension concept="clinic"/>
	  <dimension concept="hiv"/>
      <dimension concept="time:day"/>
      <metric concept="population"/>
	  <table ref="clinics_hiv_slice_table"/>
	</slice>
	
	<slice id="clinics_status_slice">
	  <dimension concept="clinic"/>
	  <dimension concept="status"/>
      <dimension concept="time:day"/>
      <metric concept="population"/>
	  <table ref="clinics_status_slice_table"/>
	</slice>
	
	<slice id="clinics_hiv_status_slice">
	  <dimension concept="clinic"/>
	  <dimension concept="hiv"/>
	  <dimension concept="status"/>
      <dimension concept="time:day"/>
      <metric concept="population"/>
	  <table ref="clinics_hiv_status_slice_table"/>
	</slice>
	
	<slice id="clinics_sex_status_slice">
	  <dimension concept="clinic"/>
	  <dimension concept="sex"/>
	  <dimension concept="status"/>
      <dimension concept="time:day"/>
      <metric concept="population"/>
	  <table ref="clinics_sex_status_slice_table"/>
	</slice>
	
	<slice id="clinics_sex_hiv_slice">
	  <dimension concept="clinic"/>
	  <dimension concept="sex"/>
	  <dimension concept="hiv"/>
      <dimension concept="time:day"/>
      <metric concept="population"/>
	  <table ref="clinics_sex_hiv_slice_table"/>
	</slice>
	
	<slice id="clinics_sex_hiv_status_slice">
	  <dimension concept="clinic"/>
	  <dimension concept="sex"/>
	  <dimension concept="hiv"/>
	  <dimension concept="status"/>
      <dimension concept="time:day"/>
      <metric concept="population"/>
	  <table ref="clinics_sex_hiv_status_slice_table"/>
	</slice>
	
	<!-- DEPARTMENT SLICES -->
    <slice id="departments_slice">
      <dimension concept="department"/>
	  <dimension concept="time:day"/>
      <metric concept="population"/>
      <metric concept="encounters"/>
      <table ref="departments_slice_table"/>
    </slice>
	
    <slice id="departments_sex_slice">
      <dimension concept="department"/>
	  <dimension concept="time:day"/>
	  <dimension concept="sex"/>
      <metric concept="population"/>
      <table ref="departments_sex_slice_table"/>
    </slice>
	
    <slice id="departments_hiv_slice">
      <dimension concept="department"/>
	  <dimension concept="time:day"/>
	  <dimension concept="hiv"/>
      <metric concept="population"/>
      <table ref="departments_hiv_slice_table"/>
    </slice>
	
    <slice id="departments_status_slice">
      <dimension concept="department"/>
	  <dimension concept="time:day"/>
	  <dimension concept="status"/>
      <metric concept="population"/>
      <table ref="departments_status_slice_table"/>
    </slice>
	
    <slice id="departments_sex_hiv_slice">
      <dimension concept="department"/>
	  <dimension concept="time:day"/>
	  <dimension concept="sex"/>
	  <dimension concept="hiv"/>
      <metric concept="population"/>
      <table ref="departments_sex_hiv_slice_table"/>
    </slice>
	
    <slice id="departments_hiv_status_slice">
      <dimension concept="department"/>
	  <dimension concept="time:day"/>
	  <dimension concept="hiv"/>
	  <dimension concept="status"/>
      <metric concept="population"/>
      <table ref="departments_hiv_status_slice_table"/>
    </slice>
	
    <slice id="departments_sex_status_slice">
      <dimension concept="department"/>
	  <dimension concept="time:day"/>
	  <dimension concept="sex"/>
	  <dimension concept="status"/>
      <metric concept="population"/>
      <table ref="departments_sex_status_slice_table"/>
    </slice>
	
    <slice id="departments_sex_hiv_status_slice">
      <dimension concept="department"/>
	  <dimension concept="time:day"/>
	  <dimension concept="sex"/>
	  <dimension concept="hiv"/>
	  <dimension concept="status"/>
      <metric concept="population"/>
      <table ref="departments_sex_hiv_status_slice_table"/>
    </slice>
	
    <slice id="national_slice">
	  <dimension concept="time:day"/>
      <metric concept="population"/>
      <metric concept="encounters"/>
      <table ref="national_slice_table"/>
    </slice>
	
    <slice id="national_sex_slice">
	  <dimension concept="time:day"/>
	  <dimension concept="sex"/>
      <metric concept="population"/>
      <table ref="national_sex_slice_table"/>
    </slice>
	
    <slice id="national_hiv_slice">
	  <dimension concept="time:day"/>
	  <dimension concept="hiv"/>
      <metric concept="population"/>
      <table ref="national_hiv_slice_table"/>
    </slice>
	
    <slice id="national_status_slice">
	  <dimension concept="time:day"/>
	  <dimension concept="status"/>
      <metric concept="population"/>
      <table ref="national_status_slice_table"/>
    </slice>
	
    <slice id="national_sex_status_slice">
	  <dimension concept="time:day"/>
	  <dimension concept="sex"/>
	  <dimension concept="status"/>
      <metric concept="population"/>
      <table ref="national_sex_status_slice_table"/>
    </slice>
	
    <slice id="national_sex_hiv_slice">
	  <dimension concept="time:day"/>
	   <dimension concept="sex"/>
	  <dimension concept="hiv"/>
      <metric concept="population"/>
      <table ref="national_sex_hiv_slice_table"/>
    </slice>
	
    <slice id="national_hiv_status_slice">
	  <dimension concept="time:day"/>
	  <dimension concept="hiv"/>
	  <dimension concept="status"/>
      <metric concept="population"/>
      <table ref="national_hiv_status_slice_table"/>
    </slice>

    <slice id="national_sex_hiv_status_slice">
	  <dimension concept="time:day"/>
	  <dimension concept="sex"/>
	  <dimension concept="hiv"/>
	  <dimension concept="status"/>
      <metric concept="population"/>
      <table ref="national_sex_hiv_status_slice_table"/>
    </slice>
	
    <slice id="clinics_encounter_slice">
	  <dimension concept="clinic"/>
	  <dimension concept="encounter"/>
      <dimension concept="time:day"/>
      <metric concept="encounters"/>
      <table ref="clinics_encounter_slice_table"/>
    </slice>
	
    <slice id="departments_encounter_slice">
	  <dimension concept="department"/>
	  <dimension concept="encounter"/>
      <dimension concept="time:day"/>
      <metric concept="encounters"/>
      <table ref="departments_encounter_slice_table"/>
    </slice>
	
    <slice id="national_encounter_slice">
	  <dimension concept="encounter"/>
      <dimension concept="time:day"/>
      <metric concept="encounters"/>
      <table ref="national_encounter_slice_table"/>
    </slice>
	
  </slices>
  
  <!--======================================================== TABLES ========================================================-->
  <tables>
	
	<!-- CLINIC TABLES -->
	<table id="clinics_slice_table">
	  <column id="clinic" type="string"/>
      <column id="day" type="date" format="yyyy-MM-dd"/>
      <column id="population" type="integer"/>
      <column id="encounters" type="integer"/>
	  <data>
		<file format="csv" encoding="utf-8">clinics_slice.csv</file>
	  </data>
	</table>
	
	<table id="clinics_sex_slice_table">
	  <column id="clinic" type="string"/>
	  <column id="sex" type="string"/>
      <column id="day" type="date" format="yyyy-MM-dd"/>
      <column id="population" type="integer"/>
	  <data>
		<file format="csv" encoding="utf-8">clinics_sex_slice.csv</file>
	  </data>
	</table>
	
	<table id="clinics_hiv_slice_table">
	  <column id="clinic" type="string"/>
	  <column id="hiv" type="string"/>
      <column id="day" type="date" format="yyyy-MM-dd"/>
      <column id="population" type="integer"/>
	  <data>
		<file format="csv" encoding="utf-8">clinics_hiv_slice.csv</file>
	  </data>
	</table>
	
	<table id="clinics_status_slice_table">
	  <column id="clinic" type="string"/>
	  <column id="status" type="string"/>
      <column id="day" type="date" format="yyyy-MM-dd"/>
      <column id="population" type="integer"/>
	  <data>
		<file format="csv" encoding="utf-8">clinics_status_slice.csv</file>
	  </data>
	</table>
	
	<table id="clinics_hiv_status_slice_table">
	  <column id="clinic" type="string"/>
	  <column id="hiv" type="string"/>
	  <column id="status" type="string"/>
      <column id="day" type="date" format="yyyy-MM-dd"/>
      <column id="population" type="integer"/>
	  <data>
		<file format="csv" encoding="utf-8">clinics_hiv_status_slice.csv</file>
	  </data>
	</table>
	
	<table id="clinics_sex_status_slice_table">
	  <column id="clinic" type="string"/>
	  <column id="sex" type="string"/>
	  <column id="status" type="string"/>
      <column id="day" type="date" format="yyyy-MM-dd"/>
      <column id="population" type="integer"/>
	  <data>
		<file format="csv" encoding="utf-8">clinics_sex_status_slice.csv</file>
	  </data>
	</table>
	
	<table id="clinics_sex_hiv_slice_table">
	  <column id="clinic" type="string"/>
	  <column id="sex" type="string"/>
	  <column id="hiv" type="string"/>
      <column id="day" type="date" format="yyyy-MM-dd"/>
      <column id="population" type="integer"/>
	  <data>
		<file format="csv" encoding="utf-8">clinics_sex_hiv_slice.csv</file>
	  </data>
	</table>
	
	<table id="clinics_sex_hiv_status_slice_table">
	  <column id="clinic" type="string"/>
	  <column id="sex" type="string"/>
	  <column id="hiv" type="string"/>
	  <column id="status" type="string"/>
      <column id="day" type="date" format="yyyy-MM-dd"/>
      <column id="population" type="integer"/>
	  <data>
		<file format="csv" encoding="utf-8">clinics_sex_hiv_status_slice.csv</file>
	  </data>
	</table>
	
	
	<!-- DEPARTMENT TABLES -->
    <table id="departments_slice_table">
      <column id="department" type="string"/>
	  <column id="day" type="date" format="yyyy-MM-dd"/>
      <column id="population" type="integer"/>
      <column id="encounters" type="integer"/>
      <data>
        <file format="csv" encoding="utf-8">departments_slice.csv</file>
      </data>
    </table>
	
    <table id="departments_sex_slice_table">
      <column id="department" type="string"/>
	  <column id="sex" type="string"/>
	  <column id="day" type="date" format="yyyy-MM-dd"/>
      <column id="population" type="integer"/>
      <data>
        <file format="csv" encoding="utf-8">departments_sex_slice.csv</file>
      </data>
    </table>
	
    <table id="departments_hiv_slice_table">
      <column id="department" type="string"/>
	  <column id="hiv" type="string"/>
	  <column id="day" type="date" format="yyyy-MM-dd"/>
      <column id="population" type="integer"/>
      <data>
        <file format="csv" encoding="utf-8">departments_hiv_slice.csv</file>
      </data>
    </table>
	
    <table id="departments_status_slice_table">
      <column id="department" type="string"/>
	  <column id="status" type="string"/>
	  <column id="day" type="date" format="yyyy-MM-dd"/>
      <column id="population" type="integer"/>
      <data>
        <file format="csv" encoding="utf-8">departments_status_slice.csv</file>
      </data>
    </table>
	
	<table id="departments_sex_hiv_slice_table">
      <column id="department" type="string"/>
	  <column id="sex" type="string"/>
	  <column id="hiv" type="string"/>
	  <column id="day" type="date" format="yyyy-MM-dd"/>
      <column id="population" type="integer"/>
      <data>
        <file format="csv" encoding="utf-8">departments_sex_hiv_slice.csv</file>
      </data>
    </table>
	
	<table id="departments_hiv_status_slice_table">
      <column id="department" type="string"/>
	  <column id="hiv" type="string"/>
	  <column id="status" type="string"/>
	  <column id="day" type="date" format="yyyy-MM-dd"/>
      <column id="population" type="integer"/>
      <data>
        <file format="csv" encoding="utf-8">departments_hiv_status_slice.csv</file>
      </data>
    </table>
	
	<table id="departments_sex_status_slice_table">
      <column id="department" type="string"/>
	  <column id="sex" type="string"/>
	  <column id="status" type="string"/>
	  <column id="day" type="date" format="yyyy-MM-dd"/>
      <column id="population" type="integer"/>
      <data>
        <file format="csv" encoding="utf-8">departments_sex_status_slice.csv</file>
      </data>
    </table>

	<table id="departments_sex_hiv_status_slice_table">
      <column id="department" type="string"/>
	  <column id="sex" type="string"/>
	  <column id="hiv" type="string"/>
	  <column id="status" type="string"/>
	  <column id="day" type="date" format="yyyy-MM-dd"/>
      <column id="population" type="integer"/>
      <data>
        <file format="csv" encoding="utf-8">departments_sex_hiv_status_slice.csv</file>
      </data>
    </table>
	
    <table id="national_slice_table">
	  <column id="day" type="date" format="yyyy-MM-dd"/>
      <column id="population" type="integer"/>
      <column id="encounters" type="integer"/>
      <data>
        <file format="csv" encoding="utf-8">national_slice.csv</file>
      </data>
    </table>

    <table id="national_sex_slice_table">
	  <column id="sex" type="string"/>
	  <column id="day" type="date" format="yyyy-MM-dd"/>
      <column id="population" type="integer"/>
      <data>
        <file format="csv" encoding="utf-8">national_sex_slice.csv</file>
      </data>
    </table>
	
    <table id="national_hiv_slice_table">
	  <column id="hiv" type="string"/>
	  <column id="day" type="date" format="yyyy-MM-dd"/>
      <column id="population" type="integer"/>
      <data>
        <file format="csv" encoding="utf-8">national_hiv_slice.csv</file>
      </data>
    </table>
	
    <table id="national_status_slice_table">
	  <column id="status" type="string"/>
	  <column id="day" type="date" format="yyyy-MM-dd"/>
      <column id="population" type="integer"/>
      <data>
        <file format="csv" encoding="utf-8">national_status_slice.csv</file>
      </data>
    </table>
	
    <table id="national_sex_status_slice_table">
	  <column id="sex" type="string"/>
	  <column id="status" type="string"/>
	  <column id="day" type="date" format="yyyy-MM-dd"/>
      <column id="population" type="integer"/>
      <data>
        <file format="csv" encoding="utf-8">national_sex_status_slice.csv</file>
      </data>
    </table>
	
    <table id="national_sex_hiv_slice_table">
	  <column id="sex" type="string"/>
	  <column id="hiv" type="string"/>
	  <column id="day" type="date" format="yyyy-MM-dd"/>
      <column id="population" type="integer"/>
      <data>
        <file format="csv" encoding="utf-8">national_sex_hiv_slice.csv</file>
      </data>
    </table>
	
    <table id="national_hiv_status_slice_table">
	  <column id="hiv" type="string"/>
	  <column id="status" type="string"/>
	  <column id="day" type="date" format="yyyy-MM-dd"/>
      <column id="population" type="integer"/>
      <data>
        <file format="csv" encoding="utf-8">national_hiv_status_slice.csv</file>
      </data>
    </table>
	
	<table id="national_sex_hiv_status_slice_table">
	  <column id="sex" type="string"/>
	  <column id="hiv" type="string"/>
	  <column id="status" type="string"/>
	  <column id="day" type="date" format="yyyy-MM-dd"/>
      <column id="population" type="integer"/>
      <data>
        <file format="csv" encoding="utf-8">national_sex_hiv_status_slice.csv</file>
      </data>
    </table>
	
    <table id="sex_table">
      <column id="sex" type="string"/>
      <column id="name" type="string"/>
      <data>
        <file format="csv" encoding="utf-8">sex.csv</file>
      </data>
    </table>

	<table id="hiv_table">
      <column id="hiv" type="string"/>
      <column id="name" type="string"/>
      <data>
        <file format="csv" encoding="utf-8">hiv.csv</file>
      </data>
    </table>

	<table id="status_table">
      <column id="status" type="string"/>
      <column id="name_en" type="string"/>
      <column id="name_fr" type="string"/>
      <data>
        <file format="csv" encoding="utf-8">status.csv</file>
      </data>
    </table>
	
	<table id="encounter_table">
      <column id="encounter" type="string"/>
      <column id="name_en" type="string"/>
      <column id="name_fr" type="string"/>
      <data>
        <file format="csv" encoding="utf-8">encounter.csv</file>
      </data>
    </table>
	
	<table id="clinics_encounter_slice_table">
      <column id="clinic" type="string"/>
      <column id="encounter" type="string"/>
	  <column id="day" type="date" format="yyyy-MM-dd"/>
      <column id="encounters" type="integer"/>
      <data>
        <file format="csv" encoding="utf-8">clinics_encounter_slice.csv</file>
      </data>
    </table>
	
	<table id="departments_encounter_slice_table">
      <column id="department" type="string"/>
      <column id="encounter" type="string"/>
	  <column id="day" type="date" format="yyyy-MM-dd"/>
      <column id="encounters" type="integer"/>
      <data>
        <file format="csv" encoding="utf-8">departments_encounter_slice.csv</file>
      </data>
    </table>
	
	<table id="national_encounter_slice_table">
      <column id="encounter" type="string"/>
	  <column id="day" type="date" format="yyyy-MM-dd"/>
      <column id="encounters" type="integer"/>
      <data>
        <file format="csv" encoding="utf-8">national_encounter_slice.csv</file>
      </data>
    </table>
	
    <table id="clinics_table">
      <column id="clinic" type="string"/>
      <column id="name" type="string"/>
	  <column id="department" type="string"/>
	  <column id="network" type="string"/>
      <column id="latitude" type="float"/>
      <column id="longitude" type="float"/>
      <data>
        <file format="csv" encoding="utf-8">clinics.csv</file>
      </data>
    </table>
	
    <table id="networks_table">
      <column id="network" type="string"/>
      <column id="name" type="string"/>
      <data>
        <file format="csv" encoding="utf-8">networks.csv</file>
      </data>
    </table>
	
    <table id="departments_table">
      <column id="department" type="string"/>
      <column id="name" type="string"/>
      <data>
        <file format="csv" encoding="utf-8">departments.csv</file>
      </data>
    </table>
  </tables>

</dspl>
